Title,Bedrooms,Bathrooms,Floor_no,Occupancy_status,Floor_area,City,Price_in_taka,Location
An Apartment Which Is Up For Sale At Firingee Bazaar Near To Firingee Bazaar Masjid,3.0675087499644182,3.8931007486649056,4,vacant,1783.6678304819393,chattogram,"৳5,000,000","Kobi Kazi Nazrul Islam Road, 33 No. Firingee Bazaar Ward"
Find 1200 Sq Ft Flat Available For Sale In Paikpara,2.7695960231315597,3.040836988681187,6,vacant,1627.4627259231047,dhaka,"৳5,500,000","Ahmed Nagar, Mirpur"
This Apartment Is Now Vacant For Sale In Momin Bagh R/A.,3.166259213887928,3.1628342805979193,,,796.1192159661023,chattogram,"৳4,500,000","Ali Nagar, Bayazid"
3 Katha Plot is now available for sale in Ashulia,3.208378041412643,3.0308248895382883,,,1540.6620874912987,dhaka,"৳4,000,000","Ashulia, Savar"
1100 Sq Ft Residential Apartment For Sale In Mirpur 10,2.567756599568495,3.0550719464529763,2,vacant,3594.816314224296,dhaka,"৳6,700,000","Section 10, Mirpur"
An Adequate 1145 Sq Ft Residential Apartment Is Up For Sale In The Center Of Bakalia .,2.7115077671117014,3.0017158705159144,7,vacant,561.1478563605375,chattogram,"৳5,700,000","6 No East Sholoshohor Ward, Bakalia"
"Buy This Nice Flat Of 900 Sq Ft, Which Is Located At West Monipur Near Jame Mosjid",3.0283224879279027,2.8995736602833397,1,vacant,2768.749317269287,dhaka,"৳4,320,000","West Monipur, Mirpur"
Flat For Sale Covering A Beautiful Area In Shahjadpur Nearby University Of Information Technology And Sciences,3.9299378226129384,3.9520431854986735,7,vacant,2055.0215091832333,dhaka,"৳15,750,000","Shahjadpur, Badda"
"1050 Sq Ft Flat For Sale In Radio Colony, Savar",2.996277776283548,2.88142260273601,6,vacant,1381.5525038977644,dhaka,"৳3,360,000","Radio Colony, Savar"
Choose Your Destination At 1080 Sq Ft Flat Which Is Available For Sale In Thakur Para Near To Modina Jame Masjid,2.8110118104910966,2.8748866377300413,6,vacant,2738.506875973362,cumilla,"৳4,100,000","Thakur Para Road, Thakur Para"
"Decor Your 86 Sq. Ft. Shop In Korbanganj, Is Up For Sale",3.194826814604793,3.039308490080674,1,vacant,939.3730721986303,chattogram,"৳1,050,000","Korbanigonj, Kotwali"
"Grab A 900 Sq Ft Flat For Sale At Shamoly, 24 No. North Agrabad Ward",3.1723164363990666,2.8901044198389068,6,vacant,1642.157915558755,chattogram,"৳5,300,000","24 No. North Agrabad Ward, Double Mooring"
"In Bproperty Village , A Standard Residential Plot Is For Sale",3.0146288152118963,3.0312662583505983,,vacant,67.04208139150956,narayanganj-city,"৳4,575,000","Rupganj, Narayanganj"
This Shop Area Of 110 Sq Ft Is Perfect Enough For Your Next Business Venture In 9 No. North Pahartali Ward,3.249735409817268,2.872625203748835,2,vacant,2164.9202689621484,chattogram,"৳3,850,000","Dhaka Trunk Road, 9 No. North Pahartali Ward"
A 1200 Square Feet-3 Bedroom Residential Apartment For Sale At 33 No. Firingee Bazaar Ward.,3.103574671027819,3.0289991296705074,1,vacant,12.729870424632736,chattogram,"৳6,000,000","Yakub Nagar Road, 33 No. Firingee Bazaar Ward"
"Let Us Assists You To Buy This 1607 Sq Ft Flat In 16 No. Chawk Bazaar Ward, Percival Hill Road",2.809627474541817,2.952185623928486,5,vacant,1313.3266180338355,chattogram,"৳13,000,000","Chawk Bazar, 16 No. Chawk Bazaar Ward"
"An Apartment Is Ready For Sale At Mohammadpur, Near Dhaka Uddyan Government College.",2.081695139970068,2.1376280808556998,,,1264.6747300416068,dhaka,"৳5,700,000","Dhaka Uddan, Mohammadpur"
"Buy This 2000 Sq Ft Apartment In Khulshi, Zakir Hossain Road",2.7875637105843767,3.031673765339164,6,vacant,2717.92806397742,chattogram,"৳13,000,000","Zakir Hossain Road, Khulshi"
Pleasant 1410 Sq Ft Residential Apartment For Sale In Shantinagar,3.194616861630836,3.1209132302667504,4,vacant,402.7178224135133,dhaka,"৳13,800,000","Vashani Goli, Shantinagar"
"This 1370 Sq Ft Apartment Up For Sale In Muradpur, Near Sunshine Grammar School &amp; College",2.9889391305396042,2.926064937505276,7,vacant,905.2863322907301,chattogram,"৳13,200,000","Nasirabad Housing Society, Muradpur"
A worthwhile 1250 SQ FT residential home is ready for sale at Double Mooring,3.959044543586248,4.005493256675887,5,vacant,1765.080471795614,chattogram,"৳5,500,000","25 No. Rampur Ward, Double Mooring"
Grab This 240 Sq Ft Shop For Sale At Bakalia,3.8491430070359147,3.904007072655255,3,vacant,3762.193603384294,chattogram,"৳5,520,000","Dewan Bazar, Bakalia"
115 Sq Ft Commercial Shop For Sale At 9 No. North Pahartali Ward,,,1,vacant,3775.7761152016724,chattogram,"৳4,025,000","Dhaka Trunk Road, 9 No. North Pahartali Ward"
"125 Sq Ft Commercial Shop For Sale At 9 No. North Pahartali Ward, With Efficient Commercial Amenities",2.96576466217279,2.9743548252542777,,vacant,2692.0328987805456,chattogram,"৳3,750,000","Dhaka Trunk Road, 9 No. North Pahartali Ward"
See This Office Space For Sale Located In CDA Avenue Near To Bangladesh Mahila Samity Girls&#039; High School and College,2.9051058251394504,1.9289795459408632,5,vacant,1362.6337665539215,chattogram,"৳20,000,000","CDA Avenue, East Nasirabad"
Property In Aftab Nagar– 1500 Sq Ft Flat For Sale,1.9219863362002862,1.8810710377245856,5,vacant,479.47230804336147,dhaka,"৳11,000,000","Block H, Aftab Nagar"
1365 Sq Ft Flat Is Up For Sale In Mirpur-10,3.117930795806537,3.8616966243748903,9,vacant,1647.5017823553997,dhaka,"৳7,507,500","Section 10, Mirpur"
"150 Sq Ft Delightful Shop For Sale In 9 No. North Pahartali Ward, Dhaka Trunk Road",2.0809625505305354,1.77107103174468,4,vacant,1034.7920588980835,chattogram,"৳3,000,000","Dhaka Trunk Road, 9 No. North Pahartali Ward"
"At Bagmoniram, A Ready Flat Is Up For Sale Close To Jame Masjid",3.091439123467741,2.8966434444859512,,,1023.6575371138977,chattogram,"৳15,500,000","Hillview Residential Area, 15 No. Bagmoniram Ward"
"A Nicely Constructed Apartment Of 2150 Sq Ft Is Available Right Now For Sale In Zakir Hossain Road, Khulshi",3.095446528284262,3.0613961517426693,4,vacant,33.46102522638557,chattogram,"৳13,000,000","Zakir Hossain Road, Khulshi"
"We are presenting this 2,900 sq ft office for sale which is located in Eskaton",3.4744727552376644,2.8435974294691095,4,vacant,2125.3803401626783,dhaka,"৳101,500,000","New Eskaton Road, Eskaton"
This 1700 Sq Ft Apartment Is Up For Sale At Halishahar,2.909960512403818,2.866138175499884,2,vacant,925.7795325926376,chattogram,"৳12,000,000","26 No. North Halishahar Ward, Halishahar"
2200 Sq Ft Flat Is Now For Sale Which Is In Bashundhara R-a,2.8865148407636028,3.1752276492541687,2,vacant,1061.5530833288694,dhaka,"৳16,500,000","Block I, Bashundhara R-A"
"3500 Sq.ft Apartment For sale in South Khulshi, Nearby South Khulshi Jame Moshjid.",1.819712174705069,1.9377230467621114,1,vacant,938.6686010592277,chattogram,"৳29,000,000","South Khulshi, Khulshi"
"This 1008 Sq.Ft Convenient Flat Is For Sale In Shadheenata Sharani, Mirpur 10.",3.136467574628203,3.0314122409789284,5,vacant,1953.9322991643437,dhaka,"৳4,838,400","Section 10, Mirpur"
"A 2300 Square Ft. Residential Apartment For Sale At Bashundhara R-A, Block J.",3.250118924372313,2.0628465092690553,1,vacant,1197.0690727409801,dhaka,"৳15,000,000","Block J, Bashundhara R-A"
Check This Fine Looking Flat Of 1150 Sq Ft Offered For Sale At Sarai Para,2.9747554340107767,3.064823825400181,4,vacant,1573.819738674245,chattogram,"৳4,600,000","12 No. Sarai Para Ward, Double Mooring"
"156 Sq Ft Perfect Shop For Sale In 9 No. North Pahartali Ward, Dhaka Trunk Road",2.813866969386953,2.851051562416526,4,vacant,829.7124732240403,chattogram,"৳3,120,000","Dhaka Trunk Road, 9 No. North Pahartali Ward"
Get This 5 Katha Wonderful Plot In Purbachal Marine City Which Is Ready For Sale,2.817339755666748,2.9773923296402347,,vacant,1547.926040879756,narayanganj-city,"৳6,500,000","Rupganj, Narayanganj"
10500 Sq Ft Abundant Commercial Space For Sale In Double Mooring,3.1441360158652967,2.841667102229308,6,vacant,1013.907140202752,chattogram,"৳147,000,000","Sheikh Mujib Road, Double Mooring"
"We Are Happy To Presents This 129 Sq Ft Fitted Shop Located In Kazirhat, Mohara For Sale",,,,vacant,16740.600021412647,chattogram,"৳3,225,000","Mohara, 4 No Chandgaon Ward"
"2 Bedroom, 2 Bathroom Apartment With A View Is Up For Sale In Cosmopolitan R/A",3.120333476944161,2.8439519424181117,3,vacant,914.3779872595725,chattogram,"৳6,720,000","Cosmopolitan R/A, 7 No. West Sholoshohor Ward"
"1545 Sq Ft Flat With 3 Modest Bedrooms For Sale In Mirpur-2, Block C",2.852559205199615,2.8974757245910756,5,vacant,1358.4152219938069,dhaka,"৳14,000,000","Section 2, Mirpur"
Visit This Apartment For Sale In Patharghata Near St. Placid&#039;s School and College.,2.0514343361486347,1.8981840487592634,7,vacant,1387.927450855853,chattogram,"৳7,200,000","Patharghata, Kotwali"
"5 Katha Plot For Sale In Bproperty Village, Rupganj",2.025851235907175,1.8535616135495447,,vacant,694.5503585402445,narayanganj-city,"৳7,625,000","Rupganj, Narayanganj"
A Commercial Building Is Up For Sale Which Is Located In Mirpur Nearby Mirpur Adhunik Hospital,,,6,vacant,1311.9317238991275,dhaka,"৳120,000,000","Section 12, Mirpur"
Shop for sale in Chandgaon nearby EBL,3.1930612735253066,5.237020598467131,,vacant,3122.339127936938,chattogram,"৳2,750,000","Mohara, 4 No Chandgaon Ward"
A Decent 1050 Sq Ft Flat Which Is Near To Dutch-bangla Bank Limited Is Now For Sale In Jhautola,3.0495366259336416,2.953451076933687,4,vacant,835.1562800797311,cumilla,"৳4,200,000","Shahid Khawaja Nizamuddin Road, Jhautola"
800 Sq.ft Apartment Is Available For Sale In South Chalabon Near Chalaban Water Pump Which Is Tailored To Your Highest Standards,3.150410361026723,2.8708052774406694,7,vacant,1506.0187059449415,dhaka,"৳3,800,000","South Chalabon, Dakshin Khan"
"241 Sq Ft Shop Is Up For Sale In New Baily Road, Shiddheswari",3.0149718503099012,2.7811315487126533,2,vacant,1258.8769075985792,dhaka,"৳4,500,000","New Baily Road, Shiddheswari"
This 1450 Sq Ft Apartment Is Assuring You A Nice Environment To Reside By In North Bagichagaon,16.06405315124362,9.976115567014146,6,vacant,5761.237460046153,cumilla,"৳5,510,000","North Bagichagaon, Bagichagaon"
An Apartment Of 800 Sq.ft Is Up For Sale In Monsurabad Near Hajrat Khaja Mansur Ali Shah (r) Mazar,2.1398591737225896,1.9690457235846046,3,vacant,785.6808995625779,chattogram,"৳3,700,000","24 No. North Agrabad Ward, Double Mooring"
Find 1250 SQ FT flat available for sale in Bashundhara R-A,2.677173435827394,2.9362749565923956,2,vacant,1228.6833190821444,dhaka,"৳11,500,000","Block C, Bashundhara R-A"
Grab A 1275 Sq Ft Residence For Sale At Lal Khan Bazaar,2.9291782258044803,3.021660112962508,8,vacant,1258.4553845474732,chattogram,"৳7,393,750","Hill Side Residential Area, Lal Khan Bazaar"
"A well-constructed 2100 SQ FT flat is for sale in Bashundhara R-A, Block J",2.895790974584219,3.038665093588337,3,vacant,602.6585616905379,dhaka,"৳15,750,000","Block J, Bashundhara R-A"
Buy This 2687 Square Feet Flat In The Nice Area Of Banani,,,4,vacant,2540.490291091699,dhaka,"৳47,500,000","Road No 25, Banani"
1400 Sq Ft Ready Apartment To Sale In Bakalia,1.9390434252727862,1.9690692599371062,5,vacant,917.4571894277552,chattogram,"৳7,700,000","Dewan Bazar, Bakalia"
A 2000 Sq Ft Flat Is Up For Sale In A Well Secured Location Of Bashundhara R-a,2.3311977762222393,1.8922135476212465,5,vacant,1209.6462632586336,dhaka,"৳22,000,000","Block B, Bashundhara R-A"
"Reside conveniently in this well constructed 950 SQ FT flat for sale in Dakshin Khan, near Farid Market",2.8081788643161922,4.065147390476709,,,1238.3742657006233,dhaka,"৳4,500,000","Madhya Ajampur, Dakshin Khan"
"Get Comfortable In A 930 Sq Ft Nice Flat For Sale In Middle Monipur, Mirpur",2.2145178779894894,3.0012243890759582,7,vacant,734.2576568538605,dhaka,"৳5,500,000","Middle Monipur, Mirpur"
3 Katha Plot is now for sale in Bproperty Village,3.6271674868824384,4.086919942466012,,vacant,2369.598748643785,narayanganj-city,"৳4,575,000","Rupganj, Narayanganj"
1400 Sq Ft Flat For Sale In Merul Badda,1.9258076712524428,2.0773036974237495,4,vacant,-133.76998845602634,dhaka,"৳8,500,000","Merul Badda, Badda"
Well Planned 1348 Sq Ft Flat For Sale In Aftab Nagar,4.036057237050746,3.8608899302508473,1,vacant,1903.2270169595706,dhaka,"৳11,200,000","Block H, Aftab Nagar"
"A 3 katha Residential Plot Is For Sale At Rupganj , Bproperty Village.",3.129875019881344,2.8596707876382377,,vacant,1347.7810655610824,narayanganj-city,"৳4,575,000","Rupganj, Narayanganj"
This Is 1462 Sq Ft Apartment Is Set For Sale At 10 No. North Kattali Ward,3.157569170005102,1.926075308681739,6,vacant,1925.8343713258578,chattogram,"৳9,500,000","CDA R/A, 10 No. North Kattali Ward"
Acquire This 130 Sq.Ft Shop Which Is Up For Sale In Chandgaon Near Chattogram International Medical College &amp; Hospital,2.1757626457277555,1.8966513752055492,1,vacant,318.9975211456531,chattogram,"৳2,340,000","Chand Mia Road, 4 No Chandgaon Ward"
Commercial Shop Of 200 Sq Ft Shop Is Up For Sale At Bakalia,2.9227414697997376,3.073896420168687,2,vacant,1272.27333099894,chattogram,"৳4,800,000","Dewan Bazar, Bakalia"
Reasonable 1265 Sq Ft Flat Is Available For Sale In Dakkhin Paikpara Sarak,2.8975679617573555,3.034373341780728,2,vacant,1008.6966324192734,dhaka,"৳8,800,000","Dakkhin Paikpara, Mirpur"
"650 Sq. Ft. Flat Is Now Up For Sale Located In Mirpur, Block C",2.1900808424981246,2.1075479261766406,1,vacant,1869.1133013378335,dhaka,"৳3,500,000","Section 12, Mirpur"
2700 Square Feet Apartment For Sale In Gulshan 1,,,3,vacant,1316.1881989763817,dhaka,"৳55,000,000","Gulshan 1, Gulshan"
Modern Home For Residents | 1305 Sq Ft Flat In South Khulsi For Sale,1.7173772172381965,2.0204149896241,3,vacant,1078.781266876851,chattogram,"৳11,000,000","South Khulshi, Khulshi"
Attention ! A 1226 Sq.ft Kadamtali Apartment Is Up For Sale Close To Baitul Jannat Jame Masjid,2.7489251234959022,3.117385670258926,3,vacant,1834.514714201402,chattogram,"৳4,904,000","23 No. North Pathantooly Ward, Double Mooring"
"Live Pleasantly In This 970 Sq Ft Apartment For Sale In East Kazipara, Mirpur",2.7962993261489704,3.045959731530481,1,vacant,1341.9620865747238,dhaka,"৳4,000,000","East Kazipara, Mirpur"
"5 Katha Plot is now up for sale, in Bproperty Village",3.110143810742403,3.0066632314787767,,vacant,860.4821199519058,narayanganj-city,"৳7,625,000","Rupganj, Narayanganj"
Check This 1145 Sq.Ft Apartment Which Is Up For Sale At Bakalia Near To Abdul Hamid Sawdagar High School.,3.0315538052958324,3.1448525947442603,7,vacant,508.107949305954,chattogram,"৳3,400,000","6 No East Sholoshohor Ward, Bakalia"
This 1400 Sq Ft Apartment Is Ready For Sale At 30 No. East Madarbari Ward,3.1529740412300464,3.0112696920518442,2,vacant,1748.0011373267737,chattogram,"৳7,800,000","Majhirghat Road, 30 No. East Madarbari Ward"
1400 Sq Ft Apartment To Sale In Dewan Bazar Near To Shri Shri Ramthakur O Joy Baba Loknath Kunjo,2.905344025689621,2.970222272981297,1,vacant,940.5019444485255,chattogram,"৳7,700,000","Dewan Bazar, Bakalia"
A 3 Katha Plot Sale In Rupganj Bproperty Village.,3.0351237822735744,2.9180245031827763,,vacant,1536.192972823957,narayanganj-city,"৳4,575,000","Rupganj, Narayanganj"
Tastefully Designed this 1200 SQ FT apartment is now vacant for Sale in Gazipur Sadar Upazila,3.138596843736222,2.0687864184678824,2,vacant,1243.8944460052794,gazipur,"৳3,300,000","Tongi, Gazipur Sadar Upazila"
"Envision Your Living Approaches In This 1240 Sq Ft Apartment Up For Sale In Gazipur, Joydebpur",2.9314656132201007,3.121037261371214,5,vacant,1492.2193777281427,gazipur,"৳4,960,000","Joydebpur, Gazipur Sadar Upazila"
"Residential Plot For Sale At Bproperty Village, Rupganj",3.1011965765983702,1.9950503554040169,,vacant,1284.1261653197112,narayanganj-city,"৳4,575,000","Rupganj, Narayanganj"
9 No. North Pahartali Ward Is Highlighting A 110 Square Feet Standard Shop Space For Sale,2.8533531730927497,3.1279709436698937,2,vacant,991.4706410508502,chattogram,"৳3,850,000","Dhaka Trunk Road, 9 No. North Pahartali Ward"
Covering 1080 Sq Ft Space A Flat Is Up For Sale In Joydebpur Nearby Jannatul Mawa Jame Mosjid,2.919566991876092,2.8072469828315807,6,vacant,982.2518875642863,gazipur,"৳4,320,000","Joydebpur, Gazipur Sadar Upazila"
Take A Look At This 2200 Sq Ft Apartment Ready For Sale In 26 No. North Halishahar Ward,2.9154276220465056,1.9945742519052256,1,vacant,1480.7380172461799,chattogram,"৳12,100,000","26 No. North Halishahar Ward, Halishahar"
A 2146 Sq. Ft Residential Building For Sale Is All Set For You To Settle In Dendabor.,1.735066903054242,1.9960769764921549,,vacant,435.8247850878085,dhaka,"৳10,500,000","Ashulia, Savar"
"A Plot Is Up For Sale In The Beautiful Location Of Bproperty Village, Narayanganj, Rupganj",4.107886645118153,4.928868380965735,,vacant,896.057002488162,narayanganj-city,"৳4,575,000","Rupganj, Narayanganj"
Plot For Sale In A Suitable Place In Bproperty Village,2.896005943470592,3.23324512763813,Merin City - Purbach,vacant,1980.8700024934378,narayanganj-city,"৳4,575,000","Rupganj, Narayanganj"
"A 1450 Sq Ft Flat Is Up For Sale In A Well Secured Location Of Block H, Banasree",4.002768017919747,3.9935234861369,9,vacant,1375.6606634697569,dhaka,"৳11,500,000","Block H, Banasree"
Visit This Apartment For Sale In Chasma Hill R/A Near Hossain Ahmed Chowdhury City Corporation School &amp; College,2.1065073412309654,1.9601062250065633,5,vacant,1081.4457197608679,chattogram,"৳6,520,000","Chasma Hill R/A, 7 No. West Sholoshohor Ward"
Let Us Introduce You To This 1699 Sq Ft Flat For Sale In 9 No. North Pahartali Ward,3.0989270491113152,4.002540222087224,6,vacant,2799.1642912069055,chattogram,"৳8,495,000","West Khulshi R/A, 9 No. North Pahartali Ward"
At Chandgaon R/A Nice Flat Up For Sale Near Chandgaon Post Office,3.147413190582855,2.8040378450610803,4,vacant,1715.0992496448891,chattogram,"৳6,500,000","Bahaddarhat, 4 No Chandgaon Ward"
"Imagine A Spacious Flat That Comes With Your Affordability Yes This 2380 Sq Ft Beautiful Apartment Up For Sale In Bashundhara, Near Playpen School Junior Section Is Definitely That One.",2.978180967229571,2.9256519199687747,1st,vacant,1969.941140172205,dhaka,"৳29,000,000","Block D, Bashundhara R-A"
Offering you 750 SQ FT flat for sale in Uttara 10,2.906220091334629,3.0962035657776243,2,vacant,2217.661901907785,dhaka,"৳6,200,000","Sector 10, Uttara"
Deal With Your Business In A 153 Sq Ft Shop With A Convenient For Sale In Halishahar Area Near To Halishahar Thana,2.982338775456801,2.9384618326104714,1,vacant,3643.4137780031815,chattogram,"৳4,325,000","39 No. South Halishahar Ward, Halishahar"
This 1015 Sq.ft Home In Rajanigandha Residential Area Is Up For Sale In A Wonderful Neighborhood,2.6261783602670885,2.91890001553652,5,vacant,510.08875826937106,dhaka,"৳6,000,000","Section 15, Mirpur"
An Apartment Of 1700 Sq Ft Is Ready For Sale At Uttara,2.6793984959755752,3.128128472829433,7,vacant,2114.0505384289722,dhaka,"৳17,000,000","Sector 7, Uttara"
View This 1186 Sq Ft Ready Apartment For Sale In Bakalia,3.706961626567085,4.131135080374577,8,vacant,2723.5746120290587,chattogram,"৳5,337,000","Dewan Bazar, Bakalia"
"Plot Of 5 Katha Is Up For Sale In Rupganj, Narayanganj, Bproperty Village",2.7790642822134792,3.050584118262618,,vacant,1282.2784028430092,narayanganj-city,"৳7,625,000","Rupganj, Narayanganj"
"At Chandana, A Nice Flat Is Ready To Sale",3.0885682493933087,2.955469761459736,7,vacant,3094.2029507329535,gazipur,"৳4,300,000","Chandana, Gazipur Sadar Upazila"
Ready Flat 2410 Sq Ft Is Now For Sale In Bagmoniram Nearby Shahid Zia Shishu Park,2.799395034910474,2.9765693309053023,4,vacant,1039.6995501436777,chattogram,"৳15,500,000","Chatteshwari Road, 15 No. Bagmoniram Ward"
"1644 Square Feet Residential Apartment For Sale At Al-Madani Road, Sholokbahar .",2.9162197231375258,2.9213192138974104,7,vacant,2546.7799643954922,chattogram,"৳9,864,000","Al-Madani Road, Sholokbahar"
"At Kazirhat, A 1100 Sq Ft Apartment Is Up For Sale",3.287838405292609,2.902667991371156,1,vacant,2578.607429476362,chattogram,"৳4,500,000","Mohara, 4 No Chandgaon Ward"
A 1220 Sq Ft Home Is Available To Sale In West Shewrapara,2.9210712594020034,2.8978107141139824,6,vacant,2069.9461757434933,dhaka,"৳5,000,000","West Shewrapara, Mirpur"
Ready To Move in Dakshin Khan | 1475 SFT 3 bedroom Apt. | Well Maintained,3.163393381646459,2.9395274402739657,9,vacant,1832.9378973052355,dhaka,"৳8,850,000","South Mollartek, Dakshin Khan"
Flat For Sale In Agargaon Close To Agargaon Jame Masjid,2.793161044425405,2.898759354804325,1,vacant,2167.9727372297198,dhaka,"৳8,500,000","West Agargaon, Agargaon"
"In The Location Of Bproperty Village, Narayanganj, A Plot Is Up For Sale",1.9544861983497501,1.847001736195259,,vacant,34.72283492990255,narayanganj-city,"৳4,575,000","Rupganj, Narayanganj"
A Standard Apartment In Mirpur Near To M.A Zabbar Memorial High School Is Up For Sale,2.7895267261771908,3.021467108566957,2,vacant,1552.5302332911156,dhaka,"৳4,000,000","Pirerbag, Mirpur"
850 Sq Ft Flat Is For Sale At Paikpara Near To Baitul Mamur Jame Masjid,2.9248886896360267,3.022953635021928,,,2106.982587416571,dhaka,"৳4,000,000","Ahmed Nagar, Mirpur"
1230 Sq Ft Flat With All The Optimistic Home Approaches Is Up For Sale In Double Mooring,3.186166630339179,3.1664113879563462,7,vacant,1365.0759160262205,chattogram,"৳9,500,000","28 No. Pathantooly Ward, Double Mooring"
"Lovely Apartment Of 2150 Sq Ft Is Up For Sale In Zakir Hossain Road, Khulshi",2.617319637443035,2.934607485273419,5,vacant,1908.5323575010777,chattogram,"৳13,000,000","Zakir Hossain Road, Khulshi"
"1900 Sq Ft Apartment Is Ready For Sale In Adabor, Dhaka Housing Main Road",3.0962446777003887,3.028971495703824,9,vacant,1506.7017031522923,dhaka,"৳12,350,000","Dhaka Housing Main Road, Adabor"
"Your Dream Plot Is Waiting For Sale In Narayanganj, Bproperty Village",3.0526692935900543,3.030596869660133,,vacant,-27.57136056458421,narayanganj-city,"৳4,575,000","Rupganj, Narayanganj"
"Have A Look At This 3 Katha Plot Which Is Up For Sale Located At Rupganj, Bproperty Village",1.8683686492636724,1.9751636637367924,,vacant,535.1876931565388,narayanganj-city,"৳4,575,000","Rupganj, Narayanganj"
Buy This 1425 Sq Ft Ready Apartment In 22 No. Enayet Bazaar Ward,2.6796321420359317,3.072828147340435,6,vacant,731.2952182645272,chattogram,"৳8,550,000","Jubilee Road, 22 No. Enayet Bazaar Ward"
"View This 1000 Sq Ft Desirable Flat For Sale In Gazipur, Chandana",3.0159799802007696,3.0758510784625583,9,vacant,2163.1309923645813,gazipur,"৳4,300,000","Chandana, Gazipur Sadar Upazila"
This 1800 Sq Ft Apartment With 3 Bedrooms Is Up For Sale At South Khulsi,3.8826931823677966,4.032035022794005,,vacant,2779.498276309455,chattogram,"৳8,500,000","South Khulshi, Khulshi"
A 1547 Sq Feet Flat For Sale In Jhautola,4.051548407419996,3.9749873358038834,7,vacant,3997.4453392327055,cumilla,"৳6,190,000","Shahid Khawaja Nizamuddin Road, Jhautola"
Plot Is Of 5 Katha For Sale In Bproperty Village,,,,vacant,5238.2607487697815,narayanganj-city,"৳7,625,000","Rupganj, Narayanganj"
"A 1160 Sq Ft Flat Is Up For Sale In A Well Secured Location Of Section 1, Mirpur",3.3548671796133354,2.8661742745824865,7,vacant,1797.8602728719416,dhaka,"৳8,000,000","Section 1, Mirpur"
1250 Square Feet-3 Bedroom Residential Apartment For Sale Close To East Ahmed Nagar Baitul Ekram Masjid.,2.9469717968527562,1.921146244623949,2,vacant,1530.8578448671683,dhaka,"৳5,250,000","Ahmed Nagar, Mirpur"
"Standard 4 Katha Residential Plot For Sale In Purbachal, Sector 28",1.7732485610117372,1.9391406537575913,,vacant,1029.2073488086244,dhaka,"৳32,000,000","Sector 28, Purbachal"
A 3 Bedroom Residential Apartment For Sale Close To Tongi Government College Masjid.,3.0397177408786265,3.8900267536519464,3,vacant,2081.218853350344,gazipur,"৳4,000,000","Tongi, Gazipur Sadar Upazila"
Well Developed Flat Is Up For Sale In Bashundhara R-A Nearby Playpan School.,2.0487393130152727,2.0430436674480004,5,vacant,2176.20487627128,dhaka,"৳12,500,000","Block I, Bashundhara R-A"
1365 Sq Ft Flat With 3 Bedrooms Is Up For Sale In Mirpur-10,3.301122123661715,2.117082168629051,9,vacant,-69.75459292150344,dhaka,"৳7,507,500","Section 10, Mirpur"
Favorable 1128 SFT 3 Bedroom Flat For Sale In Badda,2.1850152815141017,1.911152061904032,3,vacant,995.9457451934122,dhaka,"৳7,118,000","Uttar Badda, Badda"
This 1430 Sq.Ft Flat In Patharghata Is Up For Sale With A Convenient Price .,3.079063238335957,2.0277328807362704,8,vacant,702.7901455865397,chattogram,"৳7,936,000","Patharghata, Bakalia"
This 1580 SFT Apartment For Sale At Nasirabad Housing Society,3.324188421223918,1.8988190247298073,3,vacant,1253.9342343317253,chattogram,"৳13,500,000","Nasirabad Housing Society, Muradpur"
1050 Square Feet Residential Apartment For Sale At West Kazipara Nearby Baish Bari Masjid,2.7366346912162136,2.9701653705701694,1,vacant,1158.0745149553125,dhaka,"৳6,200,000","West Kazipara, Mirpur"
Meet With A Fascinating Ready Plot For Sale In Purbachal Marine City,2.858265817267081,2.932455789896206,,vacant,1108.967378321303,narayanganj-city,"৳6,500,000","Rupganj, Narayanganj"
Buy This 2687 Square Feet Flat In The Nice Area Of Banani,1.7947211111310166,2.0588915314891403,4,vacant,1479.12360579296,dhaka,"৳47,500,000","Road No 25, Banani"
A Convenient 2252 Sq Ft Residential Flat Is Prepared To Be Sold At 31 No. Alkoron Ward,2.9136393255142465,1.9335850405185087,1,vacant,386.4065359083862,chattogram,"৳11,260,000","Alkaran Road, 31 No. Alkoron Ward"
We Have A 1500 Sq.Ft Flat For Sale In Bagichagaon Nearby Bagichagaon Govt. Primary School,3.6950011433892866,4.098984319371742,6,vacant,2727.732443367935,cumilla,"৳5,700,000","North Bagichagaon, Bagichagaon"
Evaluate This 8000 Sq Ft Full Building Up For Sale At Bayazid,3.140714942833898,2.975957838018654,1,vacant,757.912269735947,chattogram,"৳29,500,000","Oxygen, Bayazid"
Offering You A 1370 Sq Ft Flat For Sale In Uttar Badda,,,2,vacant,21282.905441458355,dhaka,"৳7,800,000","Uttar Badda, Badda"
For Selling Purpose This 1080 Sq.Ft Flat Is Now Available In South Thakur Para Nearby Thakurpara Jame Masjid,2.674149232259343,1.8773723211094906,6,vacant,159.78398585217928,cumilla,"৳3,800,000","South Thakur Para, Thakur Para"
A Lucrative Business Space Is Up For Sale In The Great Location Of Sheikh Mujib Road Near To Dutch-bangla Bank Limited | Fast Track.,2.7750028507834683,3.02477439640206,12,vacant,978.7360571697722,chattogram,"৳33,917,000","Sheikh Mujib Road, Double Mooring"
Offering 1500 Sq Ft Flat For Sale In Niketan,3.0694576357680856,2.087591234205505,1,vacant,955.293449627311,dhaka,"৳25,000,000","Block C, Niketan"
At Chandgong R/A 1650 Sq.ft Apartment For Sale,3.185683313046042,3.0267426877453927,1,vacant,1326.1307837134923,chattogram,"৳9,075,000","Chandgaon Residential Area, 4 No Chandgaon Ward"
"Dwell In This 1350 Sq Ft Flat Up For Sale In Mohammadpur, Katashur",3.442367085632621,3.219054957261771,9,vacant,1776.4373470484782,dhaka,"৳9,000,000","Katashur, Mohammadpur"
"Be Content With Your Amazing Home Taste Through Buying This 1225 Sq Ft Flat In Mirpur, West Shewrapara",8.645553615855468,4.139895300746719,3,vacant,2110.1513961956716,dhaka,"৳5,512,500","West Shewrapara, Mirpur"
Visit This Apartment For Sale In Bonomala Near Bonmala Government Primary School.,3.091810616052344,1.9699104303519246,,,1540.2367413161537,gazipur,"৳3,357,750","Tongi, Gazipur Sadar Upazila"
Settle Down In This 2150 Square Feet Flat Available For Sale In Bashundhara,1.7807721130061789,1.9688831067713768,7,vacant,932.4839872979832,dhaka,"৳18,875,000","Block J, Bashundhara R-A"
"Built With Modern Amenities, Check This 1300 Sq Ft Flat Which Is Up For Sale At Joydebpur Road, Gazipur Sadar Upazila",2.5276543756770997,3.04595673554039,9,vacant,1235.4227687170103,gazipur,"৳5,200,000","Joydebpur, Gazipur Sadar Upazila"
"Buy This Nicely Built 1336 Sq Ft Flat In 9 No. North Pahartali Ward, West Khulshi R/a",3.0593103156165173,2.9180053335377862,5,vacant,1335.927994517,chattogram,"৳6,680,000","West Khulshi R/A, 9 No. North Pahartali Ward"
"Well Developed And Nicely Planned 1225 Sq Ft Flat Is Up For Sale In Chatogram, Near National Hospital Pvt. Ltd.",2.819896419382422,3.114113641938762,7,vacant,1295.7545143358998,chattogram,"৳9,500,000","Nasirabad, 15 No. Bagmoniram Ward"
We Have A 1420 Sq.Ft Flat For Sale In Muradpur .,2.9079793970000845,4.035380233380895,6,vacant,3216.1138019401155,chattogram,"৳7,100,000","1 No Railway Gate, Muradpur"
"Grab This Plot Is Ready For Sale At Rupganj, Bproperty Village",3.8643926038046494,4.025092818098061,,vacant,4792.174336120937,narayanganj-city,"৳5,625,000","Rupganj, Narayanganj"
3 Bedroom Residence | Non Furnished | Ready To Sale in Nasirabad,2.968808388568136,2.0672138993707168,12,vacant,1298.3391604654391,chattogram,"৳13,000,000","Nasirabad, Bayazid"
Nicely Shaped 1315 Sq Ft - 3 Bedroom Flat Up For Sale In Kalamia Bazar,2.236163305730188,2.1685675757280682,3,vacant,430.32630064571566,chattogram,"৳5,260,000","18 No. East Bakalia Ward, Bakalia"
A Comfortable And Convenient 1350 Sq.Ft House Is Ready For Sale At Chawk Bazar Close To Chittagong College Mosque.,3.0347934302878,3.016726857105376,1,vacant,1732.322040230063,chattogram,"৳7,500,000","Chawk Bazar, 16 No. Chawk Bazaar Ward"
"150 Sq Ft Tasteful Shop Area For Sale In 9 No. North Pahartali Ward, Dhaka Trunk Road",2.964855138550417,2.9889397430000875,4,vacant,1940.61126605559,chattogram,"৳3,000,000","Dhaka Trunk Road, 9 No. North Pahartali Ward"
Appealing Property In Khilkhet – 3 Bedroom Flat For Sale,2.7705553941854077,3.1476182946510756,7,vacant,1913.130475016548,dhaka,"৳7,680,000","Amtola, Khilkhet"
This 2150 Sq.Ft Spacious Apartment Which Is Up For Sale At Dhanmondi Near By National Bank Limited.,2.628981242945644,2.0946684461377965,5,vacant,1111.7378908054088,dhaka,"৳23,500,000","Road No 9A, Dhanmondi"
An Apartment Is Up For Sale At Colonel Hat Near To Colonel Hat Bus Stop,2.892260587867907,2.968594233201215,5,vacant,2216.3627511052564,chattogram,"৳5,000,000","Colonel Hat, 10 No. North Kattali Ward"
"Carry Out Your Peaceful Days In This 1259 Sq Ft Flat For Sale In Gazipur, Chandana",2.9880847086793803,3.000507459898118,7,vacant,439.6832041141506,gazipur,"৳4,900,000","Chandana, Gazipur Sadar Upazila"
Apartment For Sale In Chandgaon Nearby Ebl,2.39167721936251,2.0191167379096813,1,vacant,-34.38498220704116,chattogram,"৳7,000,000","Chandgaon Residential Area, 4 No Chandgaon Ward"
Flat Is Ready For Sale In East Kazipara Near To Bank Asia Agent Banking,3.02886175630173,3.0354010175513255,2,vacant,1053.7339197743458,dhaka,"৳4,000,000","East Kazipara, Mirpur"
Flat For Sale In Mirpur Section 6 Near Mosque,3.2177216845976466,3.8672656248226462,1,vacant,1545.7827127178311,dhaka,"৳3,100,000","Section 6, Mirpur"
Visit this apartment for sale in Mirpur near Nurani Jame Masjid,,,6,vacant,1766.913020370132,dhaka,"৳3,800,000","Section 2, Mirpur"
Worthy 925 Sq Ft Residence Is For Sale At Banasree,3.7374808379188673,3.913174721324365,4,vacant,2374.4794810665885,dhaka,"৳6,800,000","Block J, Banasree"
In Agargaon 1150 SQ FT flat is available for sale which is now close to Momtaz Mansion Jame Masjid,2.786182559111813,2.905606686928325,3,vacant,1597.4823095904526,dhaka,"৳6,325,000","Kutum Goli, Agargaon"
"5 Katha Plot now for sale in Rupganj, Bproperty Village",3.839329304750889,3.937006053657121,,vacant,1910.9959561455298,narayanganj-city,"৳5,625,000","Rupganj, Narayanganj"
Covering 975 Sq Ft Space A Flat Is Up For Sale In Bochila,4.4715532555300035,4.062102262828581,9,vacant,3240.8580559311017,dhaka,"৳4,000,000","Bochila, Mohammadpur"
A 1400 Sq Ft Flat Is Up For Sale In A Well Secured Location Of South Pirerbag,2.8180253368253916,3.9834713928366723,13,vacant,1190.1689695546806,dhaka,"৳8,200,000","Pirerbag, Mirpur"
"A 3 Katha Plot Is Up For Sale In The Beautiful Location Of Bproperty Village, Narayanganj",2.1857636534470557,2.019215920719868,,vacant,1844.3345400718401,narayanganj-city,"৳4,575,000","Rupganj, Narayanganj"
"At Bproperty Village, Rupganj A Residential Plot Is Up For Sale",,,,vacant,1631.8635528401724,narayanganj-city,"৳7,625,000","Rupganj, Narayanganj"
Visit This 2343 Sq Ft Flat For Sale In Uttara Sector 6.,3.2063859684216225,2.9548313459434703,4,vacant,583.4246475887921,dhaka,"৳22,000,000","Sector 6, Uttara"
"A Comfortably Planned Flat of 1,150 Sq. Ft. is up for Sale Now In Agargaon",3.085284220170215,3.0574593007258954,8,vacant,1829.614282699058,dhaka,"৳6,325,000","Kutum Goli, Agargaon"
Pursue This 1940 Sq Ft Flat For Sale In 15 No. Bagmoniram Ward,2.965297551825864,3.0582121859601124,3,vacant,1340.0089212203513,chattogram,"৳16,132,000","O. R. Nizam Road, 15 No. Bagmoniram Ward"
1337 Sq Ft Convenient Apartment For Is Here Ready For Sale In 24 No. North Agrabad Ward,2.990969238786967,1.9291052153014707,4,vacant,2318.3452319096996,chattogram,"৳7,754,600","24 No. North Agrabad Ward, Double Mooring"
3 Katha Plot is up for sale in Bproperty Village,2.8549346205137436,2.0158176015063805,,vacant,902.9652104292434,narayanganj-city,"৳4,575,000","Rupganj, Narayanganj"
1504 Sq Ft Flat Is For Sale In The Thriving Arena Of Keraniganj,3.0988253652870386,3.215142804077414,1,vacant,2059.6988641627095,dhaka,"৳7,100,000",Keraniganj
"Residential Plot For Sale At Bproperty Village, Rupganj",,,,vacant,6476.015443557062,narayanganj-city,"৳4,575,000","Rupganj, Narayanganj"
"Live Permanently In A 1550 Sq Ft Property, Which Is Up For Sale Located At Uttar Badda",2.72847234842303,3.9321762153271496,2,vacant,1339.8992308850575,dhaka,"৳14,500,000","Uttar Badda, Badda"
This Beautiful 1800 Sq Ft Flat Located In Nasirabad Is Now Available | For Sale,2.716878462328386,1.9829984927645805,10,vacant,527.3960369152715,chattogram,"৳12,500,000","Nasirabad, Bayazid"
Buy This 1415 Sq Ft Apartment In The Prominent Location Of Double Mooring,2.03823610607509,2.0090189238667246,4,vacant,1186.6675474384917,chattogram,"৳6,367,000","12 No. Sarai Para Ward, Double Mooring"
A Nice And Comfortable 1435 Sq Ft Flat Is Up For Sale In Kalamia Bazar,3.3498408323088453,2.985209167947614,3,vacant,1716.367892672995,chattogram,"৳5,740,000","18 No. East Bakalia Ward, Bakalia"
Completely suitable and ready flat of 1050 SQ FT for Sale in Kallyanpur,3.035445449417661,1.9969321487096676,6,vacant,100.1184261914891,dhaka,"৳8,200,000","Kallyanpur, Mirpur"
Check This Nice Flat For Sale At North Agrabad Nearby Agrabad Housing Jame Mosque,2.973716192410338,2.8587682222134028,4,vacant,685.1263382128597,chattogram,"৳4,800,000","24 No. North Agrabad Ward, Double Mooring"
This 3 Katha Plot Is Available For Sale In Rupganj,3.0633235439486137,2.9058129377290136,,vacant,-400.17927744450185,narayanganj-city,"৳4,575,000","Rupganj, Narayanganj"
"This Wonderful Flat Is Set For Sale With An Amazing Floor Plan Which Is 1200 Sq Ft In Rani Dighir South Side, Manoharpur",3.2893390324724607,3.9853885289970177,9,vacant,2318.7159316592033,cumilla,"৳5,500,000","Manoharpur, Kandirpar"
"1500 Sq Ft Flat For Sale In Panchlaish, Katalgonj",3.0486032435171557,2.983829615842452,4,vacant,1547.2511600789442,chattogram,"৳11,000,000","Katalgonj, Panchlaish"
A 1000 Square Feet Medium Size Residential Apartment For Sale Beside To Janata Bank Limited At Arichpur .,2.9089608508250278,2.944602102396933,4,vacant,1272.305637182995,gazipur,"৳3,800,000","Tongi, Gazipur Sadar Upazila"
650 Sq. Ft. Residential Apartment Is On Sale In Mirpur Near Pallabi Police Station,3.2450934748261537,2.9826803845441283,5,vacant,1105.9181353235203,dhaka,"৳2,200,000","Section 12, Mirpur"
"1275 Square Feet Flat Is Available For Sale In Bashundhara R-a, Block J",3.094989132946095,3.005969902402934,6,vacant,2025.4019045546052,dhaka,"৳12,500,000","Block J, Bashundhara R-A"
"6 Katha Residential Plot Is Up For Sale At Bayazid, Polytechnic",3.3402400920669324,3.0870232584386534,,vacant,862.0334863446642,chattogram,"৳42,000,000","Polytechnic, Bayazid"
Pleasant 1410 Sq Ft Residential Apartment For Sale In Shantinagar,3.040594796383758,2.990292784068659,4,vacant,1713.9290743931253,dhaka,"৳13,800,000","Vashani Goli, Shantinagar"
A Vacant Flat Of 800 Sq Ft Located In Paikpara Close To Delta Hospital Is Up For Sale.,3.728724186487317,4.039049624360397,6,vacant,2388.9953156168885,dhaka,"৳4,000,000","Ahmed Nagar, Mirpur"
"Picture Yourself, Residing In This Well Constructed And Planned 2045 Sq Ft Apartment In Uttara-7, For Sale",2.6968902518761713,2.947007971763426,1,vacant,1748.5349914756985,dhaka,"৳23,625,000","Sector 7, Uttara"
1020 Sq. Ft. Flat For Sale In Nazrul Avenue Near Ashoktala Jame Masjid,3.3657559368713157,3.0559758047746453,4,vacant,3767.423855357014,cumilla,"৳3,535,000","Nazrul Avenue, Ashoktala"
1244 Sq Ft Flat For Sale At North Halishahar Ward,3.381870679058666,3.0367627390304173,5,vacant,1287.9398956684904,chattogram,"৳6,500,000","26 No. North Halishahar Ward, Halishahar"
Halishahar Is Offering You A 2000 Sq Ft Apartment Ready For Sale,2.9602282953975836,3.0847145006358696,6,vacant,1972.0213971708258,chattogram,"৳11,000,000","26 No. North Halishahar Ward, Halishahar"
1365 Sq Ft Flat With Important Residential Features Is For Sale In Mirpur-10,2.915106507738418,3.0698074149357732,3,vacant,799.9478810180851,dhaka,"৳7,507,500","Section 10, Mirpur"
2036 Square Feet Flat With 4 Bedrooms Is Available For Sale In Bashundhara R-a,3.323776656665962,3.0576039095048424,8,vacant,890.8579206269718,dhaka,"৳17,000,000","Block J, Bashundhara R-A"
"View This 1350 Sq Ft Residential Flat For Sale In Mirpur, Middle Monipur",2.75473882130765,2.99037050370032,1,vacant,1287.7410080854872,dhaka,"৳8,500,000","Middle Monipur, Mirpur"
"Near Rampura Thana, 900 Sq.ft And 2 Bedroom Flat For Sale In West Rampura",2.8017771020325624,3.0239656927838117,5,vacant,487.3851375297472,dhaka,"৳4,100,000","West Rampura, Rampura"
"1.25 Katha Residential Plot Is Up For Sale In Arambag Residential Area, Pallabi",2.142526266539025,2.104057355612879,,vacant,758.8404686739077,dhaka,"৳14,000,000","Pallabi, Mirpur"
Close To Al-Haj Yakub Ali Girls High School &amp; College A 1550 Square Feet Residential Apartment For Sale,2.91257694319178,2.9361987910592755,3,vacant,1872.7824825666016,chattogram,"৳7,750,000","25 No. Rampur Ward, Double Mooring"
Celebrate Life Each Day In Your New Apartment Of 1690 Sq Ft At Boro Maghbazar With Your Beloved Family,2.9988652725996356,2.9385144309103564,1,vacant,7.566745419687777,dhaka,"৳14,800,000","Boro Maghbazar, Maghbazar"
2200 Sq Ft Flat Is Up For Sale In Mirpur DOHS Nearby Mirpur Dohs Central Mosque,2.963789933341304,3.0177518692986913,4,vacant,2655.9415981717484,dhaka,"৳21,000,000","Mirpur DOHS, Mirpur"
"At Mirpur, A 700 Sq Ft Residential Property Is On Sale",4.07478817999826,4.040632387046977,5,vacant,1856.123264307446,dhaka,"৳2,000,000","Section 1, Mirpur"
We Have A 5 Katha Plot For Sale In Bproperty Village,4.311821513685597,3.9193665979074965,,vacant,2663.347153983958,narayanganj-city,"৳5,000,000","Rupganj, Narayanganj"
1186 Sq Ft Apartment To Sale In Bakalia Close To Kazem Ali School and College,,,4,vacant,5541.141492239444,chattogram,"৳5,337,000","Dewan Bazar, Bakalia"
1660 Sq Ft Decent Flat With 3 Bedrooms For Sale In Uttara-12,3.1426618521769436,2.9908028380247442,1,vacant,2261.0155344681802,dhaka,"৳10,500,000","Sector 12, Uttara"
Plan To Move In This 1316 Sq Ft Flat Which Is Up To Sale In West Khulshi,2.5457932457738557,1.7832494071233391,2,vacant,1831.8165249622512,chattogram,"৳6,200,000","West Khulshi, 9 No. North Pahartali Ward"
"An Apartment Is Ready For Sale At Bagmoniram, Near Hillview Jame Mosjid",1.9892066489439422,1.9785141720775021,7,vacant,208.135638569231,chattogram,"৳11,000,000","Bayazid Bostami Road, 15 No. Bagmoniram Ward"
"2400 Sq Ft Spacious Flat For Sale In Banasree, Block F",2.8131859837804107,3.984607484489298,5,vacant,1005.1133641122709,dhaka,"৳20,800,000","Block F, Banasree"
Covering 1204 Sq Ft Space A Nice Flat Is Ready To Sale In Mirpur,1.7299772424446465,1.9843163895409364,6,vacant,1107.7584130453415,dhaka,"৳7,500,000","Ahmed Nagar, Mirpur"
Stunning 2644 Square Feet Apartment For Sale In Gulshan 1,2.8054491444410314,3.138537901512083,5,vacant,1707.4100459314923,dhaka,"৳35,000,000","Gulshan 1, Gulshan"
"At Panchlaish Residential Area, a Brand New 3350 Square Feet Apartment Up For Sale",2.925976398061769,2.8810421308961884,,,1663.0054526109739,chattogram,"৳30,000,000","Panchlaish Residential Area, 16 No. Chawk Bazaar Ward"
"A Newly Constructed Apartment In Gulshan R/a, Is Available For Sale Which Is 1620 Sq Ft",3.2029142435124296,2.9193161036615063,4,vacant,1990.9316644760934,chattogram,"৳6,800,000","Bangla Bazar, Bayazid"
An Apartment Of 1280 Sq.Ft Is Up To Sale In West Sholoshohor Near Mohammadpur Jame Mosque.,2.7061434350556675,2.7444138174637116,1,vacant,1818.4874481119082,chattogram,"৳6,000,000","Mohammad Pur Road, 7 No. West Sholoshohor Ward"
"A 3 Katha Residential Plot Is For Sale At Bproperty Village, Rupganj .",3.006786274587102,2.9529454664521664,,vacant,1859.2354149522612,narayanganj-city,"৳4,575,000","Rupganj, Narayanganj"
2380 Sq Ft Apartment For sale At Bashundhara R-A Nearby Playpen School Junior Section,1.8927343579110443,1.9612888797580892,4,vacant,770.8413402517834,dhaka,"৳21,500,000","Block D, Bashundhara R-A"
3 Katha Residential Plot Is Ready For Sale In 4 No Chandgaon Ward,2.927405444370969,2.950102086618557,,vacant,1014.0496004129643,chattogram,"৳18,000,000","Shamsher Para, 4 No Chandgaon Ward"
"Create Your New Home In A Flat For Sale In Mirpur, Near Pallabi Mohila Degree College",3.222156655471715,2.108378944205773,2,vacant,349.2210763264043,dhaka,"৳4,072,500","Section 12, Mirpur"
See This 1800 Sq.Ft Smartly Priced Apartment Which Is Up For Sale In Jamal Khan Near To The City Bank Limited,3.11921714568139,3.0842057656242554,9,vacant,1600.9977520314944,chattogram,"৳12,160,000","Momin Road, Jamal Khan"
1340 Sq.ft Apartment Is For Sale Close To Muslim para Jame Masjid At Madhya Ajampur,3.29629476139309,3.0076177685275596,3,vacant,1725.409324505293,dhaka,"৳6,200,000","Madhya Ajampur, Dakshin Khan"
Sholokbahar Is Offereing You A 1644 Sq Ft Apartment To Buy,2.9657699355842806,2.96373794965396,6,vacant,1150.7996778338643,chattogram,"৳9,864,000","Al-Madani Road, Sholokbahar"
"1331 Sq Ft Apartment Is Now Available For Sale In Sector 4, Uttara",2.845816926971326,3.1004059113786044,1,vacant,1819.8442592333313,dhaka,"৳16,000,000","Sector 4, Uttara"
"Buy This Nice Flat Of 1265 Sq Ft, Which Is Located At Shahid Khawaja Nizamuddin Road, Jhautola",,,8,vacant,15139.741382494347,cumilla,"৳5,692,500","Shahid Khawaja Nizamuddin Road, Jhautola"
Visit This Apartment For Sale In Patharghata Near St. Scholastica&#039;s Girls&#039; School &amp; College,3.053724114389307,2.91993765717503,9,vacant,2230.519045905363,chattogram,"৳6,400,000","Patharghata, Kotwali"
Grab This 1200 Sq Ft Apartment Available For Sale In Joar Sahara,3.0391190632170524,2.832076351993425,3,vacant,1490.5805234981694,dhaka,"৳6,500,000","Lichu Bagan Road, Joar Sahara"
Flat For Sale In Mirpur Section 6 Near Mosque,1.7597585166811271,1.9568202786080193,1,vacant,941.3022238553751,dhaka,"৳3,100,000","Section 6, Mirpur"
An Apartment For Sale Is All Set For You To Settle In Mohammadpur Close To Dhaka Udyan Government College,2.020047619408712,2.073836915828675,8th,vacant,511.98900489116886,dhaka,"৳4,700,000","Dhaka Uddan, Mohammadpur"
Valuable 1705 Square Feet Apartment Is Ready To Sale In Kalabagan,,,1,vacant,975.6015841409244,dhaka,"৳16,900,000","Lake Circus Road, Kalabagan"
Plan To Move In This 990 Sq Ft Flat Which Is Up For Sale In Bochila,3.557735475408055,5.006028167259682,6,vacant,1500.8861260333067,dhaka,"৳4,800,000","Bochila, Mohammadpur"
Grab This 307 Sq Ft Shop For Sale In Luxmibazar,3.4158067991698697,2.9251149953925544,2,vacant,1686.6811932305386,dhaka,"৳9,210,000","Luxmibazar, Sutrapur"
"Buy This Great 1290 Sq Ft Residential Flat In Mirpur-1, North Bishil",2.810967629191976,2.8840589460336252,2,vacant,1952.4205525313857,dhaka,"৳6,500,000","Section 1, Mirpur"
3 Katha Plot is available for sale in Purbachal Marine City,2.936331460269991,3.0540051572587803,,vacant,930.6865438785929,narayanganj-city,"৳3,900,000","Rupganj, Narayanganj"
1600 Sq Ft Apartment With 3 Bedrooms For Sale In Aftab Nagar,15.675780759420968,9.827343922396121,8,vacant,4279.011861646568,dhaka,"৳14,400,000","Block C, Aftab Nagar"
"Visit And Buy This 1250 Sq Ft Flat In Double Mooring, 28 No. Pathantooly Ward",1.869131418100927,2.053847649412851,3,vacant,-28.83892519505605,chattogram,"৳6,950,000","28 No. Pathantooly Ward, Double Mooring"
1325 Sq Ft Residential Apartment For Sale In Uttar Badda,3.0699209223587665,3.080007703861564,8,vacant,2576.325804310461,dhaka,"৳8,000,000","Uttar Badda, Badda"
"1250 Sq Ft Flat For sale At Bayazid, Polytechnic",3.2671516498249336,3.042687075770717,6,vacant,741.755598614591,chattogram,"৳6,000,000","Polytechnic, Bayazid"
Next To Kuwaiti Masjid This Ready And Comfortable 850 Sq.Ft Apartment Is Up For Sale At East Monipur .,2.8384746317961653,2.9785075497723272,4,vacant,2134.7861583861313,dhaka,"৳4,000,000","East Monipur, Mirpur"
A 163 Sq.Ft Commercial Space Is Available For Sale In CEPZ,,,2,vacant,682.2200326156546,chattogram,"৳3,749,000","39 No. South Halishahar Ward, Halishahar"
5 Katha Plot is now for sale in Bproperty Village Close To Rupganj Upazila Health Complex,1.5242774106171282,2.0167251956203907,,vacant,940.0717387235263,narayanganj-city,"৳5,000,000","Rupganj, Narayanganj"
Uncover Your Place In A 1200 Sq Ft Structurally Well Built House For Sale In Mirpur DOHS,1.9639620694493138,1.9238656985783473,6,vacant,1226.6830957463387,dhaka,"৳11,500,000","Mirpur DOHS, Mirpur"
5 Katha Large Plot For Sale In Bproperty Village.,2.7646266860176594,4.181050678474495,,vacant,945.8392487492883,narayanganj-city,"৳7,625,000","Rupganj, Narayanganj"
1544 Sq Ft Flat For Sale In West Khulshi,1.8827049866972831,2.9655904851507637,8,vacant,1907.2971897327595,chattogram,"৳7,148,000","West Khulshi R/A, 9 No. North Pahartali Ward"
"In The Location Of Sholoshohor, Close To Sholashohor Rail Station, A Flat Is Up For Sale",3.805735290340055,4.0759022616885385,6,vacant,2689.6257445659003,chattogram,"৳6,800,000","Chasma Hill R/A, 7 No. West Sholoshohor Ward"
View This 1254 Sq Ft Apartment Is Available For Sale At Cantonment,1.9791165391478167,1.7633544958843963,2,vacant,1077.659037282345,dhaka,"৳5,500,000","Manikdi, Cantonment"
5 Katha Plot Is Ready For Sale At Uttar Khan,3.6105828837258396,4.124894282526069,,,1838.7688667315952,dhaka,"৳10,000,000","Mainertek, Uttar Khan"
Great Location! Check Out This Flat For Sale In 16 No. Chawk Bazaar Ward Which Is 1324 Sq Ft,2.6749824764092542,3.1437088746507804,6,vacant,1989.873830654928,chattogram,"৳11,500,000","Chawk Bazar, 16 No. Chawk Bazaar Ward"
A Ready 1470 Sq.ft Apartment For Sale In North Bagichagaon Near Bagichagaon Govt. Primary School,3.4717254806137516,2.0029190399001497,6,vacant,2171.210300978854,cumilla,"৳5,586,000","North Bagichagaon, Bagichagaon"
A Nice Apartment For Sale In Mirpur Near Brac Bank,1.7147771000962062,2.0546720715852773,5,vacant,960.9012474602939,dhaka,"৳3,200,000","Section 6, Mirpur"
"An apartment up for sale in Firingee Bazaar Ward, near Dutch-Bangla Bank Limited | ATM Booth",2.7570119028439612,3.054647038038834,12,vacant,2662.1384534945473,chattogram,"৳7,500,000","R C Church Road, 33 No. Firingee Bazaar Ward"
Visit This Apartment For Sale In West Shewrapara Near Baitun Noor Jame Masjid,3.4069602405931354,2.9371078542936093,4,vacant,1181.5182998491434,dhaka,"৳5,000,000","West Shewrapara, Mirpur"
"Offering You A Plot Which Is For Sale In Rupganj, Bproperty Village",2.6436050559297177,2.053532320018914,,vacant,1460.3618988250528,narayanganj-city,"৳4,575,000","Rupganj, Narayanganj"
1050 Sq.ft Apartment Is For Sale In Tongi Very Close To Janata Bank Limited.,,,6,vacant,2134.6875693354577,gazipur,"৳3,990,000","Tongi, Gazipur Sadar Upazila"
Next To Majid Sawdagor Masjid 1685 Sq Ft Apartment To Sale In Bakalia,1.9184160376947184,1.9404371378641874,4,vacant,96.18764305093987,chattogram,"৳9,267,500","Dewan Bazar, Bakalia"
"5 Katha Plot For Sale In Rupganj, Bproperty Village Close To Rupgonj Police Station",3.075670153789818,3.1102639764195295,,vacant,1378.8186779473135,narayanganj-city,"৳7,625,000","Rupganj, Narayanganj"
A Standard Lifestyle Is Awaiting You In This 650 Square Feet Flat Up For Sale In Sutrapur,3.3829854799550625,3.0953638462346404,5,vacant,1434.4379200529584,dhaka,"৳4,000,000","Gandaria, Sutrapur"
1485 Sq Feet Flat For Sale In The Location Of Darussalam,2.781366086167806,2.9308858018456783,2,vacant,1175.9583742028872,dhaka,"৳8,167,000","Darussalam, Mirpur"
"Make Sure To Buy This 1150 Sq Ft Apartment, If You Are Looking For A Permanent Residence In Middle Monipur",2.94565975498695,2.9282243783735544,7,vacant,1545.6936718706606,dhaka,"৳6,500,000","Middle Monipur, Mirpur"
"Grab This Nice 3 Katha Plot Is Available For Sale In Rupganj, Bproperty Village",3.1722157750480875,2.9368326175293915,,vacant,1318.1383095270478,narayanganj-city,"৳4,575,000","Rupganj, Narayanganj"
Banasree Is Offering You A 1940 Sq Ft Apartment Ready For Sale,3.096320541788573,3.0716839641532356,9,vacant,1656.2669308944253,dhaka,"৳13,968,000","Block J, Banasree"
"156 Sq Ft Perfect Shop For Sale In 9 No. North Pahartali Ward, Dhaka Trunk Road",2.9166642507182883,2.902158064534766,4,vacant,1258.6826102393384,chattogram,"৳3,120,000","Dhaka Trunk Road, 9 No. North Pahartali Ward"
There Is 3 Bedroom Apartment Up For Sale In The Location Of Dhanmondi Near Sunnydale.,2.970352101502511,2.0349019861881343,1,vacant,1120.7695216599093,dhaka,"৳29,000,000","Road No 12A, Dhanmondi"
"This 1595 Sq Ft Apartment Is Ready For Sale In Baitul Aman Housing Society, Adabor",2.6953977852860214,3.073074049576312,6,vacant,1043.4638486310807,dhaka,"৳11,232,000","Baitul Aman Housing Society, Adabor"
"Looking for a nice home to sale in Mirpur, check this one which is 1050 SQ FT",2.9472336380256965,1.9913657629412311,2,vacant,1084.2489506374063,dhaka,"৳6,000,000","Pallabi, Mirpur"
Flat For Sale In 16 No. Chawk Bazaar Ward Near Mosque,2.940983004723082,3.098828091127891,8,vacant,1166.0467137406777,chattogram,"৳14,500,000","Panchlaish Residential Area, 16 No. Chawk Bazaar Ward"
1350 Sq Ft Flat Is Set For Sale At 7 No. West Sholoshohor Ward,3.051436234032817,2.9702252508878133,7,vacant,3170.706978336485,chattogram,"৳7,000,000","Cosmopolitan R/A, 7 No. West Sholoshohor Ward"
"Amazing Commercial Area Of 130 Sq Ft Is Ready For Sale In Tongi, Gazipur",2.8769696585636053,1.979075635636806,4,vacant,200.8877215092516,gazipur,"৳5,000,000","Tongi, Gazipur Sadar Upazila"
Residential plot for sale of 3640 SQ FT available in Gulshan 1 near Gulshan 1 roundabout,2.104467318480293,1.904382882104907,,,462.7010781844123,dhaka,"৳500,000,000","Gulshan 1, Gulshan"
An Apartment Of 1700 Sq Ft Is Ready For Sale At Uttara,4.22436280560744,5.099524115078932,7,vacant,2248.2943300473635,dhaka,"৳17,000,000","Sector 7, Uttara"
Run Your Shop Business Efficiently In This 115 Sq Ft Shop Arena For Sale In 9 No. North Pahartali Ward,3.034434694724576,2.92500101447013,3,vacant,2819.3813531024907,chattogram,"৳4,025,000","Dhaka Trunk Road, 9 No. North Pahartali Ward"
"1240 Sq Ft Flat For Sale Is Awaiting You In Gazipur, Joydebpur",4.077930109602457,4.034222872460819,9,vacant,1204.6291789654883,gazipur,"৳4,960,000","Joydebpur, Gazipur Sadar Upazila"
Visit This 1050 Sq.ft Flat is For Sale At Pahartali Very Near To Janata Bank Limited,2.0117763371577264,1.9930221917660436,5,vacant,1056.614859591703,chattogram,"৳4,200,000","12 No. Sarai Para Ward, Double Mooring"
View This 1185 Square Feet Residential Apartment For Sale In Gazipur Sadar Upazila,3.000018696924083,3.896992099783373,5,vacant,2109.655485112472,gazipur,"৳4,740,000","Shimultoly, Gazipur Sadar Upazila"
At Kattali A Suitable Flat Is Up For Sale Which Is 1850 Sq Ft Close To Alamin Hospital,2.8401419411392443,2.9404032624963197,5,vacant,1905.9927843137236,chattogram,"৳8,500,000","Proshanti R/A, 10 No. North Kattali Ward"
"Buy This Flat With Amazing Residential Features And Views, In 33 No. Firingee Bazaar Ward",3.0701179336376394,3.135304955600661,1,vacant,2114.887104010965,chattogram,"৳6,000,000","Yakub Nagar Road, 33 No. Firingee Bazaar Ward"
Reasonable 1550 SQ FT flat is available for sale in Chandgaon,2.9784465752544036,3.019730864560289,2,vacant,2857.5276979256537,chattogram,"৳7,750,000","Chandgaon Residential Area, 4 No Chandgaon Ward"
Reasonable 1100 SQ FT flat is available for sale in Mirpur near to Life Aid Specialized Hospital,3.4637323779648908,2.901261274701885,5,vacant,2415.302032397576,dhaka,"৳4,950,000","Middle Monipur, Mirpur"
A 3 Bedrooms Residence For Sale In Eastern Housing - Pallabi.,3.348569967925955,3.02987436525011,4,vacant,1266.8939987308777,dhaka,"৳5,000,000","Pallabi, Mirpur"
This Shop Is Up For Sale In Bagmoniram Near Sunshine Grammar School & College,3.0854826334715515,2.985703702772103,1,vacant,995.8930776642951,chattogram,"৳10,000,000","Bayazid Bostami Road, 15 No. Bagmoniram Ward"
"An Apartment Up For Sale Is Located At Halishahar, Near To Halisahar Cantonment Public School &amp; College.",3.8309479783038594,4.33795572859461,9,vacant,2377.7027640689607,chattogram,"৳5,100,000","26 No. North Halishahar Ward, Halishahar"
"Residential Plot For Sale In Bproperty Village, Rupganj .",2.753550053773817,3.0278974930614466,,vacant,918.6275679771308,narayanganj-city,"৳4,575,000","Rupganj, Narayanganj"
New with a view – 1000 SQ FT Flat for Sale in West Shewrapara,3.2638925650533235,2.9627583614893105,1,vacant,2287.706043345543,dhaka,"৳6,000,000","West Shewrapara, Mirpur"
Worthy 900 SQ FT residence is for sale at North Pirerbag,3.0582109534460544,3.1389403944511636,2,vacant,284.57660823419167,dhaka,"৳5,000,000","Pirerbag, Mirpur"
Buy This Great 2530 Sq Ft Apartment In Nasirabad,3.1063736925831367,2.819866716647978,6,vacant,1543.9323921293633,chattogram,"৳29,095,000","Nasirabad, 15 No. Bagmoniram Ward"
"Well Planned 1320 Sq Ft Residential Apartment For Sale In Mirpur, Pallabi",2.6134945265261065,3.0092286071056313,4,vacant,277.8306051095461,dhaka,"৳9,300,000","Pallabi, Mirpur"
Take A Look At This 105 Square Feet Commercial Shop For Sale At North Pahartali Beside To Haji Camp Shahaji Jame Masjid,3.2054699809060523,3.195141713965354,2,vacant,1989.3403180142375,chattogram,"৳3,675,000","Dhaka Trunk Road, 9 No. North Pahartali Ward"
Visit This Apartment For Sale In East Monipur Near Life Aid Specialized Hospital Pvt. Ltd.,3.1006748588427744,2.9886306640864877,5,vacant,761.0399548694576,dhaka,"৳4,500,000","East Monipur, Mirpur"
Take a Look at This 118 Sq Ft shop for sale in Chandgaon,2.7539888886853094,2.8304078899932423,1,vacant,938.0979090184785,chattogram,"৳2,360,000","Mohara, 4 No Chandgaon Ward"
Buy This 1200 Sq Ft Apartment In The Nice Area Of Mirpur,1.8955357200396767,1.961262030516109,7,vacant,1445.7170774147228,dhaka,"৳6,000,000","Ahmed Nagar, Mirpur"
Take A Look At This 1050 Square Feet And 3 Bedroom Residential Apartment For Sale At East Monipur Next To Kuwaiti Masjid,3.0584254050497175,3.1423150262159005,7,vacant,2697.215972855656,dhaka,"৳3,750,000","East Monipur, Mirpur"
This Very New Nice Flat Of 1390 Sq Ft Is Up For Sale In North Bagichagaon Nearby Bagichagaon Govt. Primary School,3.0116237920582583,3.036795937177998,10,vacant,2042.3859192394016,cumilla,"৳5,600,000","North Bagichagaon, Bagichagaon"
Residential Plot Is Available For Sale In Kapasia Nearby Kapasia Gov&#039;t. Pilot High School,2.9352707385319023,2.9179234455298144,,,2139.7234213862203,gazipur,"৳25,000,000",Kapasia
"Flat up for sale in Rupnagar R/A area, near Jaman Plaza",2.977072622188602,2.932953497088534,4,vacant,1579.3707120819213,dhaka,"৳5,100,000","Rupnagar R/A, Mirpur"
Reside Conveniently In This Well Constructed 725 Sq.ft Flat For Sale In Salimullah Road-mohammadpur .,2.9441755026145335,2.945237008741939,5,vacant,2403.1187249598997,dhaka,"৳4,800,000","Salimullah Road, Mohammadpur"
"Buy This 2300 Sq Ft Apartment In Banasree, Block J",3.033799564145762,3.035340837920703,7,vacant,527.0442825619336,dhaka,"৳22,000,000","Block J, Banasree"
"We bring you a beautiful and distinct Flat of 1513 sq ft for sale in sector 1, uttara",2.326002676842071,2.1309336923834996,2,vacant,1099.5196271616824,dhaka,"৳13,500,000","Sector 1, Uttara"
2530 Sq Ft Apartment For Sale In 15 No. Bagmoniram Ward,2.431367932928037,3.1029726716610377,9,vacant,887.7678781741265,chattogram,"৳29,095,000","Nasirabad, 15 No. Bagmoniram Ward"
A 242 Katha Plot Is For Sale Next To Gazipur Police Line Jame Masjid.,2.947526849172103,3.0446177935399414,,vacant,1049.5014264096712,gazipur,"৳120,000,000","Khube Bormi, Gazipur Sadar Upazila"
"Available In Nasirabad Housing Society, A 1783 Sq Ft Apartment Is Up For Sale.",4.039105562870482,3.8697073163747824,7,vacant,2550.2132982171415,chattogram,"৳11,589,500","Nasirabad Housing Society, Muradpur"
Visit this apartment for sale of 1703 SQ FT in Mirpur near Jannat Academy High School.,4.065576187120396,3.870070535242508,6,vacant,4219.325917189175,dhaka,"৳8,855,600","Section 11, Mirpur"
"Buy This 115 Sq Ft Shop In 9 No. North Pahartali Ward, To Invest In Your Shop Business",,,,vacant,5551.44205794947,chattogram,"৳4,025,000","Dhaka Trunk Road, 9 No. North Pahartali Ward"
"1220 Sq Ft Flat For Sale In Banasree, Block G",2.6108058935653764,2.868354500127889,7,vacant,2829.451405764213,dhaka,"৳8,000,000","Block G, Banasree"
Buy This 1120 Sq Ft Apartment In The Flourishing Settlement Of Kallyanpur,3.0726659795944444,1.977929750190204,7,vacant,1254.5032439316128,dhaka,"৳6,000,000","Kallyanpur, Mirpur"
Checkout This 1500 Sq Ft Flat For Sale In Mirpur-6,2.3826869626178167,2.029759121237179,8,vacant,967.4330049218265,dhaka,"৳11,500,000","Section 6, Mirpur"
2350 Sq Ft Apartment Is Up For Sale In Gulshan 1,2.6601796454993463,3.8886939077315636,1,vacant,1514.0154841773267,dhaka,"৳50,000,000","Gulshan 1, Gulshan"
1500 Sq Ft Residence Is For Sale At West Khulshi,2.1913773571078043,1.8997826655555756,6,vacant,1226.162667278423,chattogram,"৳9,000,000","West Khulshi, 9 No. North Pahartali Ward"
Remarkable Commercial Space Is Up For Sale In Malibagh Nearby Jamuna Bank Limited,2.927216658932668,1.990790872719182,,,1072.9080828057897,dhaka,"৳39,000,000","DIT Road, Malibagh"
Worthy 1397 Sq Ft Nice Flat Is Ready For Sale At Demra,1.9864138566416183,2.0492788689134245,8,vacant,1737.7706751077685,dhaka,"৳8,000,000","Matuail, Demra"
1300 Sq Ft Flat Is Now Vacant For Sale In Shyampur,2.7667348927263813,2.1038626317350424,6,vacant,169.6199992842853,dhaka,"৳8,000,000","West Dolairpar, Shyampur"
"1500 Sq Ft Modest Flat For Sale At Double Mooring, 24 No. North Agrabad Ward",2.9259026828039136,2.0593961869506,8,vacant,1070.9087560414446,chattogram,"৳8,700,000","24 No. North Agrabad Ward, Double Mooring"
A Beautiful 972 sft Apartment Is Up For Sale At,3.2880192523400855,3.007206813495676,2,vacant,316.2432903988588,chattogram,"৳5,000,000","South Khulshi, Khulshi"
This Beautiful 1800 Sq Ft Flat Located In Nasirabad Is Now Available | For Sale,3.1290847466722407,2.9269897499211357,10,vacant,1416.7108055440058,chattogram,"৳12,500,000","Nasirabad, Bayazid"
A Comfortable And Convenient 1350 Sq.Ft House Is Ready For Sale At Chawk Bazar Close To Chittagong College Mosque.,2.3837861373715112,1.8952187921382435,1,vacant,1849.2501132913635,chattogram,"৳7,500,000","Chawk Bazar, 16 No. Chawk Bazaar Ward"
1390 Sq Feet Flat For Sale Very Near To Darussalam Government Primary School,3.260850507238338,1.9500140361471714,6,vacant,764.3676198003327,dhaka,"৳7,665,000","Darussalam, Mirpur"
"Buy This 115 Sq Ft Shop In 9 No. North Pahartali Ward, To Invest In Your Shop Business",4.097277753004367,4.04010950148468,,vacant,3431.6683548663236,chattogram,"৳4,025,000","Dhaka Trunk Road, 9 No. North Pahartali Ward"
"Buy This 1760 Sq Ft Ready Apartment In Muradpur, Nasirabad Housing Society",3.38636114515227,3.032936416245464,1,vacant,1830.7773402578136,chattogram,"৳13,120,000","Nasirabad Housing Society, Muradpur"
Commercial Area Of 2859 Square Feet Is Up For Sale At Motijheel,,,3,vacant,20254.21307520482,dhaka,"৳35,237,500","Purana Paltan, Motijheel"
Flat For Sale In West Agargaon Nearby Bangladesh Public Service Commission,3.1834371963853605,1.9231266689539335,2,vacant,585.4325103421645,dhaka,"৳7,300,000","West Agargaon, Agargaon"
Flat Is Ready For Sale In East Kazipara Near To Bank Asia Agent Banking,2.93429598903672,3.117853143760977,2,vacant,1227.6178391353676,dhaka,"৳4,000,000","East Kazipara, Mirpur"
1150 Sq Ft Residential Property Is For Sale In 9 No. North Pahartali Ward,3.0147429374409787,2.007750671554068,2,vacant,-690.4167069381517,chattogram,"৳7,500,000","Khulshi Garden View Housing Society, 9 No. North Pahartali Ward"
5 Katha Plot is now available for sale in Purbachal Marine City,2.845488770946643,2.861354995305902,,vacant,1211.4805083377169,narayanganj-city,"৳6,500,000","Rupganj, Narayanganj"
This 129 Sq Ft Shop Is Up For Sale In South Halishahar,3.21923803701193,3.230501612065296,,vacant,1913.2583351596659,chattogram,"৳3,725,000","39 No. South Halishahar Ward, Halishahar"
Vacant Now! This 1100 Sq Ft Flat For Sale With Lovely Facilities At Mirpur DOHS,7.738951932923698,3.997168241797542,1,vacant,2750.297802667448,dhaka,"৳9,000,000","Mirpur DOHS, Mirpur"
2.75 Katha Residential Plot For Sale In Mirpur-11,3.1733263317350455,2.037604550755028,,vacant,1125.5238098906154,dhaka,"৳18,000,000","Section 11, Mirpur"
"A 1220 Sq. Ft. Residential Apartment Is For Sale At Banasree , Main Road .",1.9577620834974527,2.039090870329099,4,vacant,1581.5171912261171,dhaka,"৳9,500,000","Block F, Banasree"
"This 1133 Sq Ft Flat Is Ready To Sale In Mirpur-2, Borobag",3.259484723479098,2.964033200737105,6,vacant,1379.5986220365594,dhaka,"৳5,200,000","Section 2, Mirpur"
"5 Katha Residential Plot Is Up For Sale In Bashundhara R-a, Block N",3.166351774101882,2.928811699348783,,vacant,2009.6210960664578,dhaka,"৳42,000,000","Block N, Bashundhara R-A"
"Buy This 7.5 Katha Residential Plot In Double Mooring, South Agrabad",3.4033562750381714,3.207591946348215,,vacant,1109.8211045612454,chattogram,"৳60,000,000","South Agrabad, Double Mooring"
2987 Square Feet Brand New Apartment Up For Sale In Panchlaish Residential Area,3.1618999694541614,4.098157097824966,,,2856.7762373736077,chattogram,"৳27,000,000","Panchlaish Residential Area, 16 No. Chawk Bazaar Ward"
Grab This 1125 Sq Ft Flat Up For Sale In Dakshin Khan,3.651721286386634,4.080421150532088,7,vacant,4659.001778757919,dhaka,"৳4,775,000","Faydabad, Dakshin Khan"
1515 Sq Ft Residential Apartment For Sale In Banasree Block G,2.9851668143703933,2.056386108056275,9,vacant,1747.2388515390044,dhaka,"৳12,877,500","Block G, Banasree"
"A 3 Katha Plot Is Up For Sale In The Beautiful Location Of Rupganj, Bproperty Village, Narayanganj City",1.7403468798495119,1.9018319906035368,,vacant,1836.7276662340314,narayanganj-city,"৳4,575,000","Rupganj, Narayanganj"
"At Joar Sahara, flat for Sale close to DBBL ATM",2.885177344446528,3.124997928942321,1,vacant,2106.386690187376,dhaka,"৳5,500,000","Lichu Bagan Road, Joar Sahara"
"A Suitable 1337 Sq Ft Flat For Sale At Double Mooring, 24 No. North Agrabad Ward",3.334806117607243,2.9175050133793405,8,vacant,2044.1176569733764,chattogram,"৳7,754,600","24 No. North Agrabad Ward, Double Mooring"
With All Apartment Facilities This Cozy Flat Of 1544 Sq Ft Is Ready To Sale In The Prominent Location Of Sholokbahar,3.1412428560566417,3.027717750464508,4,vacant,825.3585868804049,chattogram,"৳9,264,000","Al-Madani Road, Sholokbahar"
"Start a new home, in this 1050 SQ FT apartment for sale in Dakkhin Paikpara",2.8451549890689707,1.8395964774555567,3,vacant,1844.3666619595315,dhaka,"৳4,500,000","Paikpara, Mirpur"
"A Comfortable 1238 Sq Ft Flat Is Here For Sale In Lake Circus Road, Kalabagan",2.7754153056311632,2.800315381003216,1,vacant,1627.6998435720855,dhaka,"৳11,000,000","Lake Circus Road, Kalabagan"
At Shahjadpur A 2050 Square Feet Spacious Residential Apartment Is For Sale.,3.007262730770055,3.0311427012758134,3,vacant,1332.9695006878262,dhaka,"৳19,500,000","Shahjadpur, Badda"
"At Sholokbahar, A 1200 Sq Ft Well Fitted Residential Property Is For Sale Next To Doctors Hospital.",1.7304763651337416,1.9208349568863463,1,vacant,473.2416152433998,chattogram,"৳6,000,000","Abdul Hamid Road, Sholokbahar"
Attention Home Finders! A 1400 Sq.ft Flat Is Up For Sale In West Shewrapara Close To North South International School.,2.8513117767657485,2.8053730327948796,3,vacant,1681.459124186578,dhaka,"৳6,300,000","West Shewrapara, Mirpur"
If You Are Looking For A Modern Well-planned Flat For Sale Then You Can Choose This 1337 Sq Ft Flat In 24 No. North Agrabad Ward,3.069124347799795,4.0528950851195695,2,vacant,1726.1284412322884,chattogram,"৳7,754,600","24 No. North Agrabad Ward, Double Mooring"
"Grab This Nice 2000 Sq Ft House In Bashundhara R-A, To Fulfill Your Demand",,,1,vacant,2982.0176197558726,dhaka,"৳17,000,000","Block K, Bashundhara R-A"
Grab This 1459 Sq Ft Flat For Sale At 24 No North Agrabad Ward,4.1348684689728925,4.135959334335932,9,vacant,2830.7684722903473,chattogram,"৳8,462,200","24 No. North Agrabad Ward, Double Mooring"
2.75 Katha Residential Plot For Sale In Mirpur-11,2.4923747278731447,2.9748231369043325,,vacant,2582.692207514484,dhaka,"৳18,000,000","Section 11, Mirpur"
5 Katha Plot In Bproperty Village Is Up For Sale,4.067431131278071,4.000865455098538,,vacant,2626.8802115372323,narayanganj-city,"৳7,625,000","Rupganj, Narayanganj"
"2125 Square Feet Apartment For Sale In Bashundhara R-a, Block L",4.01595872633172,4.0868562201696195,4,vacant,2641.3428050477464,dhaka,"৳20,000,000","Block L, Bashundhara R-A"
A well-constructed 1800 SQ FT flat is for sale in 26 No. North Halishahar Ward,3.091695601081647,4.109792848258593,13,vacant,1668.8898634454144,chattogram,"৳13,450,000","26 No. North Halishahar Ward, Halishahar"
Ready Apartment Of 1920 Sq Ft Is Now Available To Sale In Mohammadpur,2.3580642587432012,1.9663872888104286,9,vacant,2139.1415474571068,dhaka,"৳10,500,000","Chandrima Model Town, Mohammadpur"
Affordableble 765 Sq Ft Apartment Is Up For Sale In West Agargaon,,,3,vacant,1551.6682975392337,dhaka,"৳5,207,500","West Agargaon, Agargaon"
5 Katha Plot now up for sale in Bproperty Village,2.8690435949094275,3.029413182168146,,vacant,1344.3435643201128,narayanganj-city,"৳7,625,000","Rupganj, Narayanganj"
A 2146 Sq. Ft Residential Building For Sale Is All Set For You To Settle In Dendabor.,3.1309127379075647,3.0541931559603586,,vacant,2201.637387340285,dhaka,"৳10,500,000","Ashulia, Savar"
Flat For Sale In Muradpur Near Prabartak Iskcon Sri Krishna Temple,2.649604607185437,2.9869793451849764,8,vacant,1841.818370418716,chattogram,"৳9,500,000","Nasirabad Housing Society, Muradpur"
"Start Residing In This 1450 Sq Ft, Properly Developed Apartment For Sale, In Bagichagaon",3.326990122527966,1.9882504483830032,7,vacant,2584.27482426378,cumilla,"৳5,510,000","North Bagichagaon, Bagichagaon"
"Get Ready To Buy This Great Home Of 860 sft In Mirpur, Rupnagar R/a",3.081607813006705,2.1350075204657246,2,vacant,778.4519177195193,dhaka,"৳4,900,000","Rupnagar R/A, Mirpur"
Commodious 1590 Sq Ft Flat For Sale In Banasree,3.1875570173822916,3.118343647606693,6,vacant,953.6798655790503,dhaka,"৳11,200,000","Block B, Banasree"
Nasirabad Is Offering You A 2540 Sq Ft Apartment For Sale,,,8,vacant,6561.526019005748,chattogram,"৳29,210,000","Nasirabad, 15 No. Bagmoniram Ward"
Take a Look at This 122 Sq Ft shop for sale in Chandgaon,3.180285822902752,4.168203518608124,1,vacant,933.4924620438006,chattogram,"৳2,440,000","Mohara, 4 No Chandgaon Ward"
1415 Square Feet Flat Is Up For Sale In Mogbari Choumohoni,3.2367152480441423,1.962188823215961,3,vacant,856.4488227986585,cumilla,"৳5,660,000","Mogbari Choumohoni, Chotora"
Get An Attractive Good Location Flat In Nasirabad,2.051593117282164,2.1587972801885003,1,vacant,700.4484691891618,chattogram,"৳29,210,000","Nasirabad, 15 No. Bagmoniram Ward"
"1250 Sq Ft Residential Flat For Sale In Mirpur, West Monipur",3.05193050310598,3.0530815688737594,6,vacant,1994.1755703057386,dhaka,"৳8,000,000","West Monipur, Mirpur"
"Get A Look At This Lovely Flat For Sale Featuring 2500 Sq Ft In Block K, Bashundhara R-A",3.0598933744047065,2.320048397632061,8,vacant,1320.0916554775447,dhaka,"৳22,500,000","Block K, Bashundhara R-A"
"Worthy 1300 Sq Ft Residential Apartment Is For Sale At Ahmed Nagar, Mirpur",2.808729593834302,2.8833234845542797,1,vacant,1640.378042733077,dhaka,"৳7,500,000","Ahmed Nagar, Mirpur"
"A 3 Katha Plot Is Up For Sale In The Beautiful Location Of Rupganj, Bproperty Village, Narayanganj City",2.9673156595129067,2.932552099816904,,vacant,885.5385376243677,narayanganj-city,"৳4,575,000","Rupganj, Narayanganj"
"A Plot Is Up For Sale In The Beautiful Location Of Narayanganj, Rupganj, Bproperty Village",2.966209293172657,3.0409766137106318,,vacant,2120.0304366178916,narayanganj-city,"৳4,575,000","Rupganj, Narayanganj"
Let Us Assist You To Buy This 1300 Sq Ft Flat For The Relaxing Life You Desire To Have In The Area Of Mirpur,4.084939251017339,3.038866740096451,1,vacant,3955.527558313114,dhaka,"৳6,500,000","Dakkhin Paikpara, Mirpur"
Your Desired Large 2 Bedroom Home In Pahartali Is Now Vacant For Sale,3.2215067338772903,3.1908082765852286,1,vacant,1616.49206813574,chattogram,"৳4,600,000","12 No. Sarai Para Ward, Double Mooring"
"A Plot Which Is Up For Sale In Bproperty Village, Rupganj, Narayanganj",2.7654859132143668,2.934603932094854,,vacant,1260.051726959974,narayanganj-city,"৳4,575,000","Rupganj, Narayanganj"
Count Your Calm Days In This 1000 Sq Ft Cozy Flat For Sale In Gazipur,2.972304790470098,3.0885403268193636,6,vacant,468.04769169120766,gazipur,"৳4,300,000","Chandana, Gazipur Sadar Upazila"
At Middle Paikpara Nice Flat Up For Sale Near Paikpara Central Jame Masjid,5.328210063679095,5.113739361305723,1,vacant,3965.92240325917,dhaka,"৳4,200,000","Middle Paikpara, Mirpur"
"Buy This 1800 Sq Ft Flat In Panchlaish, Sugandha Residential Area",3.83526124674125,4.068945157015267,6,vacant,2171.241252366914,chattogram,"৳15,824,000","Sugandha Residential Area, Panchlaish"
A 5 katha Residential Plot For Sale In The Location Of Purbachal Marine City,2.81783406801409,2.9059728269137395,,vacant,1227.907528573874,narayanganj-city,"৳6,500,000","Rupganj, Narayanganj"
965 Sq Ft Apartment Is Up For Sale In 33 No. Firingee Bazaar Ward,3.0448200610598923,3.137739942464597,7,vacant,1540.313230208529,chattogram,"৳5,200,000","Abhoy Mitra Lane, 33 No. Firingee Bazaar Ward"
"An Office Space Is Up For sale Which Is Located In Kalabagan, Nearby Square Hospital",3.1870698837888236,3.1202813611804077,12,vacant,2621.240806266904,dhaka,"৳65,580,000","Panthapath Main Road, Kalabagan"
Residential Plot Is Available For Sale In Ashulia Nearby Ashulia School And College,1.0025313931485091,1.0586654027311708,,,1101.4083317576399,dhaka,"৳3,000,000","Ashulia, Savar"
An Attractively Designed 1250 Sq Ft Apartment For Sale In Mirpur Section 10,3.2944254660246743,3.019994077518025,6,vacant,1504.3045282489552,dhaka,"৳7,800,000","Section 10, Mirpur"
"3 Khatha Plot For Sale In Narayanganj, Rupganj, Bproperty Village",3.1898189979594034,3.0221231820238357,,vacant,872.0207657265872,narayanganj-city,"৳4,575,000","Rupganj, Narayanganj"
Residential Plot Is Up For Sale In West Khulshi Nearby National Polytechnic College,3.1865015917601665,2.992296220451629,,,2605.7535647431205,chattogram,"৳15,000,000","West Khulshi, 9 No. North Pahartali Ward"
"In The Location Of Rupganj, Bproperty Village, A Plot Is Up For Sale",3.122762112216332,3.062696611944253,,vacant,1409.4451831796991,narayanganj-city,"৳3,375,000","Rupganj, Narayanganj"
Tongi is offering you a 1028 Sq ft Apartment up for Sale,3.5156814684683972,3.003046340635398,8,vacant,464.79697142925215,gazipur,"৳3,906,400","Tongi, Gazipur Sadar Upazila"
Buy This Opportunistic Shop Area Of 115 Sq Ft In 9 No. North Pahartali Ward,2.9545473159328735,3.9169774105843778,5,vacant,2034.2335848355913,chattogram,"৳4,025,000","Dhaka Trunk Road, 9 No. North Pahartali Ward"
Celebrate Life Each Day In Your New Apartment Of 1380 Sq Ft At North Bagichagaon With Your Beloved Family.,2.5561283090128804,2.897402202502062,7,vacant,2154.968220269684,cumilla,"৳5,244,000","North Bagichagaon, Bagichagaon"
1300 Square Feet Residential Flat With Nicely Built Rooms Is Up For Sale In Shyampur,3.355415609319527,2.926418197547233,3,vacant,238.40912378120152,dhaka,"৳8,000,000","West Dolairpar, Shyampur"
"A Spectacularly Constructed Flat of 1,080 SQ FT for Sale In Agargaon Near Baitul Mamur Jame Masjid",2.898598672354625,3.021734179316867,5,vacant,1203.212264966878,dhaka,"৳5,390,000","Kutum Goli, Agargaon"
"Near Shewrapara Jame Masjid, A Blissful Flat Is Available For Sale In West Shewrapara",3.0239004454527896,1.997362548651223,2,vacant,1033.4523204418056,dhaka,"৳6,500,000","West Shewrapara, Mirpur"
"A 1,365 Sq Ft Flat Is Up For Sale In A Well Secured Location Of Uttar Badda",3.290125285465546,3.0210699741937286,3,vacant,1892.5370901341767,dhaka,"৳8,540,000","Uttar Badda, Badda"
"920 Sq Ft Cozy Flat With Beneficial Features Is Up For Sale In Gazipur Sadar Upazila, Chandana",2.645026334517839,5.049001272052211,8,vacant,1504.2667089184697,gazipur,"৳3,220,000","Chandana, Gazipur Sadar Upazila"
Strongly Constructed 1175 Sq Ft Home Is Available To Sale In Baitul Aman Housing Society,2.7227029778283267,2.938620772308346,2,vacant,723.6410001422879,dhaka,"৳8,300,000","Baitul Aman Housing Society, Adabor"
Start Living In This Awesome Flat Of 1080 Sq Ft Located At Joydebpur Unoccupied For Sale,2.645243804621608,3.143405210116293,4,vacant,1838.1137963154847,gazipur,"৳4,320,000","Joydebpur, Gazipur Sadar Upazila"
"A 1956 Sq Ft Nice House Is Available For Sale At New Monsurabad, With An Affordable Deal",2.8240625425913053,3.9738062558891185,4,vacant,1167.8394260175942,chattogram,"৳10,000,000",10 No. North Kattali Ward
1160 Sq Ft Commercial Area Is Up For Sale At Jamal Khan,2.0973995869700675,1.9575920195110208,,vacant,1186.5836954282208,chattogram,"৳29,000,000","Nabab Siraj Ud Daula Road, Jamal Khan"
This 2 Bedroom Home In Faydabad Is Up For Sale In A Wonderful Neighborhood,3.116131547477921,2.0471983214226017,5,vacant,415.32049487912366,dhaka,"৳2,600,000","Faydabad, Dakshin Khan"
"1425 Sq Ft Flat For Sale In West Shewrapara, Mirpur",3.061207348498308,2.8203095525549844,1,vacant,440.22991284224895,dhaka,"৳8,537,500","West Shewrapara, Mirpur"
"1050 Sq Ft Flat For Sale In Radio Colony, Savar",3.687007833985508,3.9226514022041905,6,vacant,2365.043771458502,dhaka,"৳3,360,000","Radio Colony, Savar"
"3 Katha Plot For Sale In Bproperty Village, Narayanganj",1.4882065835585687,2.095991522369482,,vacant,952.1412746798115,narayanganj-city,"৳3,150,000","Rupganj, Narayanganj"
Lovely Apartment Of 1400 Sq Ft Is Up For Sale In South Pirerbag,3.0120418015581736,2.8300046885499457,4,vacant,1800.7723781620152,dhaka,"৳8,400,000","Pirerbag, Mirpur"
Strongly Constructed 1175 Sq Ft Home Is Available For Sale In 9 No. North Pahartali Ward,2.895480061965144,2.1093472866310328,3,vacant,929.1168746102212,chattogram,"৳5,875,000","West Khulshi R/A, 9 No. North Pahartali Ward"
Nice 5 Katha Plot is now up for sale in Bproperty Village,3.101774929140896,2.1478547766347456,,vacant,520.9552622128451,narayanganj-city,"৳6,000,000","Rupganj, Narayanganj"
Tastefully Designed This 1500 Sq Ft Home Is Now Vacant For Sale In Khulshi,,,4,vacant,2719.822507347283,chattogram,"৳9,000,000","South Khulshi, Khulshi"
Visit This Apartment For Sale Covering An Area Of 1588 Sq Ft In Double Mooring Near Boro Pukur Par Masjid,,,3,vacant,-701.5707663916197,chattogram,"৳9,800,000","25 No. Rampur Ward, Double Mooring"
"Meet With A Fascinating Ready Plot For Sale In Rupganj, Bproperty Village",2.168404194611195,2.1094953127658966,,vacant,1403.9953078046933,narayanganj-city,"৳7,625,000","Rupganj, Narayanganj"
At Terry Bazar This 200 Square Feet Commercial Shop For Sale,2.0507807877280952,1.9543277472929033,2,vacant,1445.5937777923655,chattogram,"৳4,800,000","Dewan Bazar, Bakalia"
"1315 Square Feet Nice Apartment Ready For Sale At Kalamia Bazar ,Bakalia",3.1174335409890723,3.0849061286801036,5,vacant,1768.197218091838,chattogram,"৳5,260,000","18 No. East Bakalia Ward, Bakalia"
110 Sq Feet Shop Area Is Up For Sale In 9 No. North Pahartali Ward,2.8438826889912727,1.934332503493175,3,vacant,885.6013403423408,chattogram,"৳3,850,000","Dhaka Trunk Road, 9 No. North Pahartali Ward"
2700 Square Feet Great Apartment For Sale In Banani Dohs,2.960207868765101,2.953269756041204,5,vacant,1008.0507625327706,dhaka,"৳67,500,000","Road No 2, Banani DOHS"
Get Hold Of This 650 Sq Ft Residential Flat For Sale In Mirpur-6,3.0435948924126417,3.921790182952473,4,vacant,1333.4430365603505,dhaka,"৳2,800,000","Section 6, Mirpur"
1750 Sq Ft Flat Is Now For Sale In B-block Chandgaon R/a,3.181784531836156,2.0335257753860936,3,vacant,319.7487043831362,chattogram,"৳9,500,000","Chandgaon Residential Area, 4 No Chandgaon Ward"
Pleasant Apartment Covering An Area Of 2000 Sq Ft Is Waiting To Sale At Jangalpara,1.9127683477151103,2.1132996576408285,8,vacant,70.5868731756658,chattogram,"৳8,500,000","Jangalpara, 7 No. West Sholoshohor Ward"
A Well-sized 1800 Sq Ft Residential Apartment Is Available For Sale At Bayazid,3.1154623494856777,3.9819857602153466,9,vacant,1966.4473775424306,chattogram,"৳10,000,000","Polytechnic, Bayazid"
"See This 920 Sq Ft Apartment For Sale Is All Set For You In Chandana, Gazipur Sadar Upazila",2.941104566410517,3.8756166287215064,7,vacant,1975.227772202861,gazipur,"৳3,220,000","Chandana, Gazipur Sadar Upazila"
"A Strongly Structured Apartment Of 1410 Sq Ft Is Available For Sale In Block C, Bashundhara R-a",2.973959041643398,2.8940642567098815,1,vacant,867.6393604754699,dhaka,"৳13,395,000","Block C, Bashundhara R-A"
Very Next To North South International School 1400 Square Feet Large Apartment Is For Sale At West Shewrapara.,2.183776352949617,2.0386089587174183,5,vacant,1457.358187900173,dhaka,"৳6,300,000","West Shewrapara, Mirpur"
"Offering You A 1250 Sq Ft Nice Flat For Sale In Nobodoy Housing Society, Mohammadpur",2.558446102325746,3.1804346651790816,8,vacant,1976.7141952081336,dhaka,"৳7,500,000","Nobodoy Housing Society, Mohammadpur"
Flat For Sale In West Agargaon Nearby Bangladesh Public Service Commission,1.712772167866926,2.038523402268932,2,vacant,1909.6946815176643,dhaka,"৳7,300,000","West Agargaon, Agargaon"
An Apartment Of 1700 Sq Ft Is Ready For Sale At Uttara,3.671628241260657,3.962144716532722,7,vacant,2642.9002632849206,dhaka,"৳17,000,000","Sector 7, Uttara"
A Large 1150 Sq.Ft Flat Is Up For Sale At Pahartali Very Close To Janata Bank Limited,3.4829974503735244,4.074966063161792,1,vacant,2937.7868211054392,chattogram,"৳4,600,000","12 No. Sarai Para Ward, Double Mooring"
Stunning 2644 Square Feet Apartment For Sale In Gulshan 1,,,5,vacant,3037.4355242488305,dhaka,"৳35,000,000","Gulshan 1, Gulshan"
"Buy This 1175 Sq Ft Flat With Nice Balconies, Located In 9 No. North Pahartali Ward",3.166033836345346,2.9629872788715788,6,vacant,1955.3996388162032,chattogram,"৳5,875,000","West Khulshi R/A, 9 No. North Pahartali Ward"
"A Nicely Planned 1050 Sq Ft Flat Is Up For Sale In Ashkar Dighir Par, Jamal Khan",2.936885168295236,2.9062210787953155,4,vacant,589.5219609951408,chattogram,"৳7,000,000","Ashkar Dighir Par, Jamal Khan"
Valuable 1970 Square Feet Apartment For Sale In Bashundhara R/A,3.043819536463184,3.1378074582426714,6,vacant,1291.6499149837796,dhaka,"৳21,000,000","Block C, Bashundhara R-A"
"1596 Sq Ft 3 Bed Apt. Is Available To Sale In Khilgaon, Dhaka",3.2413114214062992,2.7515552016750857,1,vacant,1341.5131864602927,dhaka,"৳10,374,000","Riazbag, Khilgaon"
View This 1650 Sq Ft Apartment Ready For Sale In Khulshi,6.294143115334124,6.0780652764743115,7,vacant,1753.142559795443,chattogram,"৳9,675,000","Yakub Future Park Housing, Khulshi"
"15120 Sq Ft Full Building Is Ready To Be Sold In Banasree, Block F",2.984682789844781,2.9546256071621966,1,vacant,2423.4382295830765,dhaka,"৳85,000,000","Block F, Banasree"
Worthy 1250 SQ FT Nice home is ready for sale at Mirpur 15,3.2998810944497974,2.959850857597144,8,vacant,1682.208789574969,dhaka,"৳12,500,000","Section 15, Mirpur"
Gazipur Sadar Upazila Is Offering You A Lucrative Deal Of Buying This 120 Sq Ft Shop,18.020410262379443,10.165581910314204,4,vacant,9086.331826796604,gazipur,"৳5,000,000","Tongi, Gazipur Sadar Upazila"
A Shop Is Up For Sale In Chandgaon Near Bahaddarhat Kacha Bazar,2.814478048429138,2.9301269683523286,5,vacant,1253.3926928692863,chattogram,"৳3,380,000","CDA Avenue, Sholokbahar"
Offering You 1175 Sq Ft Flat For Sale In West Khulshi R/a,,,4,vacant,806.7283703399667,chattogram,"৳5,875,000","West Khulshi R/A, 9 No. North Pahartali Ward"
1050 SQ FT flat is now Vacant for sale in West Monipur,2.671993544567664,2.987241781120845,5,vacant,1993.0460445411009,dhaka,"৳4,725,000","West Monipur, Mirpur"
3 Katha Plot Is Up For Sale At Bashundhara,2.8032377892471305,4.040492245474258,,vacant,2410.711291834965,dhaka,"৳18,000,000","Block L, Bashundhara R-A"
5 Katha Plot is now for sale in Bproperty Village Close To Rupganj Upazila Health Complex,,,,vacant,2648.2931020816113,narayanganj-city,"৳5,000,000","Rupganj, Narayanganj"
"Visit This 1646 Sq Ft Apartment For Sale At Khulshi, Yakub Future Park Housing",2.1780307824953593,1.8460082524575223,3,vacant,733.3047681699416,chattogram,"৳11,028,200","Yakub Future Park Housing, Khulshi"
1654 SFT Three Bedroom Apartment | Vacant Now | Ready To Move in Uttara,3.381229107249638,1.9152971253446864,5,vacant,244.67555317865754,dhaka,"৳11,000,000","Sector 18, Uttara"
"Start Residing In This 1230 Sq Ft, Properly Developed Apartment For Sale, In West Shewrapara",2.6937836684368777,2.12537009252483,6,vacant,1121.310519025086,dhaka,"৳5,000,000","West Shewrapara, Mirpur"
Worthy 900 SQ FT residence is for sale at North Pirerbag,3.0870292251267504,2.0073164171268334,2,vacant,930.477633229221,dhaka,"৳5,000,000","Pirerbag, Mirpur"
Beautiful 612 SQ FT flat is available for sale in Mirpur 12,,,3,vacant,2533.8881469635658,dhaka,"৳2,900,000","Section 12, Mirpur"
"1150 Sq Ft Apartment With Serene Views Is Up For Sale In Middle Monipur, Mirpur",46.105167085086684,9.974421653836831,7,vacant,20154.70924424032,dhaka,"৳6,500,000","Middle Monipur, Mirpur"
Notable 1550 SFT Ready Apartment For Sale In 4 No Chandgaon Ward,2.9709583199862557,2.935472486915088,7,vacant,728.4261684455323,chattogram,"৳7,300,000","Shamsher Para, 4 No Chandgaon Ward"
A well-constructed 978 SQ FT flat is ready to sale in North Kattali,2.5943707398838702,3.1641391399178502,3,vacant,1850.5962389610388,chattogram,"৳5,500,000","Colonel Hat, 10 No. North Kattali Ward"
A Moderate 966 Sq Ft Flat Is Available For Sale At Mousumi Residential Area,3.2056601800825284,2.981586664231277,5,vacant,2727.474596513996,chattogram,"৳3,800,000","12 No. Sarai Para Ward, Double Mooring"
At Uttara-12 We Have A 1050 Sq.Ft Ready Flat For Sale.,1.8659647109961335,1.9566191726390414,5,vacant,1509.045502341654,dhaka,"৳5,500,000","Sector 12, Uttara"
Nearby CDA Central Mosque A Residential Apartment For Sale,2.881716713328474,3.107250322932648,1,vacant,1234.9981299923027,chattogram,"৳7,150,000","South Agrabad, Double Mooring"
"Apartment Is Ready For Sale At South Khulsi, Near Dutch Bangla Bank Ltd Fast Track",15.763000984008547,9.929321788719955,10,vacant,4516.732497807707,chattogram,"৳13,500,000","Zakir Hossain Road, Khulshi"
Have A Look At This 1900 Sq Ft Property Which Is Up For Sale Located At Bashundhara R-a,,,9,vacant,2038.3681714903119,dhaka,"৳19,000,000","Block D, Bashundhara R-A"
"Buy This Nice 750 Sq Ft Flat In Kadamtali, To Fulfill Your Wish",3.094797274889603,3.001002570654627,7,vacant,947.0433165494987,dhaka,"৳3,500,000","Kadamtali, Shyampur"
"Make This 1852 Sq Ft Flat For Sale, Your Residing Location, In Bashundhara R/A Near JFP",2.958073735463884,4.000026427908976,5,vacant,1386.0874208598868,dhaka,"৳21,500,000","Block A, Bashundhara R-A"
For Selling Purpose This 1050 Sq.Ft Flat Is Now Vacant In Noapara .,3.072813643898051,3.0254012633342318,5,vacant,1426.4786044661207,dhaka,"৳5,500,000","Meradia, Khilgaon"
Buy This 1620 Sq Ft Apartment In Khulshi,3.080182220055506,4.204656066758742,1,vacant,1457.398690431165,chattogram,"৳10,854,000","Yakub Future Park Housing, Khulshi"
"This 1220 Sq Ft Apartment Ready For Sale At East Rampura, Near Tasfia Pharmacy",3.292586872919942,2.0328996799263734,,,888.3969247241054,dhaka,"৳5,368,000","East Rampura, Rampura"
Grab This 1300 Square Feet Apartment For Sale At Mirpur,3.9240572121240533,4.767323056489172,4,vacant,3242.336410669148,dhaka,"৳5,850,000","Section 11, Mirpur"
A well-constructed 1325 SQ FT flat is for sale in Bakalia,4.672808543679983,5.031926206056588,4,vacant,2954.2374405792416,chattogram,"৳5,300,000","18 No. East Bakalia Ward, Bakalia"
Buy This 772 Sq Ft Apartment In Mirpur-10,3.2364385066135517,2.003706308383285,8,vacant,658.9534387380145,dhaka,"৳4,300,000","Section 10, Mirpur"
"For Your Well-done Business A Shop Of 156 Sq Ft Is Ready For Sale In Dhaka Trunk Road, 9 No. North Pahartali Ward",2.9265602304133718,3.0042512991798866,4,vacant,1303.7988165730123,chattogram,"৳3,120,000","Dhaka Trunk Road, 9 No. North Pahartali Ward"
1149 Sq Ft Suitable Apartment For Sale In 4 No Chandgaon Ward,4.246933131263409,4.024064327013344,3,vacant,1333.221697009615,chattogram,"৳7,500,000","Chandgaon Residential Area, 4 No Chandgaon Ward"
1085 Square Feet Residential Flat For Sale In Dakshin Khan,2.084935539867911,1.9971940181232986,7,vacant,1756.430947750331,dhaka,"৳6,000,000","South Mollartek, Dakshin Khan"
"Picture Yourself, Residing In This Well Constructed And Planned 2045 Sq Ft Apartment In Uttara-7, For Sale",1.970947047849817,1.9948522526420407,1,vacant,1079.9267590926356,dhaka,"৳23,625,000","Sector 7, Uttara"
Plan To Move In This 650 Sq Ft Flat Which Is Up For Sale In Mirpur 12,3.077269789549581,3.0599823448924086,4,vacant,581.8247347170493,dhaka,"৳3,200,000","Section 12, Mirpur"
2700 Square Feet Apartment For Sale In Gulshan 1,,,3,vacant,619.9510058403998,dhaka,"৳55,000,000","Gulshan 1, Gulshan"
Nice Flat Of 1150 Sq Ft Can Be Found In Dakshin Khan To Sale,3.4601460454066193,2.9072751235096312,8,vacant,1628.758133251804,dhaka,"৳4,870,000","Faydabad, Dakshin Khan"
"Obtain This Well Fitted Flat Of 1250 Sq Ft Which Is Up For Sale In Darussalam, Mirpur",3.0153710901525472,3.2958571324542465,4,vacant,1224.6113397893591,dhaka,"৳6,250,000","Darussalam, Mirpur"
1800 SQ FT flat is now for sale in Pirerbag,3.035489532518523,1.9299580562016263,9,vacant,544.9379759997651,dhaka,"৳9,000,000","Pirerbag, Mirpur"
1800 Sq Feet Ready Flat For Sale At Bayazid,4.238436348072831,5.009798325500793,12,vacant,4254.21422974458,chattogram,"৳12,500,000","Nasirabad, Bayazid"
"5 Katha Plot Ready For Sale At Sataish, Tongi Close To Sataish High School",2.8126474588764423,2.8536594790718017,,vacant,755.4032940721274,gazipur,"৳6,000,000","Tongi, Gazipur Sadar Upazila"
Plot for sale in Pahartali near Pahartali Eye Hospital,3.0737902992630475,3.01139566858204,,,1718.1100960745061,chattogram,"৳23,000,000","West Khulshi, 9 No. North Pahartali Ward"
"1593 Sq Ft Nicely Planned Apartment Is Available For Sale In Lalmatia, Block B",2.99427019799057,2.9086900162309908,4,vacant,1440.5288820747812,dhaka,"৳21,500,000","Block B, Lalmatia"
"Dwell In This 1955 Sq Ft Apartment, Which Is Now Up For Sale In Shiddheswari",3.0695450054067983,2.9567069319951464,1,vacant,1878.9836655875586,dhaka,"৳25,237,500","Shiddeswari Road, Shiddheswari"
An Apartment Of 1550 Sq.ft Is For Sale In The Location Of Bashundhara R-a Near The Aga Khan School.,3.8153707485175317,4.1022527057886915,1,vacant,3672.368574794526,dhaka,"৳12,500,000","Block G, Bashundhara R-A"
"Get This 950 Sq Ft Flat For Sale In Kazipara, Mirpur",1.6478382027556768,2.04618303259655,8,vacant,1138.3830360541829,dhaka,"৳6,100,000","East Kazipara, Mirpur"
A Shop Is Up For Sale In Middle Badda Near IFIC Bank Limited.,3.5407394932588065,4.05561513443855,,vacant,1663.4091643956174,dhaka,"৳3,000,000","Middle Badda, Badda"
A Comfy Life Is Awaiting You In This 1575 Sq Ft Apartment Ready For Sale At Katalganj R/a,2.752448386684397,2.826699253009426,5,vacant,2259.3517118813197,chattogram,"৳14,014,000","Katalganj Residential Area, 16 No. Chawk Bazaar Ward"
1365 Sq Ft Flat With Modern Residential Approaches Is For Sale In Mirpur-10,2.8983824761290644,2.1797281139790545,5,vacant,839.7675080003577,dhaka,"৳7,507,500","Section 10, Mirpur"
"See This Plot For Sale In Narayanganj, Bproperty Village",1.935044673141744,1.8833822508649711,,vacant,1138.5424250567496,narayanganj-city,"৳4,575,000","Rupganj, Narayanganj"
Close To East Madarbari City Corporation Girls High School A 1270 Square Feet Residential Apartment For Sale.,3.429185178176189,3.149559624723112,3,vacant,840.92722057457,chattogram,"৳6,604,000","Majhirghat Road, 30 No. East Madarbari Ward"
950 Sq. Ft. Flat Ready For Sale At North Pirerbag.,3.2450280434938117,3.099951350188816,3,vacant,927.4561267970746,dhaka,"৳3,500,000","Pirerbag, Mirpur"
"Start A New Home, In This 2900 Sq Ft Flat For Sale In Bashundhara R/A Block C, Near Independent University, Bangladesh",1.7868528778615325,2.056488212568481,5,vacant,1030.9600677898698,dhaka,"৳35,000,000","Block C, Bashundhara R-A"
"Convenient Flat Is Up For Sale In Rampura Nearby Rupali Bank Limited, Rampura Branch",,,2,vacant,2061.769368466201,dhaka,"৳9,000,000","East Rampura, Rampura"
Be The Owner Of This 1365 Sq Ft Beautiful Flat Which Is Vacant Now For Sale At Shahid Nagar,1.9098135788913526,2.0148320695460953,1,vacant,-285.6770605288609,chattogram,"৳6,000,000","Shahid Nagar, Bayazid"
Get Ready To Buy This 874 Sq Ft Apartment Located In 17 No. West Bakalia Ward,2.9370004226325555,2.953923436482532,5,vacant,1549.6117571669838,chattogram,"৳4,800,000","17 No West Bakalia Ward, Bakalia"
"1000 Sq Ft Suitable Flat For Sale In Gazipur, Chandana",3.041058095392812,2.002841331123916,4,vacant,381.3004384381805,gazipur,"৳4,300,000","Chandana, Gazipur Sadar Upazila"
1300 Sq Ft Flat Is Now Vacant For Sale In Shyampur,,,6,vacant,2421.0020396099358,dhaka,"৳8,000,000","West Dolairpar, Shyampur"
See This Lovely 2 Bedroom Flat For Sale In Chotopole,1.9248387514730356,0.8005353666871206,2,vacant,417.9441792290935,chattogram,"৳4,200,000","South Agrabad, Double Mooring"
"At South Khulshi, A 222 Square Feet Commercial Shop Is Waiting For Sale Close To Khulshi Police Station",2.235691701891162,2.109759202952677,4,vacant,123.02635410723758,chattogram,"৳6,500,000","South Khulshi, Khulshi"
125 Sq Ft Modern Shop Is Available For Sale In The Thriving Location Of 9 No. North Pahartali Ward,2.7470085292049085,2.9920641980466542,3,vacant,1605.6716544052808,chattogram,"৳4,375,000","Dhaka Trunk Road, 9 No. North Pahartali Ward"
"An Apartment Is Ready For Sale At Pallabi , Near Baitur Rahmat Jame Masjid.",3.001404391825913,3.9525654686832565,2,vacant,1417.9755644009774,dhaka,"৳7,000,000","Pallabi, Mirpur"
In The Beautiful Neighborhood In Chandgaon Near By Chandgaon C.D.A Abashik Elaka Jame Moshjid A 1700 Sq.Ft Flat Is Up For Sale,3.5755033693523917,2.9451756646641023,4,vacant,2566.5295417453226,chattogram,"৳8,160,000","Chandgaon Residential Area, 4 No Chandgaon Ward"
"Buy This 920 Sq Ft Flat Which Is Ready To Grow Your Home Experience In Great Wall City, Chandana",,,9,vacant,4320.3194458996495,gazipur,"৳3,220,000","Chandana, Gazipur Sadar Upazila"
120 Sq Ft Advanced Shop Area For Sale In 9 No. North Pahartali Ward,3.3175224698590142,2.912551819136503,5,vacant,2408.6160186436236,chattogram,"৳4,200,000","Dhaka Trunk Road, 9 No. North Pahartali Ward"
In Mirpur DOHS A Standard 1195 Sq.Ft Flat Is For Sale.,3.020275899302964,1.7793459003684302,2,vacant,1356.5554940355812,dhaka,"৳8,500,000","Mirpur DOHS, Mirpur"
"Picture Yourself, Residing In This Well Constructed And Planned 2045 Sq Ft Apartment In Uttara-7, For Sale",4.128668651410276,4.039834974187503,1,vacant,1114.527012962738,dhaka,"৳23,625,000","Sector 7, Uttara"
Nearly Finished 1380 Sq Ft Flat For Sale In Aftab Nagar,2.9874199290846235,3.050790815020945,3,vacant,468.2949863896396,dhaka,"৳9,500,000","Block E, Aftab Nagar"
Visit This Large 5 Katha Plot Is For Sale In Bproperty Village,2.9622469380511043,2.980467338621807,,vacant,1446.0286388337508,narayanganj-city,"৳5,000,000","Rupganj, Narayanganj"
Buy This 1000 Sq Ft Ready Flat For Sale In Gazipur,1.827309049218346,1.8876852516258515,5,vacant,262.456982958915,gazipur,"৳4,300,000","Chandana, Gazipur Sadar Upazila"
Acquire This Shop Which Is Up For Sale In Bandartila Near Bandartila Eye Hospital,3.0953314033943395,3.0087017578859583,4,vacant,822.252469550044,chattogram,"৳1,500,000","39 No. South Halishahar Ward, Halishahar"
Close To Railway Workshop Gate Jame Mosque This 900 Sq.Ft Residential Apartment For Sale,2.8113456218585675,2.8567051377010366,1,vacant,1989.1389767089897,chattogram,"৳4,500,000","Ambagan Road, Railway Colony"
"Take A Look At This 1950 Sq Ft Flat For Sale In Dakshin Khan, North Azampur",7.147457527928866,7.899492240604325,12,vacant,6673.347027373912,dhaka,"৳11,000,000","North Azampur, Dakshin Khan"
At Purbachal American City A Nice Residential Plot Space Is For Sale,3.240440637859276,2.9265491430801576,,vacant,444.5774886409537,narayanganj-city,"৳4,575,000","Rupganj, Narayanganj"
"An Apartment For Sale Is All Set For You To Settle In O.R Nizam Road, Panchlaish .",3.081203446637207,3.0825738888184318,12,vacant,1179.9753673879381,chattogram,"৳14,200,000","O. R Nizam Road, Panchlaish"
This 5 Katha Plot Which Is Available In Bproperty Village For Sale Will Ensure Your Higher Quality Of Living,2.936582832190385,1.964520902825257,,vacant,205.50879248562057,narayanganj-city,"৳5,000,000","Rupganj, Narayanganj"
1700 Square Feet Apartment Is For Sale In Bashundhara R-a Near Madinatul Ulum Madrasa Masjid.,,,6,vacant,4015.2185103057964,dhaka,"৳15,000,000","Block J, Bashundhara R-A"
"Buy This 1240 Sq Ft Pleasant Flat In Gazipur Sadar Upazila, Joydebpur With 3 Bedrooms",1.931614820723443,2.1912538096752354,9,vacant,1195.8642098780956,gazipur,"৳4,960,000","Joydebpur, Gazipur Sadar Upazila"
"Buy This 1350 Sq Ft Pleasant Flat In Gazipur, Joydebpur With Great Residential Features",3.207266415863053,3.034486137754923,6,vacant,1341.4442655898301,gazipur,"৳4,500,000","Joydebpur, Gazipur Sadar Upazila"
"A 3 Katha Plot Is Up For Sale In The Beautiful Location Of Bproperty Village, Narayanganj",1.5942599098080417,2.0331683838128685,,vacant,1197.1528022892742,narayanganj-city,"৳4,575,000","Rupganj, Narayanganj"
Nice 1050 SQ FT flat is available for sale in Taltola,1.9256476403659526,1.9638272130253307,3,vacant,32.90840998844203,dhaka,"৳5,000,000","Taltola, Agargaon"
"At Bayazid, Green Valley 1370 Sq Ft Apartment For Sale",2.558944220280333,2.9416489537261516,1,vacant,1019.7359448928866,chattogram,"৳6,500,000","Green Valley, Bayazid"
This Shop Is Up For Sale In Bandartila Near Bandartila Bus Stop,1.668775744862276,0.7860745064224218,1,vacant,763.1792991192073,chattogram,"৳4,575,000","39 No. South Halishahar Ward, Halishahar"
1400 Sq. Ft. Flat In Race Course Is Up For Sale Near Racecourse Cemetry,3.3021577731468863,3.0947848911562517,2,vacant,1752.4654960396408,cumilla,"৳5,320,000","North Race Course, Race Course"
Property In Aftab Nagar– 1500 Sq Ft Flat For Sale,3.198324357691177,3.043864156875974,5,vacant,931.281637688811,dhaka,"৳11,000,000","Block H, Aftab Nagar"
A Nice Flat Is For Sale In Mohammadpur Nearby Alhaj Mockbul Hossain University College,1.8406022687920633,0.9824697856587927,2,vacant,749.4262040980348,dhaka,"৳4,800,000","Katashur, Mohammadpur"
Plan to move in this 1400 SQ FT flat which is up for sale in 26 No. North Halishahar Ward,2.6671268633307905,1.9865732695508738,2,vacant,1097.197105591401,chattogram,"৳8,000,000","26 No. North Halishahar Ward, Halishahar"
Remarkable Office Of 2154 Sq Ft Is Available For Sale In Shiddheswari,2.343221468788544,3.072026875591925,9,vacant,1251.445892241825,dhaka,"৳32,310,000","Outer Circular Road, Shiddheswari"
Residential Plot Is Available For Sale In North Patenga Nearby Patenga Sea Beach,1.8795909228935332,1.8478818422474865,,vacant,836.5745925533903,chattogram,"৳7,500,000","40 No. North Patenga Ward, Patenga"
This Promising Flat With A Nice Environment Is Ready To Be Sold In Double Mooring,2.5362324685036235,1.9422839904350735,12,vacant,343.17874183085837,chattogram,"৳4,950,000","12 No. Sarai Para Ward, Double Mooring"
Comfortable Flat Is Up For Sale In Pallabi Nearby City Club Ground,3.096346727821615,2.8888202365540083,5,vacant,1569.740538338088,dhaka,"৳7,500,000","Pallabi, Mirpur"
1350 Sq Ft Ready Flat For Sale In Gazipur With Updated Home Facilities,2.8760291822946837,3.1733305348434055,9,vacant,1937.513185477646,gazipur,"৳4,500,000","Joydebpur, Gazipur Sadar Upazila"
Checkout This Decent 115 Sq Ft Shop Space For Sale In 9 No. North Pahartali Ward,3.1030365071818684,3.085677135973943,3,vacant,1449.5098498269037,chattogram,"৳4,025,000","Dhaka Trunk Road, 9 No. North Pahartali Ward"
Apartment For Sale In Kattali Nearby Kattali Jame Masjid,2.6541764339495004,2.784481008731896,2,vacant,519.9044780438315,chattogram,"৳6,500,000","Proshanti R/A, 10 No. North Kattali Ward"
"A Nicely Build 1050 Sq Ft Apartment Is Vacant For Sale In Mirpur, Turag City",2.934129296043692,2.8518883784776934,1,vacant,1098.1537677754768,dhaka,"৳5,500,000","Section 1, Mirpur"
"Reside Conveniently In This Well Constructed Flat For Sale In Pallabi , Near Pallabi Mazedul Islam Model High School",3.022038803529896,2.9870508460926253,6,vacant,1540.323174229273,dhaka,"৳6,600,000","Pallabi, Mirpur"
"Buy This 1480 Sq Ft Ready Apartment In Jamal Khan, Rahmatganj",2.9809247733003845,1.9537748317496282,3,vacant,2061.6716750970186,chattogram,"৳11,000,000","Rahmatganj, Jamal Khan"
"Buy This 1070 Sq Ft Flat In Uttara, Sector 10",3.175199673029587,2.8704179093316298,1,vacant,1356.8291257641085,dhaka,"৳9,630,000","Sector 10, Uttara"
Buy This Nice 2000 Square Feet Flat In Nasirabad,3.0763546579770007,2.1902821972922624,9,vacant,751.9729951551672,chattogram,"৳13,000,000","Nasirabad, Bayazid"
Worthy 1250 SQ FT Nice home is ready for sale at Mirpur 15,2.148064736271193,2.0305799754966385,8,vacant,1235.1633730997198,dhaka,"৳12,500,000","Section 15, Mirpur"
Properly Designed This 1445 Square Feet Apartment Is Now Up For Sale In Mogbari Choumohoni.,1.8474941006884058,2.0464576550672713,7,vacant,415.07396748540884,cumilla,"৳5,650,000","Mogbari Choumohoni, Chotora"
Visit This Apartment For Sale In Halishahar Near Abdul Gofur Mosque,3.1989071172821526,1.9322908875184237,7,vacant,1833.6280336022214,chattogram,"৳6,500,000","37 No. North-Middle Halishahar Ward, Halishahar"
"Look At This Commercial Space Of 105 Sq Ft At Mohara, Kazirhat Up For Sale",3.360883929425855,2.070669776033118,1,vacant,1212.4215154265607,chattogram,"৳2,100,000","Mohara, 4 No Chandgaon Ward"
1410 Sq Ft Ready Apartment Is Up For Sale In East Nasirabad,3.785067573491357,3.9627771558496145,1,vacant,1696.6572551308873,chattogram,"৳8,000,000","Govt Girls High School Road, East Nasirabad"
Visit This 1240 Sq Ft Brand New Apartment For Sale In 4 No Chandgaon Ward,2.803334870121395,2.9722767335579476,2,vacant,1149.507033760999,chattogram,"৳7,000,000","Chand Mia Road, 4 No Chandgaon Ward"
Grab This 247 Sq Ft Nice Shop Available To Sale In 29 No. West Madarbari Ward,4.2959372373865685,3.059782524163925,,vacant,2057.4647844683736,chattogram,"৳2,964,000","1 No. Goli, 29 No. West Madarbari Ward"
Take a Look at This 4500 Sq Ft Office for sale in Bagmoniram,2.9576085680349724,1.8406132996299334,1,vacant,1890.270921534334,chattogram,"৳55,620,000","Chatteshwari Road, 15 No. Bagmoniram Ward"
Plot For Sale In Purbachal Marine City,3.3110105525692792,2.156258674930122,,vacant,698.1519248870999,narayanganj-city,"৳3,900,000","Rupganj, Narayanganj"
"Get Ready For Your Countless Peaceful Days With This 1096 Sq Ft Flat At 1st Colony, Mirpur Is Up To Sale",2.9019581286728946,3.0178455853719157,13,vacant,1218.606649178328,dhaka,"৳6,600,000","1st Colony, Mirpur"
A Perfect 5 Katha Residential Plot Is Available For Sale At Purbachal Marine City,2.3223590488411534,3.125331968061045,,vacant,1565.6657113603803,narayanganj-city,"৳6,500,000","Rupganj, Narayanganj"
"Flat up for sale in Rupnagar R/A area, near Jaman Plaza",4.029130113539221,3.894777248169853,4,vacant,1753.693903995935,dhaka,"৳5,100,000","Rupnagar R/A, Mirpur"
"700 Sq Ft Apartment Is Available For Sale In Tongi, Gazipur",2.057209477989703,1.9096743628280806,,vacant,1086.7084411614396,gazipur,"৳2,240,000","Tongi, Gazipur Sadar Upazila"
"Picture yourself, residing in this well constructed and planned 1350 SQ FT apartment in Maghbazar for sale, near Khilgaon Government High School",3.3466565043707455,2.8863157033183238,,,1675.3452881900091,dhaka,"৳7,000,000","Boro Maghbazar, Maghbazar"
"1609 Sq Ft Suitable Apartment For Sale In Banasree, Block H",2.9198513167493965,3.024489981453643,2,vacant,298.6796421875715,dhaka,"৳12,800,000","Block H, Banasree"
"Residential Apartment For Sale in Tipu Sultan Road, Middle Pirerbag",2.7914984735644333,2.0064560322236464,7,vacant,1102.2476618237476,dhaka,"৳5,700,000","Pirerbag, Mirpur"
"1300 Sq Ft Residential Apartment Is Up For Sale At Uttara, Sector 10",1.9006225414499986,1.9545603571989516,6,vacant,1202.4287131114393,dhaka,"৳8,000,000","Sector 10, Uttara"
"You can buy this lovely apartment of 2180 sq ft to live a relaxed life at Bashundhara R-A, Block J",3.100212628707896,1.9007799974244048,7,vacant,1228.303676423366,dhaka,"৳17,500,000","Block J, Bashundhara R-A"
1120 Sq.Ft Flat Is Available For Sale In East Hazipara Near To East Hazipara Masjid.,2.6531128553951144,1.8760718834309853,5,vacant,1171.4666242361711,dhaka,"৳6,160,000","East Rampura, Rampura"
"Start Residing In This 1450 Sq Ft Properly Developed Flat For Sale, In Bayazid",3.141228919006929,2.995256169141786,7,vacant,1306.1478252534544,chattogram,"৳6,600,000","Chadra Nagar, Bayazid"
1530 Sq Ft Flat Is Now Vacant For Sale In Mehidibag,2.8806375468077863,2.954445395053856,2,vacant,2055.738853554914,chattogram,"৳12,000,000","Mehidibag, 15 No. Bagmoniram Ward"
"1800 Square Feet Flat Is Available For Sale In Bashundhara R-a, Block J",2.2542929263495903,1.9329178639634224,8,vacant,149.3559919948957,dhaka,"৳16,000,000","Block J, Bashundhara R-A"
"879 Sq Ft Apartment For Sale In West Kazipara, Mirpur",2.469561993690945,2.1513725334283182,4,vacant,843.855888859153,dhaka,"৳5,274,000","West Kazipara, Mirpur"
"Buy This 1800 Sq Ft Flat In Panchlaish, Sugandha Residential Area",3.825739757400967,3.9919449737161625,6,vacant,3756.6325200191577,chattogram,"৳15,824,000","Sugandha Residential Area, Panchlaish"
Close To Mirpur 10 Block C Water Tank A 1518 Square Feet Residential Apartment For Sale,,,6,vacant,3889.75408097803,dhaka,"৳10,000,000","Section 10, Mirpur"
"Buy This 160 Sq Ft Shop In Muradpur, East Nasirabad",2.8169524382980122,2.947824780290703,5,vacant,1701.7882595580197,chattogram,"৳8,000,000","East Nasirabad, Muradpur"
"Deal With This 975 Sq Ft Flat Up For Sale In Kazipara, Mirpur",3.0548693082978815,3.023949749858632,6,vacant,2509.0087767557316,dhaka,"৳6,300,000","East Kazipara, Mirpur"
Buy This 772 Sq Ft Apartment In Mirpur-10,2.9602931169654005,1.994572036588375,8,vacant,1470.0118590565667,dhaka,"৳4,300,000","Section 10, Mirpur"
1450 Square Feet Flat With Amazing Supply Of Utilities Is Up For Sale In Bagichagaon,2.9438652964169627,2.8338988196224286,10,vacant,1781.3811936241896,cumilla,"৳5,900,000","North Bagichagaon, Bagichagaon"
Get Comfortable In A Flat For Sale In Paikpara Nearby Paikpara Jame Mosjid,2.964733280823067,3.1397535113191823,1,vacant,1114.9914816867808,dhaka,"৳4,410,000","Paikpara, Mirpur"
A Nicely Build 980 Sq Ft And 3 Bedroom Apartment Is Vacant For Sale In Middle Paikpara Close To Bowshagari Central Masjid.,3.0450597842850815,1.9867761082459248,7,vacant,451.77804585655883,dhaka,"৳5,500,000","Middle Paikpara, Mirpur"
"A 780 Sq Ft Flat Can Be Found In Bank Colony For Sale, Near Happy Isle International School",2.7765632056446905,2.073032114765005,3,vacant,880.6262025928389,dhaka,"৳2,730,000","Bank Colony, Savar"
Remarkable Office Of 2154 Sq Ft Is Available For Sale In Shiddheswari,3.1565994781400137,2.9264189344247256,9,vacant,1658.950445346561,dhaka,"৳32,310,000","Outer Circular Road, Shiddheswari"
"A 3 Katha Plot Is For Sale In Bproperty Village, Rupganj",,,,vacant,3645.1106066496363,narayanganj-city,"৳4,575,000","Rupganj, Narayanganj"
A Finely Built 1638 Sq Ft Flat Is Up For Sale In 10 No. North Kattali Ward,,,4,vacant,3122.9558028205606,chattogram,"৳8,000,000","Dhaka- Chattogram Highway, 10 No. North Kattali Ward"
1530 Sq Ft Flat Is Now Vacant For Sale In Mehidibag,3.123297575127098,2.1209343243080747,2,vacant,749.8591802253836,chattogram,"৳12,000,000","Mehidibag, 15 No. Bagmoniram Ward"
"2300 Sq Ft Flat With Comfiest Home Facilities, Is Up For Sale In Bashundhara R-a, Block J",4.065670124948923,4.030469356995461,5,vacant,1624.7868402399754,dhaka,"৳15,000,000","Block J, Bashundhara R-A"
"A Modern Flat Of 1380 Sq Ft Is Up For Sale In New Town R/a, Demra",3.450861680822263,4.035913774048335,6,vacant,1747.6374143614917,narayanganj-city,"৳6,500,000","Matuail, Demra"
"1459 Sq Ft Apartment Is Ready For Sale At Uttara, Near Uttara Model Town Post Office",3.980704663415387,4.132889388139744,1,vacant,2086.490803136691,dhaka,"৳13,500,000","Sector 3, Uttara"
"1200 Sq Ft Residential Flat Is Being Constructed For Sale In Mirpur, Ahmed Nagar",,,4,vacant,636.5317123685347,dhaka,"৳7,500,000","Ahmed Nagar, Mirpur"
Visit This Residential Plot For Sale In Ashulia Near Baitul Lattif Jame Masjid.,1.8330592264318275,2.0748837346992017,,,18.74726125720065,dhaka,"৳11,700,000","Ashulia, Savar"
A Well-constructed 250 Sq Ft Flat Is For Sale In Bashundhara R-a,2.7713066737781755,2.860893327571179,3,vacant,1709.3054408615646,dhaka,"৳3,400,000","Block C, Bashundhara R-A"
"Apartment For Sale In West Firojshah Colony, Near Pashchim Ferozshah Jaame Masjid",1.7242926625096344,1.9319323725496096,5,vacant,257.94553829793665,chattogram,"৳6,500,000","West Firojshah colony, 9 No. North Pahartali Ward"
A Reasonable Apartment Is Available For Sale At Mirpur-10,2.803090802667486,2.901776146894619,4,vacant,1632.5216346166164,dhaka,"৳5,500,000","Section 10, Mirpur"
Flat For Sale In Agargaon Close To Agargaon Jame Masjid,2.984341067405264,3.071184388069218,1,vacant,1209.342138739036,dhaka,"৳8,500,000","West Agargaon, Agargaon"
"See This 3 Bedroom Smartly Priced Apartment Which Is Up For Sale In North Ibrahimpur, That You Should Check.",3.0740616386264352,3.0166971703891274,3,vacant,2795.37537765248,dhaka,"৳9,500,000","North Ibrahimpur, Ibrahimpur"
"Buy This 1465 Sq Ft Residential Flat In Mirpur, Pallabi",3.0113303016891795,2.8639475015963405,5,vacant,958.113299721282,dhaka,"৳8,600,000","Pallabi, Mirpur"
1900 Sq Ft Residential Duplex Property Is Now For Sale Which Is In Bashundhara R-a,2.8303989731242085,3.9815326198325587,1,vacant,1761.612239813106,dhaka,"৳21,000,000","Block B, Bashundhara R-A"
"Built With Modern Amenities, Check This Flat For Sale Which Is 1250 Sq Ft In Shah Ali Bag",3.19943199345185,2.853810932391655,8,vacant,1640.4676420849814,dhaka,"৳7,000,000","Section 1, Mirpur"
"You Can Move Into This Well Planned And Comfortable Residential Flat In Uttara Sector 11 For Sale , Of 948 Sq Ft, Near Shaheed Monsur Ali Medical College And Hospital",,,5,vacant,2073.446615324837,dhaka,"৳7,000,000","Sector 11, Uttara"
A 1180 Sq Ft Flat Is Up For Sale In A Well Secured Location Of Sholokbahar,3.9646306085740872,3.8380326852826907,6,vacant,1911.1041928608768,chattogram,"৳7,500,000","Abdullah Khan Road, Sholokbahar"
"Plot For Sale In A Suitable Place In Narayanganj, Rupganj, Bproperty Village",2.8553492544841146,3.051742292955746,Merin City - Purbach,vacant,1448.3846880985138,narayanganj-city,"৳4,575,000","Rupganj, Narayanganj"
"Start Your New Home, In This 1570 Sq.Ft Flat For Sale In Kalamia Bazar, Bakalia",3.1215018318324717,3.036981157687947,3,vacant,1100.431387311759,chattogram,"৳6,280,000","18 No. East Bakalia Ward, Bakalia"
Take a Look at This 146 Sq Ft shop for sale in Chandgaon,2.041644734610022,2.1866802144786157,1,vacant,657.0703242859013,chattogram,"৳2,920,000","Mohara, 4 No Chandgaon Ward"
"Picture Yourself, Residing In This Well Constructed And Planned 2258 Sq Ft Apartment In Uttara Sector 13 For Sale, Near Milestone College",3.6791736743103023,4.082958826239801,2,vacant,3119.980114481125,dhaka,"৳28,000,000","Sector 13, Uttara"
2 Katha Plot is now available for sale in Bonomala,3.9849392685586684,4.958620620913871,,vacant,1897.3778548686296,gazipur,"৳3,000,000","Tongi, Gazipur Sadar Upazila"
Get Comfortable In A Nice Flat For Sale In North Pahartali Nearby Masjid E Quba,3.058052899867998,4.080042779458437,4,vacant,1841.2563276697667,chattogram,"৳7,800,000","Rose Valley Residential Area, 9 No. North Pahartali Ward"
"3 Katha Plot For Sale In Bproperty Village, Narayanganj",2.800676514640269,1.8632477795005007,,vacant,1239.5410328508003,narayanganj-city,"৳3,600,000","Rupganj, Narayanganj"
"Buy This Nice Flat Of 1450 Sq Ft, Which Is Located At North Bagichagaon",3.0420589818916226,2.9058283844079065,11,vacant,1030.3303857133612,cumilla,"৳5,900,000","North Bagichagaon, Bagichagaon"
Flat For Sale In Mirpur Near Senpara Jame Masjid,2.677690376007046,2.0325958062057725,2,vacant,1247.7955337770302,dhaka,"৳4,275,000","Section 10, Mirpur"
"At Kazirhat 120 Sq Ft Ready Shop For Sale, With Flexible Shop Features",2.296026246393368,1.7888294619350964,,vacant,-101.63067434618688,chattogram,"৳3,000,000","Mohara, 4 No Chandgaon Ward"
A Reasonable Apartment Is Available For Sale At Mirpur-10,3.27647791708089,1.9963640615426248,4,vacant,1341.420423296446,dhaka,"৳5,500,000","Section 10, Mirpur"
"A nice residential flat of 700 SQ FT for sale can be found in Section 12, Mirpur nearby Mirpur Adhunik Hospital And Diagnostic Center",1.9440558776788017,1.900173945543352,,,645.4209943843975,dhaka,"৳3,500,000","Section 12, Mirpur"
Create your home in a 1200 SQ FT apartment for sale in Mirpur DOHS,3.080521735232022,3.0099122292085743,3,vacant,1253.0412047683935,dhaka,"৳10,000,000","Mirpur DOHS, Mirpur"
Get Comfortable In A 1450 Sq Ft Flat For Sale In Bagichagaon,2.4660922205146685,1.8945505839527468,8,vacant,266.2064340934061,cumilla,"৳5,510,000","North Bagichagaon, Bagichagaon"
This Slender Flat At Somobay Residential Area Meeting Your Residential Concerns Is The Perfect Home To You.,2.7438161814503372,2.0415098906330322,2,vacant,1073.7343945993182,chattogram,"৳5,592,000","Somobay Residential Area, Bayazid"
963 Sq. Ft Flat For Sale Beside To Khilkhet Bazar Masjid In Dumni .,2.9349145519465143,2.001891061319595,1,vacant,1608.4803906269271,dhaka,"৳2,503,800","Bazar Road, Dumni"
1739 Sq Ft Flat With A Calm Environment Is For Sale In 9 No. North Pahartali Ward,2.7624735701378107,3.137016596948784,8,vacant,603.8096291588456,chattogram,"৳8,695,000","West Khulshi R/A, 9 No. North Pahartali Ward"
Ready To Move in Dakshin Khan | 1475 SFT 3 bedroom Apt. | Well Maintained,4.1582714482569845,4.0006589298793385,9,vacant,2852.1865704231573,dhaka,"৳8,850,000","South Mollartek, Dakshin Khan"
"Acquire This 110 Sq Ft Shop Which Is Up For Sale In Dhaka Trunk Road, 9 No. North Pahartali Ward",4.4424924005169935,3.9247933556969645,5,vacant,1673.9056177190616,chattogram,"৳3,850,000","Dhaka Trunk Road, 9 No. North Pahartali Ward"
1740 Sq Ft Luxurious Apartment Is Ready For Sale In South Khulshi Area,2.7393261022243314,2.9758438423897253,2,vacant,1688.9662958765336,chattogram,"৳11,500,000","South Khulshi, Khulshi"
A 435 Sq. Ft. Commercial Shop Is Available To Sale In Bakalia Nearby Dewan Bazar.,3.8144636080251892,3.868475307493837,2,vacant,1733.4259750296046,chattogram,"৳7,000,000","Dewan Bazar, Bakalia"
"Readily Available A Nice 14528 Sq Ft Commercial Space For Sale At 28 No. Pathantooly Ward, Double Mooring",3.052162566793351,3.0397378598429405,2,vacant,2364.2666009921077,chattogram,"৳363,200,000","28 No. Pathantooly Ward, Double Mooring"
At Khilkhet Close To Kurmitola High School and College A 1125 Sq.Ft Residential Apartment For Sale,3.3569358085222847,3.057712968078735,7,vacant,1708.449347706806,dhaka,"৳5,925,000","School Road, Khilkhet"
"1510 Sq Ft Apartment For Sale In Bakalia, Dewan Bazar",2.7291882624541857,3.2415945961470767,1,vacant,1802.8880536609909,chattogram,"৳10,419,000","Dewan Bazar, Bakalia"
"A Perfect Residential Plot Is Available For Sale At Bproperty Village, Narayanganj",4.055172874872903,2.939157437162824,,vacant,1563.518001428737,narayanganj-city,"৳7,625,000","Rupganj, Narayanganj"
Commodious 2000 Sq Feet Residential Apartment For Sale In Bayazid,4.403500876383797,2.973798061832268,11,vacant,532.1639948382442,chattogram,"৳13,000,000","Nasirabad, Bayazid"
In The Location Of Patharghata An Apartment Is For Sale Near Patharghata Girls&#039; High School.,3.634059910833557,3.9436658142477037,8,vacant,3191.514774713207,chattogram,"৳6,850,000","Patharghata, Kotwali"
1650 SQ FT flat is now Vacant for sale in Mirpur,1.7161846626983723,2.020753930915383,7,vacant,729.4786251080232,dhaka,"৳9,900,000","Paikpara, Mirpur"
A 1380 Sq.ft Apartment Is For Sale In Auchpara Close To Rainbow Grammar School,2.9061517900411533,3.0373459090167154,1,vacant,1777.714599565029,gazipur,"৳5,000,000","Tongi, Gazipur Sadar Upazila"
Ideal 8.08 Katha Plot For Sale In Gulshan 1,2.8846658906479683,3.9947776224356044,,vacant,2343.1740632282754,dhaka,"৳300,000,000","Gulshan 1, Gulshan"
"Plan to move in this 1463 SQ FT flat which is up for sale in Mirpur, 2nd Colony",3.1800282977243493,2.1062898478982506,3,vacant,1343.4168676729798,dhaka,"৳5,852,000","2nd Colony, Mirpur"
Check This Fine Looking Plot Offered For Sale At Bproperty Village,4.053538664832978,4.939632612467536,,vacant,2068.070730178355,narayanganj-city,"৳4,575,000","Rupganj, Narayanganj"
"Buy This 2295 Sq Ft Flat In 15 No. Bagmoniram Ward, Nasirabad",2.6067648391180582,3.096490646060649,4,vacant,1845.7875901472726,chattogram,"৳25,000,000","Nasirabad, 15 No. Bagmoniram Ward"
"1285 Sq Ft Ready Flat For Sale In Gazipur, Chandra",3.1141869436610894,3.0526884741199956,8,vacant,934.0109057589217,gazipur,"৳4,112,000","Chowrasta, Chandra"
"A 1550 Sq Ft Flat Is Here For Sale At Khilbari Tek, Badda",2.8720487595488846,2.99882295143987,6,vacant,3002.9380488213606,dhaka,"৳10,850,000","Khilbari Tek, Badda"
Visit This Apartment For Sale In Pallabi Near Baitul Ibada Mosjid,2.2823482641034456,1.9691855205479964,3,vacant,2478.3465821255604,dhaka,"৳6,000,000","Pallabi, Mirpur"
3 Bedroom Adequate Living Flat Is Up For Sale In Bakalia With Satisfactory Price,2.860960697994845,3.237433483790567,4,vacant,2133.688754641308,chattogram,"৳8,250,000","Dewan Bazar, Bakalia"
"Vacant For Sale In Matuail, A 1050 Sq. Ft. Well Defined Flat",2.858960639800332,2.92006107571391,8,vacant,2355.4661319548195,narayanganj-city,"৳6,000,000","Matuail, Demra"
"Built With Modern Amenities, Check This 1300 Sq Ft Flat Which Is Up For Sale At Uttar Cyabithy, Joydebpur",3.1198853659305414,3.0291508023254834,6,vacant,1269.0602741875177,gazipur,"৳5,200,000","Joydebpur, Gazipur Sadar Upazila"
"Check Out This 800 Sq Ft Apartment For Sale In Tongi, Gazipur",3.169023059615904,1.9265959969951418,1,vacant,1802.8352836137406,gazipur,"৳2,560,000","Tongi, Gazipur Sadar Upazila"
A Beautiful Apartment Is Up For Sale At Tongi Near Amzad Ali Sarkar Pilot Girls&#039; High School And College,3.0992744743535963,3.1747112490156137,6,vacant,1317.0544105865172,gazipur,"৳2,950,000","Tongi, Gazipur Sadar Upazila"
"This Very New Nice Flat Of 1000 Sq Ft Is Up For Sale In Chandana, Gazipur Sadar Upazila",,,8,vacant,20564.017808268098,gazipur,"৳4,300,000","Chandana, Gazipur Sadar Upazila"
Visit This 1300 Square Feet Flat For Sale At South Agrabad.,3.1191992011298932,1.9336279248023787,1,vacant,1805.6671172733822,chattogram,"৳7,150,000","South Agrabad, Double Mooring"
Ready Flat Of 900 Sq Ft Is Now For Sale In Mirpur -2,2.7708535284502505,3.0501540495710904,6,vacant,1688.1079267889963,dhaka,"৳5,500,000","Section 2, Mirpur"
"1000 Sq Ft Commercial Space Is For Sale In Luxmibazar, Sutrapur",3.052124404062328,2.0252138318648956,1,vacant,1036.118432285057,dhaka,"৳35,000,000","Luxmibazar, Sutrapur"
"In The Beautiful Location Of Bproperty Village, Rupganj, A Plot Is Up For Sale",2.6845777988797175,2.949451664074417,Merin City - Purbach,vacant,1061.836049308573,narayanganj-city,"৳4,575,000","Rupganj, Narayanganj"
Luxury All Around In This 1400 Sq.Ft West Nimtala Flat Which Is Up For Sale.,3.0988807397548865,3.0741813833946274,4,vacant,896.8186685126768,chattogram,"৳7,000,000","Bandar, 36 Goshail Danga Ward"
A Decent Apartment In Mohakhali Near Jabala ICDDRB Is Up For Sale,2.821301504345136,3.0380909726664407,5,vacant,1102.7740018034956,dhaka,"৳5,500,000","Dakhshin Para, Mohakhali"
"3100 Sq Ft Office For Sale In Naddapara-ashiyan City Road, Taltola",2.7158378454863183,3.021104700840407,,,2069.4038359674664,dhaka,"৳23,000,000","Taltola, Dakshin Khan"
"A Nice 955 Square Feet House Is Available For Sale At South Pirerbag, With An Affordable Deal.",3.1581437612627177,2.9958984318953643,3,vacant,534.0188636299389,dhaka,"৳5,000,000","Pirerbag, Mirpur"
Nearly Finished 1380 Sq Ft Flat For Sale In Aftab Nagar,,,3,vacant,3398.8133601299637,dhaka,"৳9,500,000","Block E, Aftab Nagar"
"Buy This Nice Flat Of 1350 Sq Ft Which Is Located At Rammala Road, South Thakur Para",1.8639760974258825,2.0224440743528893,6,vacant,103.68134422020978,cumilla,"৳4,725,000","South Thakur Para, Thakur Para"
150 Sq Ft Pleasant Shop For Sale In 9 No. North Pahartali Ward,2.3215023921572304,2.0057818940720016,4,vacant,-209.577688110331,chattogram,"৳3,000,000","Dhaka Trunk Road, 9 No. North Pahartali Ward"
"1400 Sq Ft Apartment For Sale In Ak Fazlul Haque Babu Rd, East Kazipara, Mirpur",2.90237536349147,2.9372808075804757,4,vacant,1363.6070829910923,dhaka,"৳6,300,000","East Kazipara, Mirpur"
An Apartment for sale is all set for you to settle in Double Mooring close to CDA Central Mosque,2.0071133161809955,2.1657238894051707,1,vacant,818.8884761406946,chattogram,"৳7,500,000","South Agrabad, Double Mooring"
A 3 katha Residential Plot Is For Sale In Bproperty Village,3.0595766102642967,2.8972233155136484,,vacant,1815.002392729954,narayanganj-city,"৳4,575,000","Rupganj, Narayanganj"
"Plot Of 5 Katha Is Up For Sale In Narayanganj, Rupganj, Bproperty Village",2.8627156946953254,3.0418413921223086,,vacant,546.2777210994283,narayanganj-city,"৳7,625,000","Rupganj, Narayanganj"
"Buy This 1240 Sq Ft Pleasant Flat In Gazipur Sadar Upazila, Joydebpur",2.104378206354336,1.9686665490886741,9,vacant,193.72383804770175,gazipur,"৳4,960,000","Joydebpur, Gazipur Sadar Upazila"
&#039;Full building sale in Basundhara&#039;,1.881815941686965,2.172160130523156,,,-788.5357915849136,dhaka,"৳65,000,000","Block F, Bashundhara R-A"
"1332 Sq Ft An Apartment Is Ready For Sale At Ibrahimpur , Near Masjidul Abrar",2.908803311607404,2.911600174525274,1,vacant,233.9481759100986,dhaka,"৳7,326,000","Anando Road, Ibrahimpur"
5 Katha nice Plot is now for sale in Bproperty Village,2.30188757825939,1.9280593245141076,,vacant,2013.396889496851,narayanganj-city,"৳5,625,000","Rupganj, Narayanganj"
"A 1,365 Sq Ft Flat Is Up For Sale In A Well Secured Location Of Uttar Badda",1.769462664540709,1.9051096794875386,3,vacant,2185.3516765459244,dhaka,"৳8,540,000","Uttar Badda, Badda"
Purchase The 702 Sq. Ft Shop For Your Startup,3.4654589620934546,4.031648928311409,1,vacant,2455.8668147841186,chattogram,"৳12,636,000","Chand Mia Road, 4 No Chandgaon Ward"
"1440 Sq Ft Flat With 3 Bedrooms For Sale At Bayazid, Hill View R/a, Block A",3.356896117842596,2.865656021369505,3,vacant,763.6495997267559,chattogram,"৳6,192,000","Hill View R/A, Bayazid"
"5 Katha Plot for sale in Bproperty Village, Rupganj",2.5647925724036993,1.9531791333219877,,vacant,520.1868522214911,narayanganj-city,"৳7,625,000","Rupganj, Narayanganj"
Appealing Property In Khilkhet – 3 Bedroom Flat For Sale,2.910214348563819,1.78940515697987,7,vacant,1766.3216374768972,dhaka,"৳7,680,000","Amtola, Khilkhet"
"Checkout This 1549 Sq Ft Flat For Sale At Double Mooring, South Agrabad",2.570901916258928,2.0235236486259334,2,vacant,1140.0846311139762,chattogram,"৳7,200,000","South Agrabad, Double Mooring"
A Shop Is Up For Sale In Chandgaon Near Hoque Super Market,2.931213619092628,2.951057265202058,5,vacant,1397.1725498135934,chattogram,"৳3,068,000","CDA Avenue, Sholokbahar"
"164 katha Residential Plot For Sale At Shafipur, Gazipur Sadar Upazila .",2.936588544460836,2.8544034322298426,,vacant,1417.3145791646314,gazipur,"৳272,000,000","Shafipur, Gazipur Sadar Upazila"
View This Secured 1545 Sq Ft Flat For Sale In West Khulshi R/a,2.9579231951612748,3.1062197417246282,5,vacant,972.294806687828,chattogram,"৳7,725,000","West Khulshi R/A, 9 No. North Pahartali Ward"
"Choose This 1550 Sq Ft Apartment Ready For Sale In Aftab Nagar, Block A",2.753333698931321,2.872053392474519,7,vacant,1012.9729782419604,dhaka,"৳11,500,000","Block A, Aftab Nagar"
Reasonable 1654 Sq Ft Apartment For Sale In Uttara 18,3.128399262319224,3.0779756998161263,5,vacant,1576.7235353931796,dhaka,"৳12,500,000","Sector 18, Uttara"
"900 Square Feet Apartment Is For Sale At Kamal Sharani, West Monipur",3.116202338514196,3.9314077650226613,3,vacant,1207.432523863686,dhaka,"৳4,320,000","West Monipur, Mirpur"
1305 Apartment In A Convenient Price Is For Sale At South Khulshi,2.66892090389188,3.1567032282951533,8,vacant,1672.1634043315828,chattogram,"৳11,000,000","South Khulshi, Khulshi"
1400 Sq Ft Flat Is Available For Sale In Mirpur 12 Nearby City Bank,3.154904009233641,3.0733385916114746,2,vacant,951.8773581731502,dhaka,"৳7,800,000","Section 12, Mirpur"
"Great News! In The Suitable Location Of Sholokbahar, An Eye-catching Flat Of 1000 Sq Ft Is Up For Sale",3.454763472115108,2.9013691441903813,7,vacant,1226.7378067629256,chattogram,"৳5,500,000","Badurtala, Sholokbahar"
4 Katha Residential Plot Is Up For Sale At Kushumbag Close To Kalibari Temple,3.038097067271868,1.9102695024848921,,vacant,1923.8266422696183,dhaka,"৳18,000,000","Rajarbag, Bashabo"
"Buy This Nice 1200 Sq Ft Apartment In Halishahar, To Fulfill Your Wish",2.9252670705523243,2.0592466597382777,4,vacant,1006.6656057350551,chattogram,"৳4,500,000","37 No. North-Middle Halishahar Ward, Halishahar"
Buy This Flat For The vibrant Urban Lifestyle You Dream About,1.9685398025496088,1.9743280251609145,11,vacant,1454.174934550867,chattogram,"৳4,950,000","12 No. Sarai Para Ward, Double Mooring"
"Check Out This 1544 Sq Ft Ready Apartment To Buy At Sholokbahar, Al-madani Road",3.1363074734067085,3.9834309491889686,1,vacant,615.3141937608902,chattogram,"৳9,264,000","Al-Madani Road, Sholokbahar"
An Apartment Of 1280 Sq.Ft Is Up To Sale In West Sholoshohor Near Mohammadpur Jame Mosque.,,,1,vacant,5916.609956151092,chattogram,"৳6,000,000","Mohammad Pur Road, 7 No. West Sholoshohor Ward"
1802 SQ FT Apartment for Sale in Uttara nearby Police Station,4.036420048632368,3.926745716697371,2,vacant,2616.6821780482505,dhaka,"৳16,000,000","Sector 4, Uttara"
Check This 1700 Sq.Ft Apartment Which Is For Sale At Bayazid Near To Paharika Abashik Jam-E-Masjid.,2.913494402231581,3.0089324953109085,8,vacant,2410.791719819929,chattogram,"৳7,000,000","Sangbadik Co-operative Housing Society, Bayazid"
1310 Sq. Ft Apartment For Sale In Mayor Goli Near Amin Jute Mills Limited,3.4093776327804726,3.093404052513833,9,vacant,319.1441701213655,chattogram,"৳5,500,000","Mayor Goli, 7 No. West Sholoshohor Ward"
Look At This Nice 2200 Sq Ft Flat Is Up For Sale At Lake Valley R/A,2.9614127847820875,2.0791668259373504,8,vacant,1042.0343092679377,chattogram,"৳12,000,000","Lake Valley R/A, 9 No. North Pahartali Ward"
"Pick This 1325 Sq Ft Apartment For Sale In Aftab Nagar, Block F",3.3695132803141834,3.9843829500061636,1,vacant,2488.643661095355,dhaka,"৳9,275,000","Block F, Aftab Nagar"
"A 14528 Sq Ft Commercial Space Is Available For Sale Which Is Located In 28 No. Pathantooly Ward, Double Mooring",2.7554710262642095,1.9717324592410252,3,vacant,577.0313340562652,chattogram,"৳363,200,000","28 No. Pathantooly Ward, Double Mooring"
"118 Square Feet Commercial Shop For Sale At Kazirhat, 4 No Chandgaon Ward",3.1301047262856154,2.829868340464092,,vacant,1071.7662782359666,chattogram,"৳2,950,000","Mohara, 4 No Chandgaon Ward"
New With A View – 1841 Sq Ft Flat For Sale In South Khulsi,3.070761745827402,2.89665337274026,2,vacant,2249.870148789199,chattogram,"৳16,000,000","South Khulshi, Khulshi"
"Worthy 1300 Sq Ft Residential Apartment Is For Sale At Ahmed Nagar, Mirpur",1.8074663441555372,2.0311493569692565,1,vacant,911.1649632595276,dhaka,"৳7,500,000","Ahmed Nagar, Mirpur"
Flat For Sale Covering A Beautiful Area In Bashundhara R-a Nearby Basundhara Residential Area Puja Mondop.,3.039301341287911,2.986509134447668,4,vacant,2438.3644883383686,dhaka,"৳14,500,000","Block I, Bashundhara R-A"
"Make This 1852 Sq Ft Flat For Sale, Your Residing Location, In Bashundhara R/A Near JFP",3.26862829956489,3.0073311219594103,5,vacant,1745.201969576741,dhaka,"৳21,500,000","Block A, Bashundhara R-A"
"Make This 1100 Sq Ft Flat Your Next Residing Location, Which Is Up For Sale In North Shahjahanpur",2.9282653495404563,3.1016841321559143,3,vacant,2299.9728043427353,dhaka,"৳9,000,000","Amtola Masjid Goli Road, North Shahjahanpur"
Checkout This 915 Sq Ft Flat Available For Sale In Kandirpar,2.6251529992214846,2.88382824094672,7,vacant,1233.0977751112355,cumilla,"৳4,700,000","Manoharpur, Kandirpar"
1275 Sq Ft Residential Apartment For Sale At 14 No. Lalkhan Bazaar Ward,2.996109031819648,2.9768913104152652,9,vacant,953.8392206029084,chattogram,"৳7,393,750","Hill Side Residential Area, Lal Khan Bazaar"
Residential Plot Is Available For Sale In Rupganj Narayanganj,2.8000720697456134,3.018464126912711,,vacant,1044.0035383045063,narayanganj-city,"৳4,575,000","Rupganj, Narayanganj"
1550 SFT Apartment For Sale In Chandgaon Residential Area,1.9241558469598448,1.9311025802677368,9,vacant,81.64943473671804,chattogram,"৳6,500,000","Chandgaon Residential Area, 4 No Chandgaon Ward"
Convenient 800 Square Feet Apartment For Sale In Dhanmondi,2.981924582802296,2.1400606230100236,6,vacant,1391.312022452382,dhaka,"৳6,950,000","North Circular Road, Dhanmondi"
Offering You A Nice Flat For Sale In Chatteshwari Road Near Chatteshwari Road,2.6221201349460195,2.08889924418245,3,vacant,867.511449406605,chattogram,"৳8,500,000","Chatteshwari Road, 15 No. Bagmoniram Ward"
Nasirabad Is Offering You A 2540 Sq Ft Apartment For Sale,2.6420578887634845,2.0283876383021813,8,vacant,695.2524320560308,chattogram,"৳29,210,000","Nasirabad, 15 No. Bagmoniram Ward"
A 1330 Square Ft. Apartment Is For Sale At Banasree,3.1067998206462786,2.17555378174903,1,vacant,1400.437799040257,dhaka,"৳7,900,000","Block B, Banasree"
"1315 Square Feet Nice Apartment Ready For Sale At Kalamia Bazar ,Bakalia",2.8841939356012336,1.8533429527818321,5,vacant,410.9201721407435,chattogram,"৳5,260,000","18 No. East Bakalia Ward, Bakalia"
In Chandgaon Nearby Chattogram International Medical College &amp; Hospital A 120 Sq.Ft Shop Is Ready And Vacant For Sale.,2.4317919933002927,2.999244034197485,1,vacant,1560.2215689542254,chattogram,"৳2,160,000","Chand Mia Road, 4 No Chandgaon Ward"
1450 Sq Ft Vacant Flat For Family Is Ready For Sale At Uttara Close To North Tower,3.1738787988882753,3.035843663584488,5,vacant,1076.8054575551346,dhaka,"৳9,500,000","Sector 10, Uttara"
"Grab This 1635 Sq Ft Beautiful Apartment For Sale In Ahmed Nagar, Paikpara",3.060342340250493,2.910516802270432,5,vacant,2063.346559127955,dhaka,"৳9,000,000","Ahmed Nagar, Mirpur"
Check This Cozy And Nice 1470 Sq Ft Flat Just What You Are Looking For In A Home At North Bagichagaon Is Up To Sale,2.841844122946406,3.029422940587299,6,vacant,1128.378675006462,cumilla,"৳5,586,000","North Bagichagaon, Bagichagaon"
Visit This 1480 Sq Ft Flat For Sale In Pahartali,2.7082619670168646,3.89172817924648,2,vacant,2795.720641124288,chattogram,"৳6,660,000","12 No. Sarai Para Ward, Double Mooring"
Buy This Splendid 1700 Sq Ft Flat At Bayazid,2.1851696213945173,2.0675664928769004,8,vacant,918.1849284518789,chattogram,"৳7,000,000","Sangbadik Co-operative Housing Society, Bayazid"
"Plot For Sale In A Suitable Place In Rupganj, Narayanganj, Bproperty Village",3.0773971181640105,3.1035021763353954,,vacant,1998.1950716735505,narayanganj-city,"৳4,575,000","Rupganj, Narayanganj"
Nice 1240 Sq Ft Flat Is Available For Sale In Dakkhin Paikpara,3.527855221952101,3.0266460325892477,8,vacant,1116.242144223047,dhaka,"৳8,700,000","Dakkhin Paikpara, Mirpur"
Persuade This Serene Locality To Live In While Transcending Your Routined Mode Of Life,4.093090965140783,3.8187159167514535,5,vacant,3197.816044306785,chattogram,"৳11,500,000","Jamal Khan By-Lane, Jamal Khan"
1316 Sq Ft Fine Flat Is Now For Sale Which Is In Bashundhara R/a Near To Iub,3.0858939526624822,2.9054056110439253,3,vacant,2007.7902322880482,dhaka,"৳13,500,000","Block C, Bashundhara R-A"
Property For Sale In Nasirabad– 2530 Sq Ft Apartment,2.963017839679815,3.0552531605992814,1,vacant,1347.171723712244,chattogram,"৳29,095,000","Nasirabad, 15 No. Bagmoniram Ward"
"Grab This 800 Square Feet Apartment For Sale In Bashundhara, Block J",2.1809531577300016,2.0020741478773374,4,vacant,1475.6772732814397,dhaka,"৳8,600,000","Block J, Bashundhara R-A"
Buy This 1162 Sq Ft Decent Flat In The Locality Of Khulshi Green Housing Society,4.1384849204761585,2.736409558103647,2,vacant,1933.8681139327105,chattogram,"৳6,972,000","Khulshi Green Housing Society, Khulshi"
Well Defined And Nice Living Space Of 1390 Sq Ft Is Up For Sale In North Bagichagaon,4.277314257197322,4.1216027809084474,8,vacant,784.094906897889,cumilla,"৳5,560,000","North Bagichagaon, Bagichagaon"
This 1350 Sq Feet Flat For Sale In Thakurpara Close To Thakurpara Jame Masjid.,3.8845031640715133,4.013370940560671,3,vacant,1678.8429096946466,cumilla,"৳5,130,000","South Thakur Para, Thakur Para"
Offering You A Nice Flat For Sale In Middle Badda Near Badda High School,2.9035373591552487,1.9198589299015585,8,vacant,1594.8463326203387,dhaka,"৳16,000,000","Middle Badda, Badda"
"An Apartment Is Ready For Sale At Mohammadpur , Near Sehabiya Darbar Sharif",2.893856766419781,3.097349862953913,9,vacant,867.2948270812601,dhaka,"৳4,000,000","Nurjahan Road, Mohammadpur"
Well Designed 1200 Sq Ft Residential Flat Is There For Sale At Middle Monipur,2.1751986981154037,1.933707164858822,3,vacant,1214.19133068185,dhaka,"৳5,000,000","Middle Monipur, Mirpur"
A 1400 Sq. Ft Apartment Is Vacant For Sale In Ashoktala Near To Ranir Bazar Jame Masjid.,3.3319583711047174,2.932639487166048,8,vacant,1092.6353230433708,cumilla,"৳4,900,000","Nazrul Avenue, Ashoktala"
View This 1254 Sq Ft Apartment Is Available For Sale At Cantonment,2.898345874965297,3.0350624505763943,2,vacant,1816.5964017061938,dhaka,"৳5,500,000","Manikdi, Cantonment"
"A Residential Plot For Sale In Bproperty Village, Rupganj .",2.905893219362212,2.174262902130433,,vacant,1355.0376472269115,narayanganj-city,"৳7,625,000","Rupganj, Narayanganj"
In The Location Of Bproperty Village Narayanganj This Large Residential Plot Is Up For Sale,3.0695824493751127,3.1588573295692233,,vacant,1569.502685647812,narayanganj-city,"৳4,575,000","Rupganj, Narayanganj"
"With An Awesome Environment A 1080 Sq Ft Flat Is Vacant For Sale In Gazipur Close To Joydebpur Bus Terminal, Gazipur",2.945552603521201,3.0351954049074186,5,vacant,1074.6611724620484,gazipur,"৳4,320,000","Joydebpur, Gazipur Sadar Upazila"
"130 Sq Ft Commercial Shop Is Up For Sale In Tongi Bazar, Gazipur",3.210923365616158,3.0452413963306713,4,vacant,1440.0358230354395,gazipur,"৳5,000,000","Tongi, Gazipur Sadar Upazila"
Commercial Space For Sale In Double Mooring Near Jame Masjid,2.5011284887264487,3.077442966053029,10,vacant,1818.6844488032743,chattogram,"৳72,000,000","Sheikh Mujib Road, Double Mooring"
"5 Katha Plot now for sale, in Bproperty Village",2.8168470754851946,2.8770124125822476,,vacant,1217.3356093861014,narayanganj-city,"৳7,625,000","Rupganj, Narayanganj"
Offering You 1200 Sq Ft Flat For Sale In Paikpara,2.826659048124092,3.0630256792334243,1,vacant,1575.0284557280418,dhaka,"৳5,500,000","Ahmed Nagar, Mirpur"
This Tranquil Apartment With Modern Embellishments Is Ready To Develop Your Monochromatic Lifestyle To A Vibrant One,2.485935169781592,2.928175737996099,5,vacant,1282.9315840324166,chattogram,"৳6,500,000","14 No. Lalkhan Bazaar Ward, Lal Khan Bazaar"
1425 Sq Ft Apartment For Sale In Mirpur 12,2.786510074035164,3.031160984703538,5,vacant,1345.0729630377741,dhaka,"৳11,500,000","Section 12, Mirpur"
A 3 Bedroom Apartment Which Is Up For Sale At Dhanmondi Near To Eastern University.,2.797251124049759,2.977743788337708,,,2293.3415273200253,dhaka,"৳29,300,000","Road No 5, Dhanmondi"
Property In Aftab Nagar– 1500 Sq Ft Flat For Sale,3.9554461343304634,4.049039939144279,5,vacant,3424.0329624451933,dhaka,"৳11,000,000","Block H, Aftab Nagar"
Modern 1150 Sq Ft Flat For Sale In Badda,4.246572775505624,4.011555647468972,3,vacant,2247.840178792798,dhaka,"৳8,800,000","Middle Badda, Badda"
A 1850 Sq. Ft. Flat Is Now Up For Sale Located Near To Dakshin Kattali Pranhory Gov. Model Primary School In Kattali,2.945707873543934,2.6993241945174984,,,1279.20691385443,chattogram,"৳8,500,000","Proshanti R/A, 10 No. North Kattali Ward"
Move In And Inhabit This 1020 Sq Ft Properly Constructed Apartment For Sale In Sultanganj,2.7716276824464248,3.0175033776991476,4,vacant,733.1285007338038,dhaka,"৳5,000,000","Rayer Bazaar, Hazaribag"
A 1525 Square Feet Large And Spacious Residential Apartment At Shiddhirganj For Sale,2.987381967938191,3.062830443946113,2,vacant,1165.7859936706384,narayanganj-city,"৳6,800,000","Mizmizi, Shiddhirganj"
"In An Urban Location And Reasonable Price, This Flat Is For Sale In Nobodoy Housing Society.",2.23243987418174,2.043631156711096,2,vacant,1086.409751696918,dhaka,"৳6,500,000","Nobodoy Housing Society, Mohammadpur"
Experience The Comfort Lifestyle Here In This Fakirapool Home,1.7837805490070742,1.989962639710931,3,vacant,1412.4880474353445,dhaka,"৳4,424,000","Fakirapool, Motijheel"
"Buy This 600 Square Feet Apartment In Mirpur, West Shewrapara",2.7982660761514526,2.160674723624418,4,vacant,1351.3997416266648,dhaka,"৳2,000,000","West Shewrapara, Mirpur"
Ready 1100 SQ FT flat is now for sale in Mirpur nearby Life Aid Specialized Hospital,3.123744104088019,3.0304658132701183,3,vacant,531.680078202799,dhaka,"৳4,950,000","Middle Monipur, Mirpur"
1332 Sq Ft Residential Apartment Is Up For Sale In Dakkhin Paikpara,2.9509196325423845,3.042823454530624,1,vacant,1788.6244684583096,dhaka,"৳5,594,400","Dakkhin Paikpara, Mirpur"
"Buy This 1686 Sq Ft Apartment At Khushi, Yakub Future Park Housing",3.143447430403707,3.1021966638420597,1,vacant,1776.5145511831067,chattogram,"৳11,296,200","Yakub Future Park Housing, Khulshi"
Affordableble 765 Sq Ft Apartment Is Up For Sale In West Agargaon,2.9969766123518,3.035477340812837,3,vacant,705.3454131117692,dhaka,"৳5,207,500","West Agargaon, Agargaon"
Looking For A Tasteful Home For Sale In Faydabad ? Check This One,3.155450543882128,2.912134867687705,5,vacant,2439.1613718701606,dhaka,"৳2,600,000","Faydabad, Dakshin Khan"
1260 Sft Well Maintained Apartment For Sale At Mirpur Dhaka,2.770682924466445,3.7614247171960447,4,vacant,2831.6141725072202,dhaka,"৳8,000,000","Middle Monipur, Mirpur"
Near Zinda Park A 12.5 Katha Residential Plot For Sale In Rupganj,2.9973226979297323,2.9533168570160284,,vacant,1452.9054979302614,narayanganj-city,"৳19,062,500","Rupganj, Narayanganj"
A Shop Is Up For Sale In Mohara Near Kazirhat Post office,2.9533225393499287,3.074453516157998,,vacant,1827.0426119797585,chattogram,"৳2,184,000","Mohara, 4 No Chandgaon Ward"
"3 Bedroom Residential Apartment Is Up For Sale In 25 No. Rampur Ward, Double Mooring",1.730624629096927,1.965451845733498,1,vacant,1162.3821572077886,chattogram,"৳7,750,000","25 No. Rampur Ward, Double Mooring"
"Your Desirable 1480 Sq Ft Cozy Flat Is Ready For Sale In Mirpur 2, Near Islami Bank International School &amp; College",2.6536182286118994,3.0783900356297456,2,vacant,2090.9418260313896,dhaka,"৳10,000,000","Section 2, Mirpur"
Grab This 240 Sq Ft Shop Available For Sale At Bakalia,3.151924730303947,3.0145520740610277,1,vacant,1688.6556029355697,chattogram,"৳6,000,000","Dewan Bazar, Bakalia"
Buy This 1350 Sq Ft Flat In 9 No. North Pahartali Ward,2.9222480189175353,3.1260287953776826,1,vacant,750.0781773872766,chattogram,"৳6,300,000","Kaibalyadham Housing Society, 9 No. North Pahartali Ward"
In Bijoy Nagar Near To Brac Bank Limited See This Office Space For Sale,2.7735182288340994,2.9711149863871427,8,vacant,2660.893479273448,dhaka,"৳57,800,000","Purana Paltan, Motijheel"
An Apartment Of 1250 Sq.Ft Is Up For Sale In Mirpur Section 11.,1.978691972862718,2.0457530360077523,8,vacant,1497.049956904981,dhaka,"৳5,000,000","Section 11, Mirpur"
"Tastefully Designed This Apartment Is Now Vacant For Sale In O.r Nizam Road, Panchlaish",,,2,vacant,1847.0156439029433,chattogram,"৳13,300,000","O. R Nizam Road, Panchlaish"
"1130 Sq Ft Flat For Sale In Bashundhara Riverview, Keraniganj",,,6,vacant,1533.6589316305049,dhaka,"৳5,800,000","South Keraniganj, Keraniganj"
A Fine 1654 Sq Ft Flat Is Now For Sale Which Is In Uttara Sector 18.,2.668426176881249,2.8330167614615127,1,vacant,1817.146151013147,dhaka,"৳8,500,000","Sector 18, Uttara"
"Plot Of 5 Katha Is Up For Sale In Narayanganj, Bproperty Village",2.7955385037764584,3.9551477645697655,,vacant,1832.3504991090958,narayanganj-city,"৳7,625,000","Rupganj, Narayanganj"
Flat For Sale Covering A Beautiful Area In West Agargaon Nearby Momataj Memorial High School,3.323717852790561,3.083021721547955,1,vacant,1373.8196246891937,dhaka,"৳8,500,000","West Agargaon, Agargaon"
1050 Sq Ft Ready Flat For Sale At Bayazid,3.0626059228070583,3.1512558056012194,6,vacant,1547.8968184951764,chattogram,"৳4,000,000","Chadra Nagar, Bayazid"
Fill Up Your Days With Enjoyment By Buying This Peaceful Flat Of 950 Sq Ft In Mirpur,3.169995813071686,4.023489418936888,1,vacant,1295.7231843872676,dhaka,"৳4,275,000","East Shewrapara, Mirpur"
We Are Happy To Present This Modern 1375 Sq Ft Apartment In North Bagichagaon,2.747402283880759,2.9713608221691903,6,vacant,752.553647258897,cumilla,"৳5,250,000","North Bagichagaon, Bagichagaon"
At Chandgong R/A 1650 Sq.ft Apartment For Sale,2.751971673065579,3.0740790539905567,1,vacant,1732.4526150168417,chattogram,"৳9,075,000","Chandgaon Residential Area, 4 No Chandgaon Ward"
18 katha Commercial Plot For Sale In Board Bazar,4.099211190449952,4.084996844671589,,,1903.6379810660114,gazipur,"৳27,570,000","Board Bazar, Gazipur Sadar Upazila"
A Spacious 3000 Sft Shop Is For Sale In Kazi Nazrul Islam Avenue,3.012910425761612,3.964809469675162,1,vacant,2343.0215704130183,dhaka,"৳120,000,000","Kazi Nazrul Islam Avenue, Banglamotors"
Have A Look At This Plot Which Is Up For Sale Located At Bproperty Village,3.1215707099461656,3.032318398581606,,vacant,590.6563083528999,narayanganj-city,"৳5,625,000","Rupganj, Narayanganj"
A Very Well Fitted 2268 Sq Ft Business Space Is Up For Sale In Dhanmondi,2.95842230434745,3.11550683014421,4,vacant,1248.0618771581132,dhaka,"৳47,000,000","Road No 5, Dhanmondi"
100 Sq Ft Commercial Shop Is Ready For Sale At Reazuddin Bazar,2.0616215385712193,2.1849689818976366,,vacant,1430.7529331090211,chattogram,"৳3,800,000","Reazuddin Bazar, 31 No. Alkoron Ward"
Check Out This 141 Sq Ft Flat For Sale At South Agrabad,3.0350305987969697,3.072659012308947,1,vacant,1455.0696056699576,chattogram,"৳4,330,000","South Agrabad, Double Mooring"
"In The Location Of Sholoshohor, Close To Sunnia Madrasha A Flat Is Up For Sale",3.1723109982628044,3.004318700806188,6,vacant,988.0204768329802,chattogram,"৳4,427,000","Jangalpara, 7 No. West Sholoshohor Ward"
Buy This 1350 Sq Ft Apartment Available In Uttar Badda,3.1787891914982547,2.9947090995926113,3,vacant,946.1298374936964,dhaka,"৳8,000,000","Uttar Badda, Badda"
Commercial Building Is Vacant For Sale In Chandgaon Ward Near To Chandgaon R/a Jame Masjid Complex,2.641124371722497,2.0545375879953744,4,vacant,1134.497500016858,chattogram,"৳65,000,000","Chandgaon Residential Area, 4 No Chandgaon Ward"
In Middle Paikpara A Standard Flat Is For Sale Which Is 915 Sq. Ft,2.5021273795099797,1.9886821729628898,4,vacant,1463.0178805247035,dhaka,"৳4,000,000","Middle Paikpara, Mirpur"
"This 1300 Sq Ft Apartment Comes With Peaceful Living In 26 No. North Halishahar Ward, For Sale",3.2219323565077547,2.018555075860161,7,vacant,1394.1148589829193,chattogram,"৳4,940,000","26 No. North Halishahar Ward, Halishahar"
Settle Down In This 1218 Sq Ft Flat Up For Sale In Malibagh,2.263135353003853,1.896493763514529,1,vacant,291.4276919271032,dhaka,"৳11,000,000","Malibag College Road, Malibagh"
1305 Sq Ft Modern Apartment For Sale At South Khulshi,2.7738853880859513,3.1269085179586025,5,vacant,2239.436901643899,chattogram,"৳11,000,000","South Khulshi, Khulshi"
110 Sq Feet Shop Area Is Up For Sale In 9 No. North Pahartali Ward,2.587961516510185,2.8884404216614987,3,vacant,2330.157443367497,chattogram,"৳3,850,000","Dhaka Trunk Road, 9 No. North Pahartali Ward"
"For You, 1200 Sq Ft Flat Is Now For Sale In 4 No Chandgaon Ward",3.021940735893551,2.957720705563389,1,vacant,1403.5980726501123,chattogram,"৳7,500,000","Chandgaon Residential Area, 4 No Chandgaon Ward"
Close To Khilkhet Bazar Masjid A 951 Sq.ft Flat For Sale At Dumni .,4.206223179648028,4.009548858855998,2,vacant,1666.0411177715746,dhaka,"৳2,472,600","Bazar Road, Dumni"
Residential Building For Sale In Lal Khan Bazaar Near CDA Avenue Mosque,3.3982492850424517,3.194804974588036,1,vacant,1340.4266174305424,chattogram,"৳60,000,000","CDA Avenue, Lal Khan Bazaar"
"A 3 katha Residential Plot Is For Sale At Rupganj ,Bproperty Village.",3.114383492157125,2.958643249257595,,vacant,2706.4681190894394,narayanganj-city,"৳3,000,000","Rupganj, Narayanganj"
We Are Offering You A Very Spacious 1960 Sq Ft Flat For Sale In Gulshan 1,2.917647774953651,2.9348347319490915,3,vacant,724.3570850613676,dhaka,"৳39,000,000","Gulshan 1, Gulshan"
Residential 10 Katha Plot For Sale In Rupganj Near Zinda Park,2.802130776959636,2.9461061865009017,,vacant,1292.908876707634,narayanganj-city,"৳15,250,000","Rupganj, Narayanganj"
"1910 Sq Ft Commercial Space For Sale In Banasree, Block J",2.0025369840994367,2.1623121798767264,1,vacant,663.6346684764021,dhaka,"৳22,920,000","Block J, Banasree"
"Buy This 1000 Sq Ft Apartment In Gazipur Sadar Upazila, Tongi",1.9336992003072264,1.7248303390962962,3,vacant,842.768734456842,gazipur,"৳4,000,000","Tongi, Gazipur Sadar Upazila"
Spot Your Place In A 1375 Sq Ft Structurally Well Built Apartment For Sale In Lal Khan Bazaar,2.7751160994980104,2.9018886789520235,4,vacant,1917.0354058536911,chattogram,"৳8,562,500","Hill Side Residential Area, Lal Khan Bazaar"
Everything You Need In A Home Is All Right Here In This Uttar Cyabithy Flat Which Is Up For Sale .,3.4538929458229926,3.267238640774055,3,vacant,2386.8242224584174,gazipur,"৳5,200,000","Joydebpur, Gazipur Sadar Upazila"
At 15 No. Bagmoniram Ward 2961 Sq Ft Ready Flat For Sale,3.395496331866232,3.0578139255832277,2,vacant,1176.081268199245,chattogram,"৳29,500,000","Mehidibag Road, 15 No. Bagmoniram Ward"
Flat For Sale Covering A Beautiful Area In Bashundhara R-a Nearby Basundhara Residential Area Puja Mondop.,3.2516866681295196,1.891786645041665,4,vacant,1969.5389123459777,dhaka,"৳14,500,000","Block I, Bashundhara R-A"
A 1700 Sq Ft Well Fitted Residential Property Is On Sale In Chandgaon R/a,1.7959895805301427,1.9958986010732553,8,vacant,929.1133840552129,chattogram,"৳8,000,000","Chandgaon Residential Area, 4 No Chandgaon Ward"
2280 Square Feet Flat With Various Features Is Available For Sale In Bashundhara R/a,3.1894258301019685,2.0065999857464814,2,vacant,939.0453270086307,dhaka,"৳25,000,000","Block D, Bashundhara R-A"
Fairly Spacious Apartment Of 2200 Sq Ft Is Ready For Sale n 15 No. Bagmoniram Ward,3.1417064622181043,4.0827877916685,2,vacant,1796.822476668716,chattogram,"৳19,000,000","Mohammed Ali Road, 15 No. Bagmoniram Ward"
An Adequate And Cozy Flat Is Ready For Sale At Bonomala-Tongi .,2.098044067356892,3.1799831754464067,8,vacant,-244.78075002962078,gazipur,"৳4,900,000","Tongi, Gazipur Sadar Upazila"
Be The Owner Of This 1100 Sq Ft Beautiful Flat Which Is Vacant Now For Sale At South Bakalia,3.2768579303794323,3.038017227116017,4,vacant,1666.1561478090516,chattogram,"৳5,000,000","19 No. South Bakalia Ward, Bakalia"
1500 Square Feet -3 Bedroom Large Residential Apartment For Sale At Aftab Nagar,7.140763726314901,7.947185263894235,1,vacant,16357.519139335383,dhaka,"৳8,250,000","Block F, Aftab Nagar"
3000 Sq Ft Flat Is Now Vacant For Sale In South Khulsi Close To South Khulsi Jame Masjid,3.1639469506896023,3.0770110372350397,1,vacant,1503.083297868296,chattogram,"৳28,000,000","North Khulshi, Khulshi"
Great News! This 1800 Sq Ft Home For Sale In Sangbadik Co-operative Housing Society Which Can Be Your Next Destination,3.141103830049803,2.931680564928682,1,vacant,2038.759919817394,chattogram,"৳8,200,000","Sangbadik Co-operative Housing Society, Bayazid"
"1657 Square Feet Residential Flat With 3 Bedrooms For Sale In Uttara, Sector 18",2.075500861229626,1.8988947206632185,2,vacant,651.1518509908678,dhaka,"৳10,500,000","Sector 18, Uttara"
740 Square Feet Residential Flat Is Ready To Sale At Middle Pirerbag,2.604848675083572,2.8278044890492144,4,vacant,1317.7910391361984,dhaka,"৳3,500,000","Pirerbag, Mirpur"
Offering You 2400 Sq Ft Flat For Sale In Aftab Nagar,3.0185258877225194,2.8468624780015035,1,vacant,2193.2388101574475,dhaka,"৳20,000,000","Block H, Aftab Nagar"
"1547 Sq Ft Residential Apartment Is Up For Sale At Jhautola, Shahid Khawaja Nizamuddin Road",2.8767780791532096,2.9122887359920098,13,vacant,2390.222237490204,cumilla,"৳6,961,000","Shahid Khawaja Nizamuddin Road, Jhautola"
"1725 Sq Ft Flat For Sale In Aftab Nagar, Block H",2.7164567759930915,2.8847610157130466,4,vacant,2111.477015713128,dhaka,"৳14,662,500","Block H, Aftab Nagar"
125 Sq Ft Shop For Sale In 9 No. North Pahartali Ward,3.372599191781049,3.0306481345365217,3,vacant,1895.153603302,chattogram,"৳4,375,000","Dhaka Trunk Road, 9 No. North Pahartali Ward"
"A Plot Which Is Up For Sale In Narayanganj, Bproperty Village",2.3830514333215667,1.8826464179344247,,vacant,943.1779496812271,narayanganj-city,"৳4,575,000","Rupganj, Narayanganj"
"At Sholokbahar, A 1200 Sq Ft Well Fitted Residential Property Is For Sale Next To Doctors Hospital.",3.301129440219731,3.692412923327024,1,vacant,1476.3540086839705,chattogram,"৳6,000,000","Abdul Hamid Road, Sholokbahar"
This 212 Sq.ft. Shop Is For Sale At Bakalia Near Terry Bazar,3.05654142774003,1.89786009703267,1,vacant,366.01772226842195,chattogram,"৳7,500,000","Dewan Bazar, Bakalia"
1300 Square Ft Residential Apartment For Sale At Pallabi Beside To Pallabi Mazedul Islam Model High School,3.2992251489792936,2.9538316361539096,8,vacant,597.490373475433,dhaka,"৳7,800,000","Pallabi, Mirpur"
In Korbanganj A Shop Is Up For Sale Near Korbanganj Jame Masjid,3.0026703299866893,1.9407607487067746,1,vacant,411.1127857547417,chattogram,"৳1,250,000","Korbanigonj, Kotwali"
Appreciate Your Days In This 1365 Sq Ft Flat For Sale With Best Room Facilities In Mirpur-10,3.044928858830592,3.1486754983313983,9,vacant,1580.004132037543,dhaka,"৳7,507,500","Section 10, Mirpur"
A 5 Katha Plot Which Is Available For Sale In Bproperty Village,,,,vacant,5648.076941916025,narayanganj-city,"৳5,750,000","Rupganj, Narayanganj"
1700 Sq.Ft. Apartment For Sale In Dakshin Khan Close To Nogoriabari Mohammadia Jame Masjid,3.0879517050211254,4.086192568417188,5,vacant,768.6728440427131,dhaka,"৳6,500,000","South Chalabon, Dakshin Khan"
"5 Katha Plot For Sale In Bashundhara R-a, Block I",3.013378241044639,1.9981426774401185,,vacant,1117.5129554859598,dhaka,"৳34,000,000","Block I, Bashundhara R-A"
1007 Sq Ft Apartment For Sale In Firingee Bazaar Near Firingee Bazaar Temple.,2.7114030624181997,2.9958607607650003,8,vacant,1308.1482153225193,chattogram,"৳5,034,000","Kobi Kazi Nazrul Islam Road, 33 No. Firingee Bazaar Ward"
In Bproperty Village A Standard Residential Plot For Sale,3.9886575014983987,3.9182635317267933,,vacant,1643.3677204877656,narayanganj-city,"৳4,575,000","Rupganj, Narayanganj"
"Plot For Sale In A Suitable Place In Bproperty Village, Rupganj",2.9823362602597823,2.994248504064452,,vacant,1726.9700358886519,narayanganj-city,"৳4,575,000","Rupganj, Narayanganj"
"Plot For Sale In Narayanganj, Bproperty Village",3.3982418952116396,2.925140374824573,,vacant,1006.6283225748223,narayanganj-city,"৳7,625,000","Rupganj, Narayanganj"
To Get A Trouble Free Life You Can Take Buy This 650 Sq Ft House In Mirpur 12,,,1,vacant,21678.480936948017,dhaka,"৳3,200,000","Section 12, Mirpur"
See This 1428 Sq Ft Apartment For Sale Is All Set For You In Sabujbag,3.002535687485852,1.9768845268923798,5,vacant,1743.3115402649173,chattogram,"৳4,998,000","Sabujbag, Halishahar"
"1637 Sq Ft Spacious Apartment Is Ready For Sale In Senpara Parbata, Mirpur",3.055117751539286,2.9075743680787935,1,vacant,103.5166637616785,dhaka,"৳12,000,000","Section 10, Mirpur"
"An Adequate And Cozy 810 Sq.Ft Flat Is For Sale At West Kazipara, Near Baitur Rob Jaame Masjid",3.0097950609830404,2.097050339000827,3,vacant,-246.428389845089,dhaka,"৳3,402,000","West Kazipara, Mirpur"
"Start Your New Home, In This 3 Katha Plot For Sale In Bproperty Village, Rupganj .",2.955045285039861,3.041763534307353,,vacant,1401.9796594802365,narayanganj-city,"৳4,575,000","Rupganj, Narayanganj"
3 Katha Plot is now available for sale in Purbachal Marine City,2.760192940014846,3.9561600076725223,,vacant,2066.915881195908,narayanganj-city,"৳3,900,000","Rupganj, Narayanganj"
"This Ready Apartment At Mirpur, Near Masjidul Juma Is Up For Sale.",2.966535110387511,4.014235537972021,3,vacant,1818.5364639625718,dhaka,"৳2,700,000","Section 12, Mirpur"
"Well Organized Flat Of 1250 Sq Ft Is Now Vacant For Sale In Kallyanpur, Mirpur",2.834705160938684,2.9917985174407535,9,vacant,1075.2726687364045,dhaka,"৳7,500,000","Kallyanpur, Mirpur"
1605 Sq Feet | Flat For Sale | Uttara,2.7229980047005813,1.9151119315784564,3,vacant,421.95807316635864,dhaka,"৳17,000,000","Sector 11, Uttara"
1644 Sq Ft Ready Apartment Is Available For Sale At Sholokbahar,3.1132589800429256,3.0068975924661987,2,vacant,1345.5920871643837,chattogram,"৳9,864,000","Al-Madani Road, Sholokbahar"
"See This Large 7.5 Katha Plot Up For Sale In Purbachal American City , Narayanganj .",3.086682991707037,1.939238083215853,,vacant,848.9526206144119,narayanganj-city,"৳30,000,000","Rupganj, Narayanganj"
A Spacious Commercial Property Is Up For Sale In Double Mooring,,,1,vacant,4066.5084129298325,chattogram,"৳19,400,000","28 No. Pathantooly Ward, Double Mooring"
Your Desirable Cozy Flat of 1425 sq ft Is Ready For Sale In West Shewrapara Near North South International School,1.972819749638555,1.841222887137987,7,vacant,804.6556129867836,dhaka,"৳8,537,500","West Shewrapara, Mirpur"
Buy This 1770 Sq Ft Flat In Mirpur-12,3.220593331867428,2.9649126284563545,9,vacant,1217.9563612781633,dhaka,"৳9,000,000","Section 12, Mirpur"
Nearly Finished 1600 Square Feet Apartment For Sale In Uttara,6.2346664341990765,4.0554743509603375,8,vacant,4320.420104857711,dhaka,"৳16,000,000","Sector 15, Uttara"
5 Katha Plot Is For Sale In Bproperty Village -Narayanganj,3.2272697119125655,2.9320321499607878,,vacant,1532.658483782473,narayanganj-city,"৳5,750,000","Rupganj, Narayanganj"
Buy This Amazing 1544 Sq Ft Flat At Sholokbahar,3.0086210525420545,4.246634770766114,2,vacant,1989.0801696667234,chattogram,"৳9,264,000","Al-Madani Road, Sholokbahar"
"Pursue This 2540 Sq Ft Apartment For Sale In Nasirabad, O R Nizam Road Residential Area",3.812783865609228,4.086658517439582,7,vacant,2589.396388227228,chattogram,"৳29,210,000","Nasirabad, 15 No. Bagmoniram Ward"
"A Nicely Constructed Apartment Of 2200 Sq Ft Is Available Right Now For Sale In Kallyanpur, Mirpur",2.759911215899657,3.127620126940036,4,vacant,1685.6637806833287,dhaka,"৳19,000,000","Kallyanpur, Mirpur"
8.15 Katha Plot Is Now Available For Sale In Kashimpur Road Which Is An Eco Friendly Location,3.076345724926388,2.0778092996609834,,vacant,1089.4138175398302,gazipur,"৳5,400,000","Kashimpur Road, Gazipur Sadar Upazila"
In Eastern Pallabi Apartment Can Be Found For Sale Near Pallabi Mazedul Islam Model High School,1.0840278497913158,1.1812906544005752,1,vacant,366.78756542213085,dhaka,"৳5,500,000","Pallabi, Mirpur"
"Take This Residential Plot Is Ready For Sale At Bproperty Village, Narayanganj",3.285202635194587,1.9229970307992799,,vacant,1060.4506263713492,narayanganj-city,"৳4,575,000","Rupganj, Narayanganj"
"Picture Yourself, Residing In This Well-constructed And Planned 1500 Sq Ft Apartment In Bagichagaon For Sale",4.243695729956246,3.749448684781005,8,vacant,1802.9681703768954,cumilla,"৳5,750,000","North Bagichagaon, Bagichagaon"
Properly Designed This 1900 Sq Ft Apartment Is Now Up For Sale In Muradpur,3.97070531353514,3.956349542693563,5,vacant,2346.1225375614927,chattogram,"৳14,100,000","Nasirabad Housing Society, Muradpur"
A 3 Bedrooms Residence For Sale In Eastern Housing - Pallabi.,1.724351573439965,2.0546180170861748,4,vacant,2422.243280507896,dhaka,"৳5,000,000","Pallabi, Mirpur"
At Bproperty Village ! A Nice Residential Plot For Sale,2.9293033147765595,3.014824939395217,,vacant,1935.4263990119396,narayanganj-city,"৳4,575,000","Rupganj, Narayanganj"
"Buy This Nice Flat Of 1300 Sq Ft, Which Is Located At Joydebpur Road, Gazipur Sadar Upazila",2.048126630862812,2.0269531836303614,8,vacant,833.108235866784,gazipur,"৳5,200,000","Joydebpur, Gazipur Sadar Upazila"
Grab This 307 Sq Ft Shop For Sale In Luxmibazar,2.9552293317591984,2.129242358200562,2,vacant,1565.630772358686,dhaka,"৳9,210,000","Luxmibazar, Sutrapur"
4.35 Katha Residential Plot Is For Sale In In Ashulia,1.871970061935599,2.0373818214655923,,vacant,426.32830017581955,dhaka,"৳27,000,000","Ashulia, Savar"
"Grab This Nice Plot Is Available For Sale In Purbachal Marine City, Purbachal Marine City",4.056025536072212,4.078168376763049,,vacant,1443.043460772103,narayanganj-city,"৳6,500,000","Rupganj, Narayanganj"
"A 1620 Sq Ft Residential Apartment For Sale, In Block C, Khilgaon",2.8883503439159384,2.9080699637454517,4,vacant,2444.0721317700095,dhaka,"৳16,500,000","Block C, Khilgaon"
"At Halishahar, 181 Sq Ft Well Fitted Shop Is Ready For Sale Near To Halishahar Thana",2.860854677914617,2.8928229302025534,1,vacant,2411.0066245489375,chattogram,"৳5,025,000","39 No. South Halishahar Ward, Halishahar"
In The Fine Location Of South Monipur A 1000 Sq Ft Apartment Is All Set For Sale,2.0690010272271078,2.157930433863315,2,vacant,185.5591490476504,dhaka,"৳4,500,000","South Monipur, Mirpur"
Your Desired Large 2 Bedroom Home In Rajanigandha Residential Area Is Now Vacant For Sale,1.9109402840124219,2.0098725517424394,3,vacant,723.641818684826,dhaka,"৳6,500,000","Section 15, Mirpur"
A 1500 Sq.Ft Residential Apartment For Sale At 24 No. North Agrabad Ward.,3.0540802707023746,1.9390211224041127,4,vacant,2439.261886991265,chattogram,"৳6,000,000","24 No. North Agrabad Ward, Double Mooring"
2400 Sq Ft Apartment For Sale In Mirpur,4.0605271686210065,3.9392006347468436,3,vacant,1957.9966515263127,dhaka,"৳18,000,000","Section 6, Mirpur"
Picture Yourself In This Residential Apartment Of 1835 Sq Ft For Sale In 10 No. North Kattali Ward,2.74756443715302,1.9364875708159763,8,vacant,2193.561354551617,chattogram,"৳13,000,000","New Monsurabad, 10 No. North Kattali Ward"
5 Katha Plot Now For Sale In Bproperty Village Near Pitolganj Dakhil Madrasha,2.89338311219769,1.9306330215061394,,vacant,1124.6299188355126,narayanganj-city,"৳7,625,000","Rupganj, Narayanganj"
Lovely Apartment Of 1327 Sq Ft Is Up For Sale In Thakur Para,2.318533257209109,1.8744524247729442,8,vacant,948.3216983048105,cumilla,"৳6,900,000","Baganbari Road, Thakur Para"
An Apartment Is Up For Sale In Kallyanpur.,2.7425463143478055,2.8531937295627556,4,vacant,1431.9441249869808,dhaka,"৳8,580,000","Kallyanpur, Mirpur"
Comfortable Flat Is Up For Sale In Pallabi Nearby City Club Ground,2.531064369375747,1.9809201038855415,5,vacant,1707.882114741908,dhaka,"৳7,500,000","Pallabi, Mirpur"
Wonderful 1545 Sq Ft Flat Is Available For Sale In 9 No. North Pahartali Ward,2.5875162658292545,2.9419861023359353,3,vacant,2283.0503746234726,chattogram,"৳7,725,000","West Khulshi R/A, 9 No. North Pahartali Ward"
Offering You 1520 Sq Ft Flat For Sale In 4 No Chandgaon Ward,2.0064491826533177,2.1083282560243455,12,vacant,26.41923604253327,chattogram,"৳6,000,000","Bahaddarhat, 4 No Chandgaon Ward"
"10 Katha Plot For Sale In Rupganj, Narayanganj",3.006849589113849,5.028675623415058,,vacant,1887.6512936779488,narayanganj-city,"৳15,250,000","Rupganj, Narayanganj"
"105 Square Feet Commercial Shop For Sale At Dhaka Trunk Road, 9 No. North Pahartali Ward",1.9739438240928457,2.0259595904159045,5,vacant,1301.3276674125464,chattogram,"৳3,675,000","Dhaka Trunk Road, 9 No. North Pahartali Ward"
"This Nice 1000 Sq Ft Apartment For Sale At Gazipur Sadar Upazila, Chandana .",4.26899850063059,2.927290554462321,8,vacant,1081.9479570510632,gazipur,"৳4,300,000","Chandana, Gazipur Sadar Upazila"
"20 Katha Plot Is Ready For Sale In Narayanganj, Rupganj, Bproperty Village",7.407845101475609,3.988158165330669,,vacant,1848.7391068021393,narayanganj-city,"৳25,000,000","Rupganj, Narayanganj"
At Middle Monipur Nice Flat Up For Sale Near Baitur Rowshan Jame Masjid,3.0877174359669453,2.0353215842502737,1,vacant,1508.2412667569488,dhaka,"৳5,000,000","Middle Monipur, Mirpur"
A 1470 Sq Feet Flat For Sale In North Bagichagaon,2.3459298744769996,2.0700750438308217,9,vacant,1714.8219417771602,cumilla,"৳5,880,000","North Bagichagaon, Bagichagaon"
Modest Apartment For Property Seekers | 1426 Sq Ft Flat Is For Sale In Halishahar Housing Estate -Block H.,2.7501450534603715,2.9908133021549808,8,vacant,979.0941504825521,chattogram,"৳7,130,000","26 No. North Halishahar Ward, Halishahar"
"118 Square Feet Commercial Shop For Sale At Kazirhat, 4 No Chandgaon Ward",2.915855511414243,3.105585166096301,,vacant,1802.9491752821577,chattogram,"৳2,950,000","Mohara, 4 No Chandgaon Ward"
"In East Monipur , 1265 Square Feet Apartment Is For Sale.",2.8332000548463534,3.0007817013434437,6,vacant,571.903369376566,dhaka,"৳8,500,000","East Monipur, Mirpur"
Visit This Apartment For Sale In Dakshin Khan Near Nogoriabari Mohammadia Jame Masjid,2.8018615049245987,4.077574877230568,5,vacant,2247.4797419715374,dhaka,"৳3,300,000","South Chalabon, Dakshin Khan"
1375 Sq. Ft. flat is now up for sale located in Mirpur DOHS,3.9277180651057026,3.952071182381955,1,vacant,5114.808583069575,dhaka,"৳12,000,000","Mirpur DOHS, Mirpur"
"Buy This Nice Flat Of 1270 Sq Ft, Which Is Located At 28 No. Pathantooly Ward, Double Mooring",3.316253185321301,1.8226501468921161,7,vacant,1004.9223443410583,chattogram,"৳17,145,000","28 No. Pathantooly Ward, Double Mooring"
Grab This 1800 Sq.Ft Apartment Up For Sale At Bashundhara R-A Beside Viquarunnisa Noon School and College,2.407065064299655,2.026257162399957,5,vacant,337.4647026107966,dhaka,"৳16,000,000","Block F, Bashundhara R-A"
"Make This 1090 Sq Ft Flat Your Next Residing Location, Which Is Up For Sale In Mohara",2.925574118901532,3.070968190256117,3,vacant,843.6312995738816,chattogram,"৳4,500,000","Mohara, 4 No Chandgaon Ward"
"This Plot Is Now Available For Sale In Bproperty Village, Narayanganj",3.4220578438270794,3.056293953257159,,vacant,708.3190813269118,narayanganj-city,"৳4,575,000","Rupganj, Narayanganj"
Residential Apartment Is For Sale In Mirpur Nearby Baitul Jannah Jame Masjid And Madrasha Complex,2.007881814472971,2.0413081887598015,1,vacant,1274.170011384124,dhaka,"৳4,700,000","Section 6, Mirpur"
A Well Sized 1200 Sq Ft Residential Home Is Available For Sale At Baigertek,3.3885226556116126,2.9658930574929854,5,vacant,584.5127442877151,dhaka,"৳5,000,000","Baigertek, Cantonment"
Let Us Show You This 3400 Sq Ft Office Area For Sale In 28 No. Pathantooly Ward,2.9793300880392026,2.9210651840053097,2,vacant,570.5326160260825,chattogram,"৳19,400,000","28 No. Pathantooly Ward, Double Mooring"
"A 3 Katha Plot Up For Sale Is Located At Bproperty Village, Narayanganj",4.029035294039177,4.053982983271385,,vacant,127.59226040771523,narayanganj-city,"৳4,575,000","Rupganj, Narayanganj"
This 1950 Sq Ft Apartment For Sale In Nasirabad Properties Residential Area,2.0809692873530627,2.0417250755968244,4,vacant,1102.456642757297,chattogram,"৳18,000,000","Nasirabad Properties Residential Area, Khulshi"
A Convenient 1175 Sq Ft Residential Apartment Is Prepared For Sale At South Pirerbag,3.7042612720850387,2.945119712117643,6,vacant,133.86710905746895,dhaka,"৳6,300,000","Pirerbag, Mirpur"
860 Sq Ft Apartment Is For Sale In Mirpur-1,2.188598634073373,2.1085498619634295,4,vacant,869.1165944249776,dhaka,"৳5,590,000","Section 1, Mirpur"
Get This Well Defined 850 Sq Ft Flat For Sale In Rupnagar R/a,3.8433086049863903,3.9136174146282077,5,vacant,2987.800420610923,dhaka,"৳5,300,000","Rupnagar R/A, Mirpur"
"Situated In South Khulshi, Near Bazar, An Apartment Is Up For Sale",2.2146772835747335,1.9429060743065913,,,1608.2309101220658,chattogram,"৳9,000,000","South Khulshi, Khulshi"
1150 Sq Ft Apartment With 3 Bedrooms Is Ready For Sale In Mirpur-11,2.91983756770476,3.1601134468165206,4,vacant,261.95478731303683,dhaka,"৳7,000,000","Section 11, Mirpur"
"5 Katha Plot Is For Sale In Bayazid, Shahid Nagar",1.891497967002209,2.0849850313013345,,vacant,859.7894554603504,chattogram,"৳15,000,000","Shahid Nagar, Bayazid"
Worthy 1000 SQ FT residence is for sale at Gazipur,3.201296698142812,3.9649711434862485,1,vacant,1408.1525142945875,gazipur,"৳4,000,000","Tongi, Gazipur Sadar Upazila"
1800 Sq Feet Ready Flat For Sale At Bayazid,2.0068868774078266,2.028118312784831,12,vacant,611.1448526520344,chattogram,"৳12,500,000","Nasirabad, Bayazid"
"Explore This 2530 Sq Ft Apartment for Sale in 15 No. Bagmoniram Ward, Chattogram",3.0617172879644374,4.015145403299985,7,vacant,1844.6352382785196,chattogram,"৳29,095,000","Nasirabad, 15 No. Bagmoniram Ward"
A 1500 Sq.Ft -3 Bedroom Residential Apartment For Sale At 24 No. North Agrabad Ward,3.0030983653652163,2.7313597369233324,5,vacant,2160.0358334477332,chattogram,"৳6,000,000","24 No. North Agrabad Ward, Double Mooring"
Comfortable Flat Is Up For Sale In Pallabi Nearby City Club Ground,3.074568534702945,2.9113074845064997,5,vacant,1635.28979050539,dhaka,"৳7,500,000","Pallabi, Mirpur"
"Wonderful Plot Is For Sale In Bproperty Village, Narayanganj",,,,vacant,3941.1331733073544,narayanganj-city,"৳4,575,000","Rupganj, Narayanganj"
This 2150 Sq.Ft Spacious Apartment Which Is Up For Sale At Dhanmondi Near By National Bank Limited.,17.57087336077539,9.965107911895018,5,vacant,7224.7774796205795,dhaka,"৳23,500,000","Road No 9A, Dhanmondi"
3 Katha Plot is now available for sale in Ashulia,3.1476762892796843,3.0241773611612754,,,538.1832454582398,dhaka,"৳4,000,000","Ashulia, Savar"
A Flat Is Up For Sale In Pahartali,2.7824378484889873,4.110512417482009,4,vacant,1046.3560342844273,chattogram,"৳4,200,000","12 No. Sarai Para Ward, Double Mooring"
Modest Commercial Shop Is Present For Sale At Chandargaon,2.680464869921815,2.9685398377099523,1,vacant,1645.6117759930057,chattogram,"৳3,600,000","Mohara, 4 No Chandgaon Ward"
Spacious 2475 Square Feet Apartment For Sale In Bashundhara R-a,2.987059241772912,2.8965154327420013,8,vacant,2247.1876053654423,dhaka,"৳23,500,000","Block L, Bashundhara R-A"
"1500 Sq Ft Nice Apartment To Sale In Ghat Farhat Beg , Bakalia",3.018605627748485,3.0317845987436467,1,vacant,1377.7977352630191,chattogram,"৳8,250,000","Dewan Bazar, Bakalia"
Move In And Inhabit This 1436 Sq Ft Properly Constructed Flat For Sale In Bagmoniram Near Chatogram Al Boraj School,2.8463567112791224,2.9680420545015873,2,vacant,1164.764770482302,chattogram,"৳11,500,000","Mohammed Ali Road, 15 No. Bagmoniram Ward"
"Wonderful Flat Covering An Area Of 3,650 Sq Ft Is Available For Sale In Gulshan 2",3.184111510706867,2.984730212630316,2,vacant,1144.732847051888,dhaka,"৳78,000,000","Gulshan 2, Gulshan"
An Apartment Of 1780 Sq.Ft For Sale Is All Set For You To Settle In Kazir Dewri Close To Mount Hospital (Pvt.) Ltd.,2.7026469018802435,2.9714518601206197,1,vacant,1163.5001877747184,chattogram,"৳13,000,000","Joy Pahar Housing Estate, Kazir Dewri"
"Buy This Modest 1430 Sq Ft Flat In Bashundhara R-a, Block J",2.9098433740320386,4.219349087667552,5,vacant,2005.4246910821175,dhaka,"৳12,000,000","Block J, Bashundhara R-A"
Live A Restful Life In This 2318 Square Feet Flat For Sale In Bashundhara R-a,2.870423667200843,2.7807618216713594,2,vacant,1489.970777480163,dhaka,"৳23,000,000","Block D, Bashundhara R-A"
"A Beautiful Ready Flat With 3 Bedrooms Is Available For Sale At Agrabad Golden Complex, Double Mooring",2.9896787919226653,2.9620040810436383,6,vacant,1032.6802502765327,chattogram,"৳7,115,000","25 No. Rampur Ward, Double Mooring"
"Nice Flat Can Be Found In West Firojshah Colony For Sale, Near Pashchim Ferozshah Jaame Masjid",3.0617811751196498,2.999639053097261,6,vacant,1592.0502023509334,chattogram,"৳6,500,000","West Firojshah colony, 9 No. North Pahartali Ward"
A Worthwhile 1433 Sq Ft Residential Home Is Ready For Sale At Bayazid,3.77670567996428,3.9235703434834823,1,vacant,2897.732985951273,chattogram,"৳7,132,000","Somobay Residential Area, Bayazid"
Look At This 120 Square Feet Commercial Shop For Sale At 9 No. North Pahartali Ward.,2.1604616919253634,2.08804204092556,1,vacant,714.9987414328978,chattogram,"৳4,200,000","Dhaka Trunk Road, 9 No. North Pahartali Ward"
"See This Plot In Bproperty Village, Rupganj Is Up For Sale",3.0139579019807523,2.079571916337975,,vacant,1064.2103184946905,narayanganj-city,"৳4,575,000","Rupganj, Narayanganj"
"Grab A 1300 Sq Ft Flat For Sale At Chandgaon R/a, 4 No Chandgaon Ward",2.5808474974101143,2.995327524588388,4,vacant,2400.0396338596993,chattogram,"৳7,800,000","Chandgaon Residential Area, 4 No Chandgaon Ward"
"We Have A Nice Plot Which Is Ready For Sale In Narayanganj City, Bproperty Village",2.566082544704191,2.973516352837882,,vacant,1035.5953006023583,narayanganj-city,"৳7,625,000","Rupganj, Narayanganj"
"1240 Sq Ft Flat For Sale Is Offering You Beautiful Atmosphere To Live In, Inside Gazipur, Joydebpur",3.9972707139790997,3.989045759935559,8,vacant,4747.318984910624,gazipur,"৳4,960,000","Joydebpur, Gazipur Sadar Upazila"
"1240 Sq Ft Flat For Sale Is Inviting You For A Peaceful Home Experience In Gazipur, Joydebpur",2.9510456472647717,2.9897473149586156,9,vacant,393.16958177772165,gazipur,"৳4,960,000","Joydebpur, Gazipur Sadar Upazila"
Affordable And Wonderful 1500 Sq Ft Flat Is Up For Sale In Bakalia,2.9770877215211295,3.9923317145348136,6,vacant,1161.9205178238008,chattogram,"৳8,250,000","Dewan Bazar, Bakalia"
1400 Sq Ft Apartment Is Ready For Sale In Mirpur,2.99380060788581,1.9816055240928547,9,vacant,577.5179445013924,dhaka,"৳8,140,000","Section 12, Mirpur"
2700 Square Feet Apartment Is Ready For Sale In Banani Dohs,2.049971806043096,2.0247005054682674,5,vacant,2158.208935651549,dhaka,"৳67,500,000","Road No 2, Banani DOHS"
At Nobodoy Housing Society 700 Square Feet Flat Is For Sale,,,5,vacant,3296.7355370009204,dhaka,"৳3,000,000","Nobodoy Housing Society, Mohammadpur"
1685 Sq Ft Apartment To Sale In Bakalia Near Majid Sawdagor Masjid,2.7538395189375913,2.879627134055741,1,vacant,1148.2471129874796,chattogram,"৳9,267,500","Dewan Bazar, Bakalia"
Great News! This 1560 Sq Ft Flat For Sale In Malibagh Which Can Be Your Next Destination,,,4,vacant,1936.6267784210117,dhaka,"৳11,200,000","Malibagh Chowdhury Para, Malibagh"
"Start Your New Home, In This Reasonable And Comfortable 1380 Sq.Ft Flat Which Is Up For Sale In North Bagichagaon, Nearby Bagichagaon Govt. Primary School.",2.757778832050588,1.8289190080854212,6,vacant,1107.5999454367113,cumilla,"৳5,244,000","North Bagichagaon, Bagichagaon"
Live A Restful Life In This 2318 Square Feet Flat For Sale In Bashundhara R-a,2.0640082369526636,2.0847712886833505,2,vacant,852.1163921772911,dhaka,"৳23,000,000","Block D, Bashundhara R-A"
Find 750 Sq Ft Flat Available For Sale In Kadamtali,2.2758127026277353,2.0244924882536086,5,vacant,569.9367375903875,dhaka,"৳4,000,000","Kadamtali, Shyampur"
"Start Your New Home, In This Reasonable And Comfortable 4 Bedroom Flat Which Is Up For Sale In 11 No. South Kattali Ward.",2.9044386146343664,3.049437104079234,5,vacant,-508.3214460642357,chattogram,"৳6,000,000","Dakshin Kattali, 11 No. South Kattali Ward"
"In The Beautiful Neighborhood In South Agrabad, A 3-Bedroom Large Flat Is Up For Sale",,,5,vacant,3634.4383549751888,chattogram,"৳8,835,000","South Agrabad, Double Mooring"
"Apartment Of 1350 Sq Ft For Sale In Bangla Bazar, Bayazid",3.6224877575099423,4.174645437009649,1,vacant,2290.7283504390443,chattogram,"৳6,000,000","Bangla Bazar, Bayazid"
"In Double Mooring, A 1550 Sq.ft Flat For Sale near Dutch-Bangla Bank Limited ATM",2.815444320102649,2.9404279420988484,8,vacant,2075.7295928963003,chattogram,"৳9,335,000","South Agrabad, Double Mooring"
"A Favorable Flat Of 1565 Sq Ft Is Ready For Sale In Sholokbahar, Abdul Hamid Road",2.876437579264705,3.016457832199126,9,vacant,2078.6990022078053,chattogram,"৳9,000,000","Abdul Hamid Road, Sholokbahar"
Flat For Sale In Mirpur Section 6 Near Mosque,2.909523267458885,3.0835959210947523,1,vacant,1186.9073583467148,dhaka,"৳3,100,000","Section 6, Mirpur"
5 Katha Plot now for sale in Bproperty Village Very Next To Mushuri Takwa Jame Masjid,2.0085474807869783,1.903430520718693,,vacant,1263.7716498497516,narayanganj-city,"৳7,625,000","Rupganj, Narayanganj"
1485 Sq Feet Flat For Sale In The Location Of Darussalam,,,2,vacant,1496.313409133451,dhaka,"৳8,167,000","Darussalam, Mirpur"
For Selling Purpose This Flat Is Now Vacant In The Location Of South Monipur .,3.2324766483487695,3.0175307800119553,9,vacant,1957.3177712479169,dhaka,"৳6,300,000","South Monipur, Mirpur"
"5 Katha Residential Plot Is Up For Sale In Bashundhara R-a, Block N",1.850231292260868,2.279584951299646,,vacant,305.0878000302338,dhaka,"৳42,000,000","Block N, Bashundhara R-A"
Look At This 1950 Square Feet Residential Apartment For Sale At Ibrahimpur Very Next To Ibrahimpur Primary School,1.8089571888685205,2.029463076061254,1,vacant,-63.77097625622446,dhaka,"৳10,725,000","Primary school Road, Ibrahimpur"
A Nice And Comfortable 1435 Sq Ft Flat Is Up For Sale In Kalamia Bazar,3.10609280260925,3.1571718760624523,3,vacant,1088.1842701724545,chattogram,"৳5,740,000","18 No. East Bakalia Ward, Bakalia"
"Take This 5 Katha Residential Plot Which Is Ready For Sale At Bproperty Village, Narayanganj",2.6597851468745035,3.11796718942906,,vacant,2043.7737167060154,narayanganj-city,"৳7,625,000","Rupganj, Narayanganj"
"A Rightly Planned 1500 Sq Ft Flat Is Found For Sale In 24 No. North Agrabad Ward, Double Mooring",3.08633451042146,3.036007362244128,10,vacant,1309.054422868046,chattogram,"৳8,600,000","24 No. North Agrabad Ward, Double Mooring"
"At Sholoshohor, flat for Sale close to Sholoshohor Jame Masjid",3.022720213923719,1.9032136981405496,5,vacant,2021.6224267029547,chattogram,"৳6,075,000","Cosmopolitan R/A, 7 No. West Sholoshohor Ward"
"Offering You A 1250 Sq Ft Nice Flat For Sale In Nobodoy Housing Society, Mohammadpur",1.9673347546056874,2.1036899224753167,8,vacant,348.8943848771606,dhaka,"৳7,500,000","Nobodoy Housing Society, Mohammadpur"
2100 Square Feet Flat For Sale In Bashundhara,3.351875696230775,1.853419753800113,7,vacant,1631.322110483548,dhaka,"৳23,110,000","Block A, Bashundhara R-A"
"Take This Plot For Sale In Bproperty Village, Rupganj",2.862152633898134,2.1566351043980654,,vacant,637.0786686252891,narayanganj-city,"৳3,600,000","Rupganj, Narayanganj"
3 Katha Plot is available for sale in Purbachal Marine City,3.456450141088738,3.0195692042868254,,vacant,1385.7587655532243,narayanganj-city,"৳3,900,000","Rupganj, Narayanganj"
For Sale Purpose 1100 Sq Ft Commendable Designed Apartment Is Available In 19 No. South Bakalia Ward,2.950056638268125,2.740693052275205,5,vacant,1235.549712741694,chattogram,"৳5,500,000","19 No. South Bakalia Ward, Bakalia"
3 Katha Plot is now available for sale in Purbachal- Sector 17,2.717082534548372,2.9666837175775567,,vacant,2772.5436057812585,dhaka,"৳29,000,000","Sector 17, Purbachal"
"Looking For A Tasteful Residential Plot For Sale In Bproperty Village, Rupganj ? Check This One",2.0154903805024666,2.063984494284523,,vacant,1121.0692661002224,narayanganj-city,"৳4,575,000","Rupganj, Narayanganj"
Flat For Sale Covering A Beautiful Area In Bashundhara R-a Nearby Basundhara Residential Area Puja Mondop.,2.7615625347050523,2.976808772558636,4,vacant,793.6470863760937,dhaka,"৳14,500,000","Block I, Bashundhara R-A"
This Nice Flat Is Now Up For Sale In South Agrabad Near South Point Hospital,1.8334517461074715,2.0699586171299593,2,vacant,1570.3780665556994,chattogram,"৳5,052,500","South Agrabad, Double Mooring"
115 Sq Ft Commercial Shop Is Up For Sale In Patharghata,3.0879610089460496,2.916830724469831,,vacant,2393.30957997496,chattogram,"৳2,000,000","Patharghata, Kotwali"
"1100 Sq Ft Flat Is Up For Sale In Agrabad Housing Residential Area, Double Mooring",3.1230868067441997,2.8722182122277253,1,vacant,1308.2629955281297,chattogram,"৳4,500,000","24 No. North Agrabad Ward, Double Mooring"
"3 Bedroom Residential Apartment Is Up For Sale In 25 No. Rampur Ward, Double Mooring",3.8621614392398,3.9930095370965484,1,vacant,391.2870006057062,chattogram,"৳7,750,000","25 No. Rampur Ward, Double Mooring"
"When Location, And Convenience Is Your Priority This 3 Bedroom Flat Is For You In Somobay Residential Area-bayazid .",3.218755335618985,2.003088492986257,2,vacant,1300.8361420154527,chattogram,"৳7,800,000","Somobay Residential Area, Bayazid"
Offering 1500 Sq Ft Flat For Sale In Niketan,3.2564408331856454,0.9659128820279514,1,vacant,500.46639792972593,dhaka,"৳25,000,000","Block C, Niketan"
"Get Ready To Buy This Ideally Maintained 2456 Sq Ft Apartment Located In Block K, Bashundhara R-A",2.3182064367229676,2.1200823687231565,8,vacant,846.0115527359949,dhaka,"৳22,104,000","Block K, Bashundhara R-A"
See This Apartment Which Is Up For Sale In Halishahar Near Halishahar Ahmad Miah City Corporation High School,3.117289248631103,2.9168127988277908,3,vacant,1585.092756049125,chattogram,"৳5,000,000","38 No. South Middle Halishahar, Halishahar"
A well-constructed 1335 SQ FT flat is for sale in Bakalia,3.302061729170807,3.030641195476706,2,vacant,1475.027123838838,chattogram,"৳5,340,000","18 No. East Bakalia Ward, Bakalia"
Offering You 252 Sq Ft Nice shop For sale In Mirpur DOHS,2.58331724985716,3.006650414746088,,,1588.0187860473116,dhaka,"৳3,000,000","Mirpur DOHS, Mirpur"
"This 1008 Sq.Ft Convenient Flat Is For Sale In Shadheenata Sharani, Mirpur 10.",2.9295691803009345,2.847685580171366,5,vacant,1539.678772624604,dhaka,"৳4,838,400","Section 10, Mirpur"
Visit This 150 Sq Ft Commercial Shop For Sale In Kazirhat,2.8079187385421793,2.8709415697280893,1,vacant,2235.515274062213,chattogram,"৳3,300,000","Mohara, 4 No Chandgaon Ward"
2450 Sq Ft Flat Is Now Vacant For Sale In Banani Close To Banani Super Market,2.0264139734294777,2.00116541461979,1,vacant,870.1167017413032,dhaka,"৳43,000,000","Road No 18, Banani"
"A 3 Katha Residential Plot Is For Sale At Bproperty Village, Rupganj .",2.873397899168619,3.1938473926154742,,vacant,1105.5163137940503,narayanganj-city,"৳4,575,000","Rupganj, Narayanganj"
"1550 Sq Ft Nice Flat For Sale In Aftab Nagar, Block C",3.9631884493778573,4.056677742142066,9,vacant,954.4925506887306,dhaka,"৳15,000,000","Block C, Aftab Nagar"
Near Art Gallery Building A Commercial Area Is Ready For Sale At Mohammed Ali Road,3.416987697176027,2.83115797916291,2,vacant,1333.884940907244,chattogram,"৳8,000,000","Mohammed Ali Road, 15 No. Bagmoniram Ward"
Near To Standard Bank Limited At Enayet Bazaar This 205 Square Feet Commercial Shop For Sale,2.962399313783826,2.6956591956468072,,vacant,569.528446416991,chattogram,"৳14,350,000","Jubilee Road, 22 No. Enayet Bazaar Ward"
Express Your Individuality At This 1400 Sq.ft Apartment Which Is Vacant For Sale In The Location Of South Monipur .,2.0916738966549024,2.0717244739276603,4,vacant,-241.27565481379452,dhaka,"৳6,300,000","South Monipur, Mirpur"
Check this 682 SQ FT apartment up for sale at Uttar Badda very near to IFIC Bank Limited | ATM Booth,2.9485417353996217,2.9905861433411842,3,vacant,1732.9054732521274,dhaka,"৳3,600,000","Uttar Badda, Badda"
Grab This 1162 Sq Ft Flat For Sale At Bayazid,3.016773951200179,3.111665370793952,4,vacant,1812.4049442196863,chattogram,"৳5,000,000","Chadra Nagar, Bayazid"
Visit This Apartment For Sale In West Nakhalpara Near Nakhalpara Chhapra Mosjid.,2.0013329695056865,1.9138275425637077,1,vacant,748.2006121716872,dhaka,"৳6,500,000","West Nakhalpara, Tejgaon"
Well Defined And Nice Living Space Of 1500 Sq Ft Is Up For Sale In North Bagichagaon Close To Bagichagaon Jame Masjid,4.099324256117197,4.034265990115193,9,vacant,1936.927430479708,cumilla,"৳6,000,000","North Bagichagaon, Bagichagaon"
Close To Al-Haj Yakub Ali Girls High School &amp; College A 1550 Square Feet Residential Apartment For Sale,3.2581688401329685,3.0827925093968642,3,vacant,1473.3418220638991,chattogram,"৳7,750,000","25 No. Rampur Ward, Double Mooring"
Beautiful And Well-constructed Flat Is Ready For Sale At Shahjadpur Nearby Shahjadpur Model Government Primary School,3.3649730089521483,2.9562186252705196,7,vacant,1962.9529772841768,dhaka,"৳15,550,000","Shahjadpur, Badda"
"Buy This 1400 Square Feet Flat In Bayazid, Shahid Nagar",3.0685949888677504,3.958310328651772,3,vacant,2424.357096168439,chattogram,"৳8,000,000","Shahid Nagar, Bayazid"
"An Apartment Is Up For Sale In Ibrahimpur, Near Ibrahimpur Central Jame Masjid.",3.130611560578596,4.00247180190882,5,vacant,490.03271799644426,dhaka,"৳4,800,000","North Ibrahimpur, Ibrahimpur"
Nice Apartment For Sale In Khushi Nearby Port City University,3.7450309498366687,4.053097312176726,3,vacant,1815.1012549596003,chattogram,"৳11,000,000","Zakir Hossain Road, Khulshi"
"Grab This 2200 Sq Ft Apartment With 3 Beds Up For Sale At Halishahar Housing Estate, Block H",2.980531288117474,2.998597511910855,2,vacant,1812.0332303795487,chattogram,"৳12,100,000","26 No. North Halishahar Ward, Halishahar"
A Well-constructed 1770 Sq Ft Flat Is For Sale In 4 No Chandgaon Ward,4.208317060632633,4.095299137198076,2,vacant,1862.7031081115156,chattogram,"৳7,020,000","Chandgaon Residential Area, 4 No Chandgaon Ward"
"This Very New Nice Flat Of 1300 Sq Ft Is Up For Sale In Joydebpur Road, Gazipur Sadar Upazila",2.191851603247984,1.9548026791560191,4,vacant,771.811807539629,gazipur,"৳5,200,000","Joydebpur, Gazipur Sadar Upazila"
"For Selling Purpose A Residential Plot Is Available At Bproperty Village, Rupganj",4.046881220287393,3.8700252639246,,vacant,2252.290878652463,narayanganj-city,"৳7,625,000","Rupganj, Narayanganj"
3 Katha Plot is for sale in Bproperty Village,,,,vacant,2232.7568212949177,narayanganj-city,"৳4,575,000","Rupganj, Narayanganj"
"Check Out This 750 Sq Ft Flat For Sale In Ashi Dag Road, Ibrahimmpur",3.1087272399532844,2.9408405646104465,5,vacant,2028.5096773730015,dhaka,"৳3,500,000","Ashi Dag Road, Ibrahimpur"
A well-constructed 2420 SQ FT flat is for sale in 33 No. Firingee Bazaar Ward,3.2659226556478465,2.9443816798634055,8,vacant,1934.0004192274785,chattogram,"৳13,310,000","Yakub Nagar Road, 33 No. Firingee Bazaar Ward"
"Get This Wonderful Plot In Bproperty Village Which Is Ready For Sale, For Your Better Residential Future",3.0641062686498404,2.9935615777186877,,vacant,1178.5660234009022,narayanganj-city,"৳4,575,000","Rupganj, Narayanganj"
"Check This Fine Looking 5 Katha Plot Offered For Sale At Bproperty Village, Narayanganj",3.9211965779272977,4.006573229834479,,vacant,2330.6787281776196,narayanganj-city,"৳7,625,000","Rupganj, Narayanganj"
"Buy This 1350 Sq Ft Amazing Flat In Gazipur, Joydebpur With Nicely Planned Rooms",3.074404176688418,2.9621655481965043,6,vacant,-417.29802244574785,gazipur,"৳4,500,000","Joydebpur, Gazipur Sadar Upazila"
"Looking For A New Place? Try Us, As We Have This 970 Sq Ft Apartment Ready For Sale At Mirpur, Near Bashir Uddin Adarsha School And College",2.350739501947139,2.998294207819033,3,vacant,1003.2849751994498,dhaka,"৳4,800,000","Section 1, Mirpur"
"1370 Sq Ft Apartment Is Available For Sale In Middle Badda, Adarsha Nagar",3.0848266774655073,2.9961095271088065,5,vacant,634.6660563799446,dhaka,"৳9,200,000","Middle Badda, Badda"
"Buy This 800 Sq Ft Apartment At Tongi, Gazipur",2.1917099317737874,3.017104921635491,1,vacant,1583.2890720360406,gazipur,"৳1,760,000","Tongi, Gazipur Sadar Upazila"
Buy This 1250 Square Feet Commercial Space In A Booming Location Of Mirpur-11,2.6181741425944316,2.7693353536486764,,vacant,1772.1034100708725,dhaka,"৳23,000,000","Section 11, Mirpur"
Buy This Flat At South Monipur For The Ideal Urban Lifestyle You Dream About.,3.100087377928662,2.1840313790568007,6,vacant,1419.2476608367506,dhaka,"৳4,500,000","South Monipur, Mirpur"
5 Katha Plot is available for sale in Purbachal Marine City,3.105794557548918,2.98558880700569,,vacant,1941.4830562981024,narayanganj-city,"৳6,500,000","Rupganj, Narayanganj"
1324 Sq Ft Large Flat For Sale In Hillview Residential Area,2.7424689356659893,3.056810105465354,1,vacant,1384.172873693863,chattogram,"৳9,400,000","Hillview Residential Area, 15 No. Bagmoniram Ward"
5 Katha very nice Plot now for sale in Bproperty Village,2.8422368751594145,1.865161845349634,,vacant,2323.9330259574353,narayanganj-city,"৳7,625,000","Rupganj, Narayanganj"
"1250 Sq Ft Nice Flat Is Up For Sale At Bayezid Dreamland Residential Area, Bayazid",2.303637423248155,1.9539157214693696,4,vacant,1090.050181122331,chattogram,"৳4,800,000","Dreamland Residential Area, Bayazid"
"You Can Find A Wonderful 1500 Sq Ft Flat For Sale In Bashundhara R-a, Block G",2.8927652196131644,2.934218313251262,6,vacant,360.60485093620025,dhaka,"৳12,200,000","Block G, Bashundhara R-A"
Offering You A 1370 Sq Ft Flat For Sale In Uttar Badda,3.4969092860897506,3.14380280628094,2,vacant,1011.3560830371636,dhaka,"৳7,800,000","Uttar Badda, Badda"
A Commercial Floor Is For Sale In Bagmoniram Nearby Jame Masjid,3.999574664839415,3.942681990551654,6,vacant,1825.4230228963459,chattogram,"৳25,000,000","O. R. Nizam Road, 15 No. Bagmoniram Ward"
Comfortable Flat Is Up For Sale In Pallabi Nearby City Club Ground,2.090398648686558,2.0741731420147898,5,vacant,1206.7519861536218,dhaka,"৳7,500,000","Pallabi, Mirpur"
Uncover Your Place in a 1000 Sq Ft Structurally Well Built House for Sale in Shantinagar,3.3582115238833254,2.9363606355047263,1,vacant,549.2893297792922,dhaka,"৳7,500,000","Shantinagar Bazar Rd, Shantinagar"
A 3 Bedroom And 1547 Sq Ft Flat For Sale Near Jhawtola Central Jame Mosque,3.029028490404243,2.955714212922246,9,vacant,920.4718567438313,cumilla,"৳6,188,000","Shahid Khawaja Nizamuddin Road, Jhautola"
A 3 Katha Residential Plot For Sale In Purbachal Marine City,2.777935030011028,1.9759745309347878,,vacant,1002.9744879746964,narayanganj-city,"৳3,900,000","Rupganj, Narayanganj"
Offering you a 1650 SQ FT flat for sale in Khulshi,2.9756903580638396,3.125615803817323,9,vacant,1180.010711624217,chattogram,"৳9,675,000","Yakub Future Park Housing, Khulshi"
See This 1300 Sq Ft Apartment For Sale Is All Set For You In Joydebpur Road Close To Sree Sree Madhab Mondir,3.992110595548359,3.8150903439212587,2,vacant,2428.8714331811752,gazipur,"৳5,200,000","Joydebpur, Gazipur Sadar Upazila"
105 Sq Ft Commercial Shop For Sale In A Growing Business Area Of 9 No. North Pahartali Ward,2.69764739462996,2.8712709721793965,1,vacant,1736.3911301012947,chattogram,"৳3,675,000","Dhaka Trunk Road, 9 No. North Pahartali Ward"
"950 Sq Ft Apartment For Sale In Dakshin Khan, Near Islami Bank Bd Ltd.",2.943321512036853,2.809468993919953,2,vacant,2024.8475921417019,dhaka,"৳4,000,000","Moushair, Dakshin Khan"
Here Is A Well Defined Flat Of 780 Sq Ft Waiting For Sale At Rupnagar R/A,3.8355705543659724,2.8935950683831657,1,vacant,1435.5599125149845,dhaka,"৳4,000,000","Rupnagar R/A, Mirpur"
Grab This 2250 Square Ft. Apartment Up For Sale At Bashundhara R-A- Block I.,3.2047874597575112,2.9205902716159686,1,vacant,2574.5134720257875,dhaka,"৳21,800,000","Block I, Bashundhara R-A"
"1600 Sq Ft Flat Is Being Constructed For Sale In Aftab Nagar, Block E",3.0076681108983303,2.842033625207249,1,vacant,503.202403686067,dhaka,"৳13,600,000","Block E, Aftab Nagar"
A 2374 Square Feet Residential Apartment For Sale At Bashundhara R-A Close To Sunflower School And College.,,,2,vacant,4163.509297018641,dhaka,"৳26,500,000","Block A, Bashundhara R-A"
Grab This Lovely Flat Of 2180 Sq Ft Is Up For Sale In Mohara Before It&#039;s Sold Out,2.9764758529094744,2.8028734356690816,6,vacant,488.69395962305987,chattogram,"৳9,000,000","Mohara, 4 No Chandgaon Ward"
"A Large Residential Plot For Sale In Bproperty Village, Rupganj",3.0494317173303087,3.9003964971001905,,vacant,2030.5499729001338,narayanganj-city,"৳4,575,000","Rupganj, Narayanganj"
An Affordable Residential Plot For Sale In Purbachal American City,3.1366525158843004,3.1174532428423367,,vacant,1999.4234289227081,narayanganj-city,"৳4,575,000","Rupganj, Narayanganj"
"Buy This 350 Square Feet Apartment In Bashundhara R-a, Block C",3.778518083279081,4.039488438909021,3,vacant,1207.2140970120474,dhaka,"৳5,500,000","Block C, Bashundhara R-A"
"Get A Look At This Lovely Flat For Sale Featuring 2500 Sq Ft In Block K, Bashundhara R-A",1.7692407688032223,2.0183424790401885,8,vacant,512.7959447964163,dhaka,"৳22,500,000","Block K, Bashundhara R-A"
Look At This Nice 2200 Sq Ft Flat Is Up For Sale At Lake Valley R/A,2.2447368982519746,1.9018847119754467,8,vacant,819.850868261421,chattogram,"৳12,000,000","Lake Valley R/A, 9 No. North Pahartali Ward"
Suitable 1360 Sq Ft Residential Apartment For Sale In Chandrima Model Town,1.908648550881321,1.8497041871875575,9,vacant,1345.1244725818408,dhaka,"৳7,500,000","Chandrima Model Town, Mohammadpur"
Ready 1500 Sq Ft Flat Is Now For Sale In Bashundhara R-a,1.6861047675920617,1.8885410684581334,2,vacant,687.2344832911855,dhaka,"৳12,000,000","Block I, Bashundhara R-A"
4 Bedrooms Apartment Is Available For Sale In Bashundhara R-a.,2.0983247845933692,1.9957722025617253,4,vacant,678.6204469528843,dhaka,"৳16,000,000","Block E, Bashundhara R-A"
Reasonable 1336 SQ FT flat is available for sale in 9 No. North Pahartali Ward,2.102657574697589,2.0849453892544165,2,vacant,169.40985659986427,chattogram,"৳6,680,000","West Khulshi R/A, 9 No. North Pahartali Ward"
A well-constructed 1650 SQ FT flat is for sale in Bochila,1.6608766608942918,2.088290718306466,1,vacant,630.5424936331603,dhaka,"৳7,500,000","Bochila, Mohammadpur"
See This Shop Space For Sale Located In Halishahar Near To Bandartila Bus Stop,3.050840680683614,3.0617012731170474,1,vacant,1994.411514336718,chattogram,"৳5,250,000","39 No. South Halishahar Ward, Halishahar"
This 3888 Sq Ft Full Building Is Ready To Sale At Halishahar,3.1629652499453584,3.9278349106097457,,vacant,1664.782210298131,chattogram,"৳12,000,000","38 No. South Middle Halishahar, Halishahar"
Reasonable 1700 SQ FT flat is available for sale in Mohammadpur,,,5,vacant,3194.243433219482,dhaka,"৳18,500,000","Ring Road, Mohammadpur"
Take A Look At This 1400 Square Feet Residential Apartment For Sale Next To East Madarbari City Corporation Girls High School,2.1400127620144325,1.9685587464034608,6,vacant,1394.7670936620239,chattogram,"৳7,280,000","Majhirghat Road, 30 No. East Madarbari Ward"
Flat for Sale in Madarbari close to West Madarbari City Corporation Girls&#039; High School,2.688890260099085,2.980314904552681,3,vacant,1197.4134334539083,chattogram,"৳3,960,000","1 No. Goli, 29 No. West Madarbari Ward"
"1050 Sq Ft Flat For Sale In Radio Colony, Savar",2.073340513337259,2.1993195697110934,6,vacant,1785.5121518132669,dhaka,"৳3,360,000","Radio Colony, Savar"
"3 Bedroom, 3 Bathroom Apartment With A View Is Up For Sale Nearby Jhautola Jame Masjid",1.9329559022656468,1.8275998627309884,10,vacant,1775.6622469845788,cumilla,"৳5,878,000","Shahid Khawaja Nizamuddin Road, Jhautola"
"In 33 No. Firingee Bazaar Ward, A 1100 Sq Ft Flat Is Up For Sale",3.893039930230068,3.9770384166646573,1,vacant,2433.7465676382767,chattogram,"৳4,950,000","Abhoy Mitra Lane, 33 No. Firingee Bazaar Ward"
"Impressive Apartment Of 1553 Sq Ft Is Up For Sale In Free School Street, Kathalbagan",3.1928678268175856,3.11856166279038,2,vacant,497.13560812390347,dhaka,"৳16,500,000","Free School Street, Kathalbagan"
Reasonable 1100 SQ FT flat is available for sale in Mirpur near to Life Aid Specialized Hospital,,,5,vacant,4979.406247853285,dhaka,"৳4,950,000","Middle Monipur, Mirpur"
A well-constructed 1325 SQ FT flat is for sale in 18 No. East Bakalia Ward,3.3975349181518717,2.937013547358424,4,vacant,1543.3308006447598,chattogram,"৳5,900,000","18 No. East Bakalia Ward, Bakalia"
This Shop Space Of 115 Sq Ft Is Lucrative Enough For Your Next Business Venture In 9 No. North Pahartali Ward,2.2912899924095913,1.9482370616723896,2,vacant,654.860596016602,chattogram,"৳4,025,000","Dhaka Trunk Road, 9 No. North Pahartali Ward"
Vacant Now | 1185 Sq Ft | Three Bedrooms Apt. | Ready To Move,2.975688867075675,1.978152568924548,5,vacant,1832.0596046786693,dhaka,"৳11,000,000","Lake Circus Road, Kalabagan"
1440 Sq Ft Ready Flat For Sale At Bayazid,3.078143625268212,2.843846086048506,3,vacant,1623.131946682496,chattogram,"৳6,500,000","Hill View R/A, Bayazid"
"1200 Sq Ft Nice Flat Is For Sale In Mohammadpur, Sat Masjid Housing",3.169886287831317,3.0582448267380093,8,vacant,2319.8301220201874,dhaka,"৳6,000,000","Sat Masjid Housing, Mohammadpur"
A Standard Apartment In Mirpur Near To M.A Zabbar Memorial High School Is Up For Sale,2.026846450113827,2.0651918294637706,2,vacant,250.9406279111745,dhaka,"৳4,000,000","Pirerbag, Mirpur"
Grab This 1300 Square Feet Apartment For Sale At Mirpur,3.0289702397815534,3.049741182763015,4,vacant,2341.8777450469534,dhaka,"৳5,850,000","Section 11, Mirpur"
1220 Sq&gt;Ft Apartments For Sale Close To Mollapara Jame Masjid At Agargaon,3.1824989405157456,3.9148396590579977,2,vacant,601.5224437246784,dhaka,"৳6,800,000","Kutum Goli, Agargaon"
Modern Home For Residents | 850 Sq Ft Flat In Nayatola-Shashab Bari Road Is Up For Sale,2.9868661863948716,3.0084645120322704,6,vacant,1726.4612717219973,dhaka,"৳6,500,000","Nayatola, Maghbazar"
"Find This 1200 Sq Ft Flat Available For Sale In Lalkuthi, Mirpur",2.838429636173848,2.9119956867709176,5,vacant,1838.1755939217053,dhaka,"৳6,000,000","Lalkuthi, Mirpur"
1162 Square Ft. Residential Apartment For Sale At Khulshi Green Housing Society .,2.9081752864294703,2.9674576037119422,2,vacant,1379.3058827435914,chattogram,"৳6,972,000","Khulshi Green Housing Society, Khulshi"
Residential Plot Is Available For Sale In Bproperty Village,3.140440100124236,4.210702676680691,,vacant,1565.8254338592258,narayanganj-city,"৳4,575,000","Rupganj, Narayanganj"
Modest 1493 Sq Ft Ready Apartment For Sale In Bakalia,3.0006631507080317,3.009363163458854,2,vacant,1123.781194929433,chattogram,"৳9,800,000","17 No West Bakalia Ward, Bakalia"
"We Offer You An Excellent And Spacious Commercial Space Of 1840 Sq Ft At Tejgaon, For Sale",,,3,vacant,2076.8974954671394,dhaka,"৳46,000,000","Hatir Jheel Link Road, Tejgaon"
This 1250 Square Feet Apartment For Sale In Kachukhet Near Kachukhet Old Market Jame Masjid,4.148453155479929,4.017644627300268,5,vacant,2431.22803388624,dhaka,"৳6,000,000","Lalasarai Road, Kachukhet"
"In The Wonderful Neighborhood Of Nasirabad Housing Society, 1950 Sq Ft Flat Is Ready For Sale",2.9169554965036926,2.8677356572838377,1,vacant,2506.5350528233303,chattogram,"৳13,000,000","Nasirabad Housing Society, Muradpur"
1500 Sq Ft Apartment To Sale In Bakalia Near Khanka-E-Quaderia Sayedia Tayabia Baluar Dighi,3.167543507015355,2.8826847171098673,2,vacant,1164.611659365357,chattogram,"৳8,250,000","Dewan Bazar, Bakalia"
Modern Shop In Chandgaon Ward Near CIDC &amp; CIMC Female Hostel Is Reay For Sale,3.083930938867466,2.898132946987142,1,vacant,1540.5038330538646,chattogram,"৳3,312,000","Chand Mia Road, 4 No Chandgaon Ward"
Uttara Is Offering You A 1450 Sq Ft Residential Apartment Up For Sale,2.7264325058369616,2.956527241631524,3,vacant,1660.3872600340783,dhaka,"৳9,500,000","Sector 10, Uttara"
"Start Residing In This 1230 Sq Ft, Properly Developed Apartment For Sale, In West Shewrapara",3.319536383057828,3.0916762552376746,6,vacant,1434.8788681224555,dhaka,"৳5,000,000","West Shewrapara, Mirpur"
This Very New Nice Flat Of 925 Sq Ft Is Up For Sale In West Monipur,2.8890621696377337,3.056592460454957,2,vacant,390.2379879546588,dhaka,"৳4,440,000","West Monipur, Mirpur"
"Here Is A Well Defined Flat Of 1700 Sq Ft Waiting For Sale At Section 7, Mirpur",1.6333207912716723,2.051171653946098,3,vacant,-134.20224317786256,dhaka,"৳13,600,000","Section 7, Mirpur"
You Would Love To Stay In This 1870 Sq Ft Flat Up For Sale In East Nasirabad,1.768475089912239,1.8924774571663636,2,vacant,379.4644711347082,chattogram,"৳13,500,000","CDA Avenue, East Nasirabad"
Modest Apartment For Property Seekers | 1426 Sq Ft Flat Is For Sale In Halishahar Housing Estate -Block H.,,,8,vacant,1811.2663521004442,chattogram,"৳7,130,000","26 No. North Halishahar Ward, Halishahar"
"We Are Offering A Reasonably Priced Flat For Sale Which Is Featuring 1050 Sq Ft Space In Madina Masjid Road, Thakur Para",4.01155877290142,3.026613519782341,7,vacant,2448.327523034063,cumilla,"৳5,500,000","Madina Masjid Road, Thakur Para"
Well Organized Flat Of 1400 Sq Ft Is Now Up For Sale In West Khulshi,2.939329605936598,2.938523020908309,6,vacant,1596.5383251206192,chattogram,"৳8,200,000","West Khulshi, 9 No. North Pahartali Ward"
View This 1700 Sq Ft Flat For Sale At Bayazid,1.9253763356428952,1.9727636741975665,6,vacant,1031.948702229223,chattogram,"৳7,000,000","Sangbadik Co-operative Housing Society, Bayazid"
1485 Sq ft Apartment with 3 bedrooms For Sale in Mohammadpur,,,8,vacant,-1189.599983122889,dhaka,"৳13,200,000","Jahuri Moholla, Mohammadpur"
"Get A Look At This Lovely Flat For Sale Featuring 1600 Sq Ft In Block A, Chandrima Model Town",3.075297915024374,2.9658748864772924,12,vacant,351.13204782313846,dhaka,"৳7,500,000","Chandrima Model Town, Mohammadpur"
This Flat Of 1350 Sq Ft For Sale Is Ready To Arrange Desirable Dwelling Facilities For You In Mohammadpur,3.070019037637491,3.022118444353016,6,vacant,1398.5893318953083,dhaka,"৳8,800,000","Shekhertek, Mohammadpur"
Acquire This 130 Sq Ft Shop Which Is Up For Sale In Nikunja 2,3.0907957206612853,3.1558380065356775,2,vacant,2367.204821655102,dhaka,"৳4,200,000","Nikunja 2, Nikunja"
Beside To Shah Shaheb Nagar Jame Mosque 1000 Square Feet Flat For Sale At Paikpara,2.136501968580473,1.9831847465658512,4,vacant,359.0723259236924,dhaka,"৳3,800,000","Middle Paikpara, Mirpur"
"Plot Of 5 Katha Is Up For Sale In Bproperty Village, Narayanganj, Rupganj",2.53299206200914,2.1153904500193943,,vacant,1620.4315604797675,narayanganj-city,"৳7,625,000","Rupganj, Narayanganj"
At Mirpur Flat For Sale Close To Prince Bazar,2.919260282786189,2.054730682983312,9,vacant,810.8625457142737,dhaka,"৳6,700,000","Section 1, Mirpur"
"An Apartment Is Ready For Sale At Mohammadpur , Near Market Camp Masjid.",2.5169838978762145,1.8564400186948113,1,vacant,1133.281222498533,dhaka,"৳3,500,000","aziz Moholla, Mohammadpur"
"In Double Mooring, With A Convenient Price, A 1550 Sq Ft Flat Is Up For Sale",3.0079889206863277,1.8921631387193152,3,vacant,1831.8375365784077,chattogram,"৳7,750,000","25 No. Rampur Ward, Double Mooring"
3474 Square Feet Spacious Apartment For Sale In Uttara-3,2.998973585058844,1.9184381240989365,8,vacant,891.566843481851,dhaka,"৳45,000,000","Sector 3, Uttara"
"This Slender 3 Bedroom Flat At Lake Valley R/A-North Pahartali , Meeting Your Residential Concerns Is The Perfect Home To You.",3.2316331495936748,2.916360024291385,6,vacant,680.2171801742143,chattogram,"৳7,800,000","Lake Valley R/A, 9 No. North Pahartali Ward"
This Large 5 Katha Plot Which Is Up For Sale In Bproperty Village,3.2631152586916583,2.991165742037998,,vacant,2219.3764387506244,narayanganj-city,"৳7,625,000","Rupganj, Narayanganj"
"At Uttar Khan, 1335 Sq Ft Flat Is Available For Sale",3.044923934170424,3.0601388785515073,4,vacant,1392.4482315756816,dhaka,"৳6,007,500","Puran Para, Uttar Khan"
1160 Sq Ft Commercial Area Is Up For Sale At Jamal Khan,2.8891471692589854,3.1228089978592926,,vacant,2022.4425486304356,chattogram,"৳29,000,000","Nabab Siraj Ud Daula Road, Jamal Khan"
Suitable 1250 Sq Ft Residential Flat For Sale In Rupnagar R/A,3.1074853443256423,4.030152906045826,2,vacant,2002.1428911030716,dhaka,"৳7,500,000","Rupnagar R/A, Mirpur"
See This Shop Space Up For Sale Located In Bandartila Near Islami Bank Bangladesh Limited,1.883042132693531,1.956393185978097,5,vacant,1657.510229754543,chattogram,"৳2,000,000","39 No. South Halishahar Ward, Halishahar"
An Apartment Which Is Up For Sale At Kallyanpur Near To Kallyanpur Girls School And College.,2.999691464101217,2.796266385957216,2,vacant,1714.8582968470214,dhaka,"৳4,600,000","Kallyanpur, Mirpur"
Offering you 1300 SQ FT flat for sale in Mirpur near to Paikpara Jame Masjid,3.2184742322490987,3.006906725797271,4,vacant,1311.956150642583,dhaka,"৳6,500,000","Middle Paikpara, Mirpur"
Welcome You A Cozy Apartment Placed In Mirpur Near Eastern Housing,3.8764281727691063,4.002521444002766,4,vacant,4279.305632577264,dhaka,"৳3,300,000","Pallabi, Mirpur"
"See This 3 Bedroom Smartly Priced Apartment Which Is Up For Sale In North Ibrahimpur, That You Should Check.",3.178494614913373,3.0178983756972677,3,vacant,1095.4552693167966,dhaka,"৳9,500,000","North Ibrahimpur, Ibrahimpur"
An Impressive 1750 Sq Ft Residential Apartment Is Up For Sale In The Center Of O R Nizam Road Residential Area.,3.150075340907891,3.2060817636796,,,1398.9861198135704,chattogram,"৳14,000,000","Nasirabad, 15 No. Bagmoniram Ward"
For Selling Purpose This 1055 Sq.Ft Flat Is Now Vacant In Army Housing Society Road-Moushair .,1.7884700060045786,2.1213842145803916,3,vacant,733.342836673924,dhaka,"৳5,300,000","Moushair, Dakshin Khan"
All Set For Selling Purpose This 1485 Sq Ft Flat In A Peaceful Location Of 22 No. Enayet Bazaar Ward.,4.215762028326827,3.076813048732045,2,vacant,2096.1190120865504,chattogram,"৳12,000,000","Jubilee Road, 22 No. Enayet Bazaar Ward"
"In The Location Of Bproperty Village Rupganj , A Large Residential Plot For Sale",4.1547643498725035,3.9058670789001826,,vacant,1127.6596419985667,narayanganj-city,"৳4,575,000","Rupganj, Narayanganj"
See This 1438 Sq Ft Apartment For Sale Is All Set For You In South Thakur Para Nearby Thakur Para Jame Masjid,4.022581239132009,3.949806836955823,7,vacant,1328.366077676393,cumilla,"৳5,033,000","South Thakur Para, Thakur Para"
We Have A 1305 Sq.Ft Flat For Sale In Chandgaon Nearby CDA Public School &amp; College.,2.8311105378094545,1.9907200788567967,4,vacant,188.1603100213756,chattogram,"৳6,525,000","Chandgaon Residential Area, 4 No Chandgaon Ward"
"Checkout This 2060 Square Feet Flat Available For Sale In Bashundhara R-a, Block J",2.809646625903982,2.9241315115563857,6,vacant,9.665792781290065,dhaka,"৳18,540,000","Block J, Bashundhara R-A"
Near Mirpur Adhunik Hospital A Flat For Sale In Mirpur,1.8808831835136308,2.048967162996771,8,vacant,1022.3225572629087,dhaka,"৳6,916,000","Section 12, Mirpur"
Very Near To Janata Bank Limited At Arichpur A 1004 Sq.Ft Residential Apartment For Sale,3.1202094545667554,3.0349211840640553,8,vacant,706.2276415686183,gazipur,"৳3,815,200","Tongi, Gazipur Sadar Upazila"
"In South Agrabad, Flat Of 3 Bedroom Is Up For Sale",2.788285380859528,2.893516238549076,2,vacant,1580.799337335451,chattogram,"৳7,150,000","South Agrabad, Double Mooring"
An Apartment Of 1025 Sq.Ft For Sale Is All Set For You To Settle In Jalalabad Housing Society .,2.096928944784624,2.117100645392022,3,vacant,1082.2850806252143,chattogram,"৳5,000,000","Road No 1, Jalalabad Housing Society"
"Buy This 1000 Sq Ft Residential Flat In Mirpur, Paikpara",2.7248944378715407,3.0100103934280287,8,vacant,1051.0135767118481,dhaka,"৳6,000,000","Ahmed Nagar, Mirpur"
"1545 Sq Ft Flat With 3 Modest Bedrooms For Sale In Mirpur-2, Block C",2.954789488486903,2.8308217576898995,5,vacant,1727.1357126456612,dhaka,"৳14,000,000","Section 2, Mirpur"
"A Residential Plot Of Three Katha Is Available For Sale In Narayanganj, Bproperty Village",3.0242919853841537,2.994976438912682,,vacant,1745.3766453069807,narayanganj-city,"৳4,575,000","Rupganj, Narayanganj"
"Well Organized Flat Of 1350 Sq Ft Is Now Vacant For Sale In Sector 11, Uttara",3.5417079991914817,2.027514202656683,6,vacant,-507.59101663156434,dhaka,"৳13,500,000","Sector 11, Uttara"
Attention Plot Finders! A 2.5 Katha Plot Is Up For Sale At South Sanarpar .,2.6948616786248554,2.095181336031468,,vacant,930.0183187559371,narayanganj-city,"৳6,300,000","Sanarpar, Shiddhirganj"
Uncover Your Place in a 1000 Sq Ft Structurally Well Built House for Sale in Shantinagar,3.326118455169131,1.9669801530089341,1,vacant,1406.1213197230586,dhaka,"৳7,500,000","Shantinagar Bazar Rd, Shantinagar"
We Have A 1335 Sq.Ft-3 Bedroom Flat For Sale In Bakalia Nearby Moor Ali Baper Jame Masjid,2.0331969381830657,2.0810083154136794,7,vacant,1588.2575886794853,chattogram,"৳5,340,000","18 No. East Bakalia Ward, Bakalia"
Look At This Nice 1563 Sq Ft Flat Is Up For Sale At West Khulshi,2.091093358560996,2.018310612865096,4,vacant,1666.0775487288279,chattogram,"৳9,200,000","West Khulshi R/A, 9 No. North Pahartali Ward"
Upgrade Your Home Experience By Buying This 1739 Sq Ft Flat In 9 No. North Pahartali Ward,3.0262194679083088,2.8713305535645848,6,vacant,428.71245694338734,chattogram,"৳8,695,000","West Khulshi R/A, 9 No. North Pahartali Ward"
Buy This 1545 Sq Ft Flat In 9 No. North Pahartali Ward,3.0985273014437147,2.861535236554892,8,vacant,1039.2932372802413,chattogram,"৳7,725,000","West Khulshi R/A, 9 No. North Pahartali Ward"
This 115 Sq.Ft Shop Is Up For Sale In Kazirhat.,2.965951730398597,3.1098351019722563,1,vacant,406.42805055190956,chattogram,"৳2,300,000","Mohara, 4 No Chandgaon Ward"
Residential Apartment For Sale in Aftab Nagar | 1350 SFT Apt. | Well Maintained,3.3221385234291287,3.1170191877358757,2,vacant,2265.7188928334026,dhaka,"৳10,800,000","Block M, Aftab Nagar"
Reasonable 2000 Sq Ft Residential Place For Sale Adjacent To Hurdco International School In Bashundhara R-a.,2.8988707939631317,3.031594544925757,7,vacant,1860.2379585891074,dhaka,"৳20,000,000","Block B, Bashundhara R-A"
Flat For Sale Covering A Beautiful Area In Ashoktala Nearby Ashoktala Jame Masjid.,4.2508416682646,5.146345067741946,,,2711.2264649851213,cumilla,"৳6,400,000","Nazrul Avenue, Ashoktala"
A Convenient 1000 Sq Ft Residential Flat Is Prepared To Be Sold At South Bakalia,3.857243253844485,5.103382326057082,4,vacant,2480.070857296563,chattogram,"৳5,000,000","19 No. South Bakalia Ward, Bakalia"
View This 2622 Sq Ft Apartment Set To Sale In Nasirabad,2.9866514642471733,3.0668885760218556,7,vacant,1931.819460120571,chattogram,"৳30,153,000","Nasirabad, 15 No. Bagmoniram Ward"
Checkout This 1185 Square Feet Residential Apartment Up For Sale At Gazipur Sadar Upazila,2.762511336837109,2.9108341630988157,9,vacant,1829.8139736825956,gazipur,"৳4,740,000","Shimultoly, Gazipur Sadar Upazila"
800 Sq Ft Residential Apartment Is On Sale In Firingee Bazaar Nearby Bridge Ghat Baitur Riduan Jame Masjid,4.100808535542463,4.169408918387607,4,vacant,3197.7128895069454,chattogram,"৳4,000,000","Abhoy Mitra Lane, 33 No. Firingee Bazaar Ward"
1400 Sq Ft Apartment To Sale In Ghat Farhat Beg Beside To Shri Shri Ramthakur O Joy Baba Loknath Kunjo,3.320161400115365,4.052473568725226,4,vacant,2175.1460504662405,chattogram,"৳7,700,000","Dewan Bazar, Bakalia"
This Flat Is Ready For Sale At South Khulsi,,,,vacant,4789.592675779096,chattogram,"৳95,000,000","South Khulshi, Khulshi"
"Spacious 5000 Sq Ft Commercial Office For Sale In Free School Street Road, Kathalbagan, Dhaka",,,1,vacant,5462.1867227620805,dhaka,"৳72,500,000","Free School Street, Kathalbagan"
"A Plot Which Is Up For Sale In Narayanganj, Bproperty Village",,,,vacant,2401.658877518585,narayanganj-city,"৳4,575,000","Rupganj, Narayanganj"
"At Kazirhat, A 1100 Sq Ft Apartment Is Up For Sale",2.9492012051644254,2.83649785649252,1,vacant,1193.1424127744217,chattogram,"৳4,500,000","Mohara, 4 No Chandgaon Ward"
Property In West Khulshi R/A – 815 Sq Ft Flat For Sale.,,,5,vacant,2056.37526841263,chattogram,"৳3,600,000","West Khulshi R/A, 9 No. North Pahartali Ward"
At Bproperty Village 5 Katha Plot Is Now For Sale Beside To Rupganj Upazila Health Complex,1.7977558336963335,1.9066993659271363,,vacant,1462.8123977453238,narayanganj-city,"৳5,250,000","Rupganj, Narayanganj"
"5 Katha Plot for sale in Bproperty Village, Narayanganj",3.050243466807108,4.036261566538135,,vacant,2517.6169646796243,narayanganj-city,"৳5,000,000","Rupganj, Narayanganj"
"Start A New Home, In This, 1325 Sq Ft Flat For Sale In Kalamia Bazar",,,6,vacant,2048.494892126242,chattogram,"৳5,300,000","18 No. East Bakalia Ward, Bakalia"
Find 1020 SQ FT flat available for sale in Pirerbag,3.622368505831392,2.9741283676285106,6,vacant,1211.3176090817963,dhaka,"৳6,000,000","Pirerbag, Mirpur"
Take This Residential Flat Is For Sale At Bayazid Area Nearby Bangladesh Korea Technical Training Center,2.8700446136041293,2.925941345963224,5th,vacant,1471.4344390193057,chattogram,"৳5,000,000","Chadra Nagar, Bayazid"
Reasonable And Cozy Flat Of 1275 Sq Ft Is Up For Sale At Lal Khan Bazaar,3.31798453659688,2.984224760312948,9,vacant,1793.172097528445,chattogram,"৳7,393,750","Hill Side Residential Area, Lal Khan Bazaar"
"Get This Wonderful 3 Katha Plot In Bproperty Village, Which Is Ready For Sale",3.054002306880543,3.1848633650813674,,vacant,1435.278346388652,narayanganj-city,"৳3,000,000","Rupganj, Narayanganj"
A 3 Bedroom Residential Apartment For Sale At Bashundhara Next To Sunnydale School .,2.9664917385821092,3.1355189771342022,4,vacant,2884.8064761558353,dhaka,"৳21,200,000","Block F, Bashundhara R-A"
We Have A 1699 Sq.Ft Flat For Sale In West Khulshi R/A .,3.0958394281709136,3.0346834348922207,1,vacant,1324.3091024216092,chattogram,"৳8,155,200","West Khulshi R/A, 9 No. North Pahartali Ward"
In The Beautiful Neighborhood In Dattapara A Flat Is Up For Sale Near Sahajuddin Sarkar School,3.0137173289360573,1.9975251224353225,3,vacant,1290.154355380752,gazipur,"৳2,240,000","Tongi, Gazipur Sadar Upazila"
A Well-constructed 1250 Sq Ft Flat Is For Sale In 33 No. Firingee Bazaar Ward,3.024457695129862,3.0825995355174394,2,vacant,2534.7139284544805,chattogram,"৳6,500,000","Yakub Nagar Road, 33 No. Firingee Bazaar Ward"
An Apartment For Sale Is Available In South Agrabad,2.9095355553628273,2.1105601730141323,3,vacant,629.4438763712706,chattogram,"৳7,150,000","South Agrabad, Double Mooring"
"We Are Presenting You With This 1200 Sq Ft Apartment For Sale In North Pirerbag, Mirpur",2.6902548569897617,2.9188077277196,6,vacant,1206.7204847833393,dhaka,"৳6,000,000","Pirerbag, Mirpur"
1680 Sq Ft Flat For Sale In Uttar Badda,2.6580165184051445,2.992423115996595,2,vacant,840.8831410229799,dhaka,"৳11,000,000","Uttar Badda, Badda"
"1250 Sq Ft Flat Is Being Constructed For Sale In Badda, Merul Badda",3.1447235761333348,2.8217333674085663,3,vacant,1246.1601859141028,dhaka,"৳7,500,000","Merul Badda, Badda"
"This 650 Sq Ft Apartment For Sale In Mirpur Section 12, Next To Doctor Muhammad Shahidullah Adarsha Uchcha Madhyamik Bidyapith.",2.93869829281712,3.109888156601705,4,vacant,759.9327900805145,dhaka,"৳4,600,000","Section 12, Mirpur"
1592 Square Feet -3 Bedroom Residential Apartment For Sale At 16 No. Chawk Bazaar Ward.,1.8679390846227477,2.202049045178838,7,vacant,1430.5733978461142,chattogram,"৳8,560,000","Munshi Pukur Par, 16 No. Chawk Bazaar Ward"
"A 1500 Sq Ft Flat Is Up For Sale In A Well Secured Location Of Nayatola, Maghbazar",3.001884384781473,3.007835558241105,5,vacant,1623.0447632297887,dhaka,"৳7,300,000","Nayatola, Maghbazar"
Shop Space Up For Sale In Bahaddarhat Nearby Jamuna Bank Limited,3.176113799541466,2.7920817321487292,4,vacant,1253.0679054394468,chattogram,"৳4,082,000","CDA Avenue, Sholokbahar"
"Picture Yourself, Residing In This Well Constructed And Planned 2045 Sq Ft Apartment In Uttara-7, For Sale",4.0399588508205,4.059575933325748,1,vacant,2395.495499993298,dhaka,"৳23,625,000","Sector 7, Uttara"
Choose your destination at 1500 SQ FT flat which is available for sale in North Shahjahanpur near to Pubali Bank.,3.854653868708936,3.9115408198737898,,,2958.7775707950673,dhaka,"৳12,500,000","Police Fari road, Khilgaon"
"You Can Move Into This Well Planned And Comfortable Residential Flat In Uttara Sector 11 For Sale , Of 948 Sq Ft, Near Shaheed Monsur Ali Medical College And Hospital",3.271679895963654,2.9350956189456854,5,vacant,914.6917241943456,dhaka,"৳7,000,000","Sector 11, Uttara"
780 Sq Ft Apartment Is Waiting For Sale At Nazimuddin Road Nearby Nazimuddin Road Shahi Jame Masjid,8.349861712228721,6.061306379727387,,,2223.0095463120724,dhaka,"৳3,000,000","Saat Rawza, Bangshal"
3 Katha Plot is now up for sale in Rupganj,3.1095668861566135,3.02490644737677,,vacant,1769.4491976968159,narayanganj-city,"৳4,575,000","Rupganj, Narayanganj"
"33.94 Katha Plot Is For Sale In Gacha, Gazipur Sadar Upazila",4.215710936156836,3.9522417658616855,,vacant,1151.1937816115303,gazipur,"৳22,100,000","Gacha, Gazipur Sadar Upazila"
A well-constructed 1245 SQ FT flat is for sale in Ibrahimpur,3.275150861114453,3.9364403602909275,8,vacant,2667.669801495053,dhaka,"৳5,353,500","North Ibrahimpur, Ibrahimpur"
"Buy This 1465 Sq Ft Residential Flat In Mirpur, Pallabi",3.2503686115907744,3.012312230576288,5,vacant,191.39043438477756,dhaka,"৳8,600,000","Pallabi, Mirpur"
Shop Space Up For Sale In Bahaddarhat Nearby Bahaddarhat Jame Masjid,3.1360510143850844,2.9599364881016648,5,vacant,1129.1502414759607,chattogram,"৳2,418,000","CDA Avenue, Sholokbahar"
"See This 1300 Sq Ft Apartment For Sale Is All Set For You In Taltola, Agargaon",3.132561198162831,1.8914684401959867,2,vacant,399.06594174750387,dhaka,"৳6,500,000","Taltola, Agargaon"
"1260 Square Feet Flat Is Available For Sale In Bashundhara R-a, Block K",3.115128550525252,2.967460879440636,5,vacant,2307.3148910545888,dhaka,"৳10,710,000","Block K, Bashundhara R-A"
An Area Of 1265 Sq Ft Flat In Purana Paltan Nearby Purana Paltan Girls&#039; College Is Up For Sale.,2.7568895883445954,3.0332269052155736,2,vacant,502.84359789120094,dhaka,"৳12,650,000","Purana Paltan, Motijheel"
Check This Fine Looking Flat Of 1150 Sq Ft Offered For Sale At Sarai Para,3.1552421821213112,1.9825737468798486,4,vacant,155.77347223048105,chattogram,"৳4,600,000","12 No. Sarai Para Ward, Double Mooring"
An Office Space Of 3638 Sq.Ft Is Vacant For Sale In Double Mooring Near To Bank Asia.,2.6996252837261037,1.861697478098344,5,vacant,1230.3436243037631,chattogram,"৳65,484,000","Commerce College Road, Double Mooring"
"View This 2000 Sq Ft Apartment For Sale At Khulshi, Zakir Hossain Road",2.823959930368425,3.096773469669355,8,vacant,800.7471840927784,chattogram,"৳16,000,000","Zakir Hossain Road, Khulshi"
"A Relaxing 1050 Sq Ft Flat Is Up For Sale At Ahmed Nagar, With An Attractive Price",3.2887991979180367,1.7320253097775256,3,vacant,293.48709536890897,dhaka,"৳5,500,000","Ahmed Nagar, Mirpur"
This Very New Nice Flat Of 925 Sq Ft Is Up For Sale In West Monipur,4.186147139911216,2.956326104626484,2,vacant,1966.799552736038,dhaka,"৳4,440,000","West Monipur, Mirpur"
Well Structured Flat for Sale in Badda close to Sahaba Jame Mosjid,,,8,vacant,-1110.8626385702846,dhaka,"৳9,674,000","Merul Badda, Badda"
A 1800 Sq Ft Flat Is Here For Sale At Mohammadpur,2.9398117163144803,3.0144983288588216,2,vacant,1225.6729033912648,dhaka,"৳14,400,000","Bash Bari Road, Mohammadpur"
1750 Sq Ft Residential Flat For Sale In Uttara-12,2.7447242570543415,3.0549549147215886,2,vacant,1073.435482489283,dhaka,"৳19,200,000","Sector 12, Uttara"
Live A Restful Life In This 2318 Square Feet Flat For Sale In Bashundhara R-a,1.9467321797903543,2.1102465275171784,2,vacant,1333.332728757312,dhaka,"৳23,000,000","Block D, Bashundhara R-A"
"Buy This 1426 Sq Ft Flat In Halishahar, Halishahar Housing Estate",3.0226045922319487,2.930295867515951,1,vacant,2255.5095781048176,chattogram,"৳7,117,000","26 No. North Halishahar Ward, Halishahar"
Welcome You To The Apartment Place In Kotwali That Is Ready For Sale,3.0174996081798415,3.057393224672797,5,vacant,2039.4176951905363,chattogram,"৳6,700,000","Patharghata, Kotwali"
This 1400 sq.ft residence will ensure your good quality of living in Chattogram DOHS which is for sale,3.2511620026078147,2.0191595416627015,5,vacant,957.6537377720556,chattogram,"৳7,000,000","Chattogram DOHS, Bayazid"
38 Katha Well Organized Plot Is Ready For Sale In Jalalabad Housing Society,1.9199621012030192,1.832537126257889,,vacant,-557.4342688069496,chattogram,"৳532,000,000","Road No 2, Jalalabad Housing Society"
Create Your Nice Home Experience In This 1240 Sq Ft Apartment Mingled With Your Interest To Live In Gazipur,2.0779917133458747,2.1859553671112537,7,vacant,1085.4858941061223,gazipur,"৳4,960,000","Joydebpur, Gazipur Sadar Upazila"
"A 2160 Square Feet Residential Plot Is For Sale In The Location Of Bproperty Village, Rupganj .",1.7809739345986042,1.8592253143749484,,vacant,1486.0091979093256,narayanganj-city,"৳4,575,000","Rupganj, Narayanganj"
Worthy 1585 SQ FT residence is for sale at Aftab Nagar,3.0997658436232607,3.041045049717563,2,vacant,2165.3490891735237,dhaka,"৳14,000,000","Block C, Aftab Nagar"
Commercial Area Of 11003 Sq Ft Is Up For Sale At Bashundhara,3.000688685837378,2.038155016382651,11,vacant,1478.9231643781582,dhaka,"৳154,000,000","Block I, Bashundhara R-A"
1150 Sq.ft Apartment Is Available For Sale In West Manikdi Which Is Tailored To Your Highest Standards,2.833882100684909,3.026969246718566,7,vacant,753.3338702905634,dhaka,"৳6,700,000","Manikdi, Cantonment"
Contact Us To Buy 1428 Sq Ft Home Which Is Now Available In Sabujbag For Sale,2.9477530256651168,2.9516089041396842,5,vacant,1079.5066311014311,chattogram,"৳4,998,000","Sabujbag, Halishahar"
3 Bedrooms Beautiful Flat Is Up For Sale In Bakalia With Satisfactory Price,2.959196660617035,3.0809412323662952,5,vacant,2265.1080790015803,chattogram,"৳9,267,500","Dewan Bazar, Bakalia"
"Buy This Wonderful 1270 Sq Ft Residential Apartment In Khilkhet, Kha Para",,,8,vacant,846.4315150057917,dhaka,"৳6,985,000","Kha Para, Khilkhet"
Buy This 1350 Sq Ft Apartment Available In Uttar Badda,3.392432984466379,2.9935590858813184,3,vacant,933.4346206148023,dhaka,"৳8,000,000","Uttar Badda, Badda"
134 Sq Ft Shop Is Available To Sale In Chandgaon,1.9781897143404135,1.9448285706218302,1,vacant,1467.879951587107,chattogram,"৳2,680,000","Mohara, 4 No Chandgaon Ward"
"Buy This 1240 Sq Ft Flat Which Is Assuring You A Soothing Home Experience In Gazipur, Joydebpur",2.945965872564396,2.9337308498987813,7,vacant,1205.2299208316078,gazipur,"৳4,960,000","Joydebpur, Gazipur Sadar Upazila"
"In Bproperty Village, Rupganj A Standard Residential Plot For Sale.",2.5353188197588272,3.041950151798206,,vacant,888.0017641945462,narayanganj-city,"৳4,575,000","Rupganj, Narayanganj"
This 110 Square Feet Commercial Shop For Sale Beside To Haji Camp Shahaji Jame Masjid At North Pahartali.,2.801892232001645,3.105424190512698,2,vacant,2100.5907071363586,chattogram,"৳3,850,000","Dhaka Trunk Road, 9 No. North Pahartali Ward"
"4200 Sq Ft Flat With Updated Residential Features Is Up For Sale In Bashundhara, Block I",2.941717221600379,2.966414680760946,4,vacant,1492.7826276178873,dhaka,"৳50,400,000","Block I, Bashundhara R-A"
"1350 Sq Ft Flat Sale In Free School Street Road, Kathalbagan",1.8480523085028588,2.0763845113298074,2,vacant,569.9677789778607,dhaka,"৳14,200,000","Free School Street, Kathalbagan"
Get Comfortable In A Flat For Sale In Manoharpur Nearby Comilla Victoria Government College,2.306111336195697,2.004866797047135,,,94.6796058147454,cumilla,"৳3,047,000","Manoharpur, Kandirpar"
"Best Location For Your Office, This 2600 Sq Ft Business Space Is Ready To Sale At Outer Circular Road, Shiddheswari",2.9634587498413802,2.912652023430582,8,vacant,3033.5464717303516,dhaka,"৳42,900,000","Outer Circular Road, Shiddheswari"
Full Commercial Building With 30.55 Katha Land Is Up For Sale In Hemayetpur,3.285449246036408,2.974761083824135,4,vacant,1685.267970087288,dhaka,"৳220,000,000","Hemayetpur, Savar"
1650 Sq Ft Flat Located In Keraniganj Is Now Available | For Sale,3.013670394567673,2.9706972748366884,4,vacant,1966.8792494537338,dhaka,"৳8,250,000","South Keraniganj, Keraniganj"
"1400 Sq Ft Flat With 3 Bedrooms Is Up For Sale In Mohammadpur, Mohammadia Housing Society",3.008247666007845,1.9318364084048019,7,vacant,1738.40723451362,dhaka,"৳11,500,000","Mohammadia Housing Society, Mohammadpur"
Nice-looking Apartment Including 3 Bedroom Is Ready To Sale In Kalamia Bazar,1.980327531390158,2.041924237106412,3,vacant,686.160875494551,chattogram,"৳5,100,000","18 No. East Bakalia Ward, Bakalia"
A Dazzling 1150 Sq Ft Residential Property Is Up For Sale Located At Pahartali,3.0008410431135717,2.0229585865656543,3,vacant,840.9569824724064,chattogram,"৳4,600,000","12 No. Sarai Para Ward, Double Mooring"
Bakalia Is Giving You A 240 Sq Ft Commercial Shop For sale,2.38079159262912,1.8443653862414338,4,vacant,1671.393435407331,chattogram,"৳5,520,000","Dewan Bazar, Bakalia"
"The Home Is Situated In A Great Location, Kafrul, Which Is Vacant For sale",2.4861002845878275,1.838409040871189,8,vacant,1881.15527582204,dhaka,"৳4,400,000","East Kafrul Road, Kafrul"
Pleasant 1410 Sq Ft Residential Apartment For Sale In Shantinagar,2.5565662045837745,2.0415525812602584,4,vacant,-100.82722354525322,dhaka,"৳13,800,000","Vashani Goli, Shantinagar"
1200 Sq Ft Flat For Sale In 9 No. North Pahartali Ward,2.8796628536500695,2.920229583807115,4,vacant,1581.2383154047411,chattogram,"৳5,200,000","Akbarshah Railway Colony, 9 No. North Pahartali Ward"
"1657 Square Feet Residential Flat With 3 Bedrooms For Sale In Uttara, Sector 18",3.0032185893551695,3.029552740973939,2,vacant,1031.9690264124145,dhaka,"৳10,500,000","Sector 18, Uttara"
"Attention ! A 900 Sq.Ft Flat Is Up For Sale At 33 No. Firingee Bazaar Ward, This Is What You’ve Been Searching For As Your New Home!",3.152889647991761,3.076409019951485,3,vacant,1751.4308609243867,chattogram,"৳4,500,000","Kobi Kazi Nazrul Islam Road, 33 No. Firingee Bazaar Ward"
Take a Look at This 169 Sq Ft shop for sale in Halishahar Near To Halishahar Thana,2.104810420829519,1.8756456219303512,1,vacant,1127.699978756972,chattogram,"৳4,725,000","39 No. South Halishahar Ward, Halishahar"
"At Uttar Khan, 1335 Sq Ft Flat Is Available For Sale",2.9148719813198234,2.861890361114203,4,vacant,425.878469002623,dhaka,"৳6,007,500","Puran Para, Uttar Khan"
1250 Sq Ft Flat Is Now To Sell Which Is In Double Mooring Near To Dbbl Atm,2.2257647190151477,2.1638321300021137,4,vacant,758.9642901902951,chattogram,"৳5,000,000","12 No. Sarai Para Ward, Double Mooring"
An Attractively Designed 1250 Sq Ft Apartment For Sale In Mirpur Section 10,3.2282353320725514,3.0343988893812943,6,vacant,868.9258092584989,dhaka,"৳7,800,000","Section 10, Mirpur"
test listing ma 24.6:2,3.0407772157711634,2.9589800584351034,,,1358.8796649459898,chattogram,"৳54,235",
"In Bproperty Village, This 5 Katha Residential Plot Is Available For Sale",4.213272618045372,3.9086200677752982,,vacant,1453.9347655625759,narayanganj-city,"৳5,625,000","Rupganj, Narayanganj"
200 Sq Ft Commercial Shop Is Available For Sale At Bakalia,,,4,vacant,2988.1290141813847,chattogram,"৳4,600,000","Dewan Bazar, Bakalia"
This 1572 Square Feet Residential Apartment For Sale At 16 No. Chawk Bazaar Ward,2.875605865956389,2.8835103254448646,8,vacant,2307.828083938678,chattogram,"৳8,460,000","Munshi Pukur Par, 16 No. Chawk Bazaar Ward"
"Buy This Nice Flat Of 1250 Sq Ft, Which Is Located At Darussalam, Mirpur",3.154598299980351,3.0864360724135484,8,vacant,1657.1992973246565,dhaka,"৳6,250,000","Darussalam, Mirpur"
"Reside In This 1530 Sq Ft Residential Flat For Sale In Mirpur, Paikpara",4.024505858486716,4.924000007098003,5,vacant,3301.2102154176036,dhaka,"৳11,500,000","Paikpara, Mirpur"
"This 1008 Sq.Ft Convenient Flat Is For Sale In Shadheenata Sharani, Mirpur 10.",3.000296837248546,3.106995168989021,5,vacant,1003.5530682881979,dhaka,"৳4,838,400","Section 10, Mirpur"
"1800 Square Feet Flat Is Available For Sale In Bashundhara R-a, Block J",2.3263264878170866,1.9608010945107812,8,vacant,599.3583318222956,dhaka,"৳16,000,000","Block J, Bashundhara R-A"
"Take A Look At This 1497 Sq Ft Apartment For Sale In Agargaon, Taltola",2.4570198892240858,3.897915045016589,1,vacant,3309.431680732767,dhaka,"৳9,500,000","Taltola, Agargaon"
"Grab This Nice Plot Is Available For Sale In Bproperty Village, Narayanganj",2.6859182089532205,2.9582891927321424,,vacant,889.7235193255444,narayanganj-city,"৳7,625,000","Rupganj, Narayanganj"
A 1125 Sq Ft Flat Can Be Found In Dakshin Khan For Sale,2.7370096856111745,2.743242535865166,3,vacant,1592.5804485809,dhaka,"৳4,775,000","Faydabad, Dakshin Khan"
"Start Residing In This 1300 Sq Ft Properly Developed Flat For sale, In Bagichagaon",2.919521176008912,2.9881835888786323,9,vacant,1553.822943804092,cumilla,"৳4,940,000","North Bagichagaon, Bagichagaon"
"Large 5000 Sq Ft Commercial Space For Sale In Free School Street Road, Kathalbagan",2.94359266213274,2.983354955755961,9,vacant,404.27986275658316,dhaka,"৳110,000,000","Free School Street, Kathalbagan"
A Nice And Comfortable 1750 Sq Ft Flat Is Up For Sale In Hamjarbag,2.666058527626771,3.0806956547056354,3,vacant,1628.5494948954276,chattogram,"৳7,875,000","Hamjarbag, 7 No. West Sholoshohor Ward"
"Plot Is Of 5 Katha For Sale In Bproperty Village, Rupganj, Narayanganj",2.78174250248031,3.8154374660762995,,vacant,1986.4620534892572,narayanganj-city,"৳7,625,000","Rupganj, Narayanganj"
1924 Sq Ft Spacious Apartment For Sale In 22 No. Enayet Bazaar Ward,2.809284252522925,3.1136809836312818,7,vacant,2209.7585951818255,chattogram,"৳19,500,000","Enayet Bazar Road, 22 No. Enayet Bazaar Ward"
"Deal With This 1255 Sq Ft Residential Apartment For Sale In Khilkhet, Kha Para",3.544431669935221,3.0802902452164425,5,vacant,1886.2448649677483,dhaka,"৳6,902,500","Kha Para, Khilkhet"
A 8850 Square Ft Residential Building Is For Sale At Banasree -Block B.,3.399168129167191,2.1225042299741697,1,vacant,1898.2268093811103,dhaka,"৳55,000,000","Block B, Banasree"
This 1500 Sq Ft Flat For Sale In Chadra Nagar Which Can Be Your Next Destination,,,1,vacant,3065.4716669477148,chattogram,"৳8,500,000","Chadra Nagar, Bayazid"
"A Rightly Planned 1517 Sq Ft Residence Is Found For Sale In Uttara, Near Mugda Medical College And Hospital",1.9194496959069614,2.0992031384020597,5,vacant,480.2478673794121,dhaka,"৳11,500,000","Sector 10, Uttara"
"2500 SFT 4 bed Apartment is ready to sale in Bashundhara R-A, Dhaka",2.7453988290816627,2.8560484452570227,6,vacant,2821.2497404707406,dhaka,"৳22,500,000","Block K, Bashundhara R-A"
"2000 Sq Ft Flat For Sale In Banasree, Block A",2.577261966839083,2.0697670156558234,4,vacant,55.17780973464153,dhaka,"৳21,500,000","Block A, Banasree"
1900 Sq Ft Residential Duplex Property Is Now For Sale Which Is In Bashundhara R-a,3.9741057006505627,3.924546794460784,1,vacant,1580.537005994299,dhaka,"৳21,000,000","Block B, Bashundhara R-A"
"A 2440 Sq Ft Flat Is Up For Sale In A Well Secured Location Of Block H, Bashundhara R/A",2.7789302126004634,2.838421189386351,8,vacant,3040.4852327577305,dhaka,"৳25,400,000","Block H, Bashundhara R-A"
In Darussalam A Residential Apartment For Sale,2.981201732010116,2.8900102420129263,5,vacant,3679.0414086400006,dhaka,"৳8,167,000","Darussalam, Mirpur"
Delightful Commercial Shop Is Up For Sale In 9 No. North Pahartali Ward,2.6454813210938672,3.0005411855452198,,vacant,1364.20290494239,chattogram,"৳3,800,000","Dhaka Trunk Road, 9 No. North Pahartali Ward"
"5 Katha Plot for sale in Bproperty Village, Narayanganj City",2.831187857186098,2.9193477426035326,,vacant,2202.072678047285,narayanganj-city,"৳7,625,000","Rupganj, Narayanganj"
"14,400 Sq Ft Residential Full Building Is Up For Sale In North Pahartali Ward",3.032927689589381,3.0367963222285677,1,vacant,397.54443685017645,chattogram,"৳55,000,000","Lake Valley R/A, 9 No. North Pahartali Ward"
"Take A Look At This 1890 Sq Ft Well Defined Flat Which Is Up For Sale In West Kazipara, Mirpur",3.0811321511458747,2.823075845195227,4,vacant,1249.0280599630976,dhaka,"৳20,000,000","West Kazipara, Mirpur"
"1150 Sq Ft Apartment With Serene Views Is Up For Sale In Middle Monipur, Mirpur",4.092489105312321,3.791877491953368,7,vacant,1057.9610750927864,dhaka,"৳6,500,000","Middle Monipur, Mirpur"
"Near Kacha Bazar, 1350 Sq Ft Flat For Sale In Ashoktala",2.707451381674874,3.1342790863836494,4,vacant,1970.1915100866709,cumilla,"৳5,805,000","Nazrul Avenue, Ashoktala"
"For Sale, Residential Plot Is Situated In Bproperty Village",7.189351923759498,8.088430899780995,Merin City - Purbach,vacant,14187.80520412793,narayanganj-city,"৳4,575,000","Rupganj, Narayanganj"
11000 Sq Ft Full Building Is For Sale At Paharika Residential Area,2.822716562563436,2.8973332041912156,,vacant,457.12412050567605,chattogram,"৳45,000,000","South Khulshi, Khulshi"
An Apartment Of 897 Sq.Ft Is Up For Sale In Thakur Para Beside To Thakurpara Jame Masjid,3.140206931474462,2.9997065046103746,7,vacant,1459.6961732725917,cumilla,"৳3,139,500","South Thakur Para, Thakur Para"
"See This 5 katha Smartly Priced Plot Which Is Up For Sale In Bproperty Village, That You Should Check.",1.9976430472477988,1.0997520621361154,,vacant,1239.7408830024833,narayanganj-city,"৳5,750,000","Rupganj, Narayanganj"
Buy This Amazing 1547 Sq Ft Flat At Jhautola,2.695067307666882,2.0410160230939884,8,vacant,954.2229557699056,cumilla,"৳6,965,000","Shahid Khawaja Nizamuddin Road, Jhautola"
"1800 Sq Ft Flat With Updated Features For Sale At Bayazid, Chadra Nagar",,,9,vacant,893.5244826971389,chattogram,"৳9,000,000","Chadra Nagar, Bayazid"
Well Defined And Nice Living Space Of 950 Sq Ft Is Up For Sale In Paschim Joydebpur Nearby Baitul Mahfuz Jame Masjid,3.0809447554725997,3.1071536257396217,6,vacant,1624.0131723197983,gazipur,"৳3,800,000","Joydebpur, Gazipur Sadar Upazila"
"Ensure This 1450 Sq Ft Apartment To Reside In, By Buying It In Ibrahimpur",3.1357998266478937,2.928504589055506,6,vacant,2020.206998906842,dhaka,"৳9,500,000","Monipuri School Road, Ibrahimpur"
960 Sq. Ft. Apartment Is For Sale In Dakshin Khan Near Mridha Market,2.9687647416276937,3.003050606189905,5,vacant,675.4484923344315,dhaka,"৳3,700,000","Moushair, Dakshin Khan"
"5 Katha Plot Is Now Available For Sale In Rupganj, Narayanganj City, Purbachal American City",3.3393589824689065,2.9982536281056884,,vacant,1526.3426628464274,narayanganj-city,"৳18,000,000","Rupganj, Narayanganj"
1240 Sq Ft Flat With Nice Balcony Views Is Set For Sale In Gazipur,2.2232096500130654,1.973312027165086,4,vacant,1264.3853675856549,gazipur,"৳4,960,000","Joydebpur, Gazipur Sadar Upazila"
"See This 1465 Sq Ft Apartment For Sale Is All Set For You In S P Road, Paikpara",1.9431393915125046,1.961860093849115,6,vacant,1303.6427236970926,dhaka,"৳8,000,000","Paikpara, Mirpur"
"1120 Sq Ft Flat Is Up For Sale With Durable Fittings In Ibrahimpur, North Kafrul Road",2.166186240361779,2.0071296779310006,8,vacant,938.0175843738116,dhaka,"৳5,040,000","North Kafrul Road, Ibrahimpur"
Grab This 10 Katha Plot Up For Sale At ajandrapur Chowrasta - Bhawal Mirzapur Road.,2.428423575664343,2.003366547237857,,vacant,45.98792397529428,gazipur,"৳9,000,000","Bhawal Mirzapur, Gazipur Sadar Upazila"
There Is 3 Bedroom Apartment Up For Sale In The Location Of Bayazid Nearby Paharika Abashik Jam-E-Masjid.,3.4343368767842395,2.8974182490480516,6,vacant,1345.9245581128112,chattogram,"৳7,000,000","Sangbadik Co-operative Housing Society, Bayazid"
Shop Space Up For Sale In Bandartila Nearby Bandartila Eye Hospital,2.727941942153061,3.0784504576251575,4,vacant,1541.1679099437704,chattogram,"৳1,800,000","39 No. South Halishahar Ward, Halishahar"
This Very New Nice Flat Of 1275 Sq Ft Is Up For Sale In Lal Khan Bazaar,1.794730599987141,1.9044671275796259,7,vacant,359.15445826522057,chattogram,"৳7,393,750","Hill Side Residential Area, Lal Khan Bazaar"
An Easy Accessible 1618 Sq Ft Ready Apartment Suitable For Family Close To Polwel Carnation At Uttara Is Up For Sale.,3.328977329304512,2.9786472924313547,3,vacant,1072.4842081533518,dhaka,"৳12,500,000","Sector 9, Uttara"
A 3 Katha Plot Is Up For Sale In The Beautiful Location Of Bproperty Village,2.7655424142596297,1.9711087473425288,,vacant,834.1254384841129,narayanganj-city,"৳4,575,000","Rupganj, Narayanganj"
A Newly Constructed Apartment In North Pirerbag Is Available For Sale Which Is 1050 Sq Ft,2.7069967369174095,3.0350380838109112,1,vacant,2135.5214380373354,dhaka,"৳4,500,000","Pirerbag, Mirpur"
"2.8 Katha Plot Is Now Available For Sale In Narayanganj, Kanchan",2.892285794974207,2.7926596134844774,,vacant,420.5969434724684,narayanganj-city,"৳11,500,000","Rupganj, Narayanganj"
"1365 Sq Ft Flat With Serene Balcony Views Is For Sale In Mirpur-10, Senpara Parbata",2.0930994084123946,2.087169667269366,7,vacant,276.432479886284,dhaka,"৳7,507,500","Section 10, Mirpur"
This 1575 Square Feet Amazing And Modern Apartment At Maghbazar Is For Sale,,,5,vacant,3001.9169035373266,dhaka,"৳16,000,000","Doctor Goli, Maghbazar"
Lovely Apartment Of 1459 Sq Ft Is Up For Sale In 24 No. North Agrabad Ward,2.8558704460501474,3.1193653866019817,5,vacant,2272.2722883842716,chattogram,"৳8,462,200","24 No. North Agrabad Ward, Double Mooring"
"An Apartment Is Up For Sale In Dakshin Khan, Near Gaoyaira Baitun Noor Mosque",2.850631147626726,2.9532147062794962,5,vacant,1935.1958006306304,dhaka,"৳3,150,000","Gawair, Dakshin Khan"
This 854 Sq Ft Apartment Is Designed For Your Modern Residential Experience In 17 No West Bakalia Ward,2.84218480693442,2.9952209763038544,3,vacant,191.40622519989358,chattogram,"৳4,500,000","17 No West Bakalia Ward, Bakalia"
"2038 Sq Ft Commercial Space For Sale At Commerce College Road, Double Mooring",1.8051484489800036,2.1872513800408973,18,vacant,1770.1760717378197,chattogram,"৳29,932,000","Commerce College Road, Double Mooring"
We Have A Ready 3 Katha Plot For Sale In Rupganj Nearby Zinda Park,3.5054858872589527,1.9728642798894969,,vacant,2063.015146539162,narayanganj-city,"৳4,575,000","Rupganj, Narayanganj"
"Grab This Flat Of 1500 Sq Ft Which Is Up For Sale In Dewan Bazar, Bakalia Before It&#039;s Sold Out",3.065912289959256,2.12121331523576,3,vacant,192.6691484191423,chattogram,"৳8,250,000","Dewan Bazar, Bakalia"
"2125 Square Feet Apartment For Sale In Bashundhara R-a, Block L",3.1964576299127616,2.0038203048839867,4,vacant,-594.1589243739163,dhaka,"৳20,000,000","Block L, Bashundhara R-A"
We Have A 905 Sq.Ft Apartment Ready For Sale In The Location Of Ehsan City R/A,2.891647004050186,2.040646000983814,1,vacant,856.4870363309154,chattogram,"৳3,200,000","17 No West Bakalia Ward, Bakalia"
"1250 Sq Ft Residential Property Is Available For Sale In Hazaribag, Rayer Bazaar",3.9588021031361813,4.0068449879655965,6,vacant,2476.2519444430854,dhaka,"৳10,800,000","Rayer Bazaar, Hazaribag"
2375 Sq Ft Elegant Flat For Sale In Uttara Sector 5.,2.8419152042502276,2.082956706638398,5,vacant,2183.722914683402,dhaka,"৳22,000,000","Sector 5, Uttara"
3600 Sq.Ft. Commercial Plot Is For Sale In Sholokbahar,2.412525497077848,1.932925239352354,,,575.3333712996241,chattogram,"৳27,500,000","Al-Madani Road, Sholokbahar"
"1220 Sq Ft Flat For Sale In Banasree, Block G",2.6947080098222864,1.9037173225717745,7,vacant,2155.5537338065037,dhaka,"৳8,000,000","Block G, Banasree"
Check This 1415 Square Feet Flat In Mogbari Choumohoni For Sale Which Is Ready To Move In,1.5988652692320113,1.9375195186892047,5,vacant,-42.31187621680806,cumilla,"৳5,650,000","Mogbari Choumohoni, Chotora"
Well-developed 1455 Sq Ft Residence Up For Sale In Jamal Khan,2.501570142828429,2.009756004684001,1,vacant,578.2523783398565,chattogram,"৳12,500,000","Shahid Saifuddin Khaled Road, Jamal Khan"
"920 Sq Ft Desirable Flat With Necessary Home Utilities Is Up For Sale In Gazipur Sadar Upazila, Chandana Chowrasta",1.7351733936980258,1.9783943338139431,6,vacant,578.6338287354681,gazipur,"৳3,220,000","Chandana, Gazipur Sadar Upazila"
800 Sq Ft Flat Is Ready For Sale At Mohammadpur,,,4,vacant,4719.27406184523,dhaka,"৳3,200,000","Nobodoy Housing Society, Mohammadpur"
Flat For Sale Covering A Beautiful Area In Badda Nearby Sadhinata Sarani Ideal School,2.9901553593997825,3.127659417646264,4,vacant,1982.2171005838338,dhaka,"৳6,050,000","Uttar Badda, Badda"
A Unique Flat Of 1350 Sq Ft Is Getting Ready To Be Sold In East Kazipara,3.285918814967286,2.9045206352651958,5,vacant,2039.912303290841,dhaka,"৳6,575,000","East Kazipara, Mirpur"
"In The Beautiful Location Of Narayanganj, Bproperty Village, A Plot Is Up For Sale",3.0910514108565654,1.928187936774717,,vacant,236.30413864409172,narayanganj-city,"৳4,575,000","Rupganj, Narayanganj"
"In The Beautiful Location Of Bproperty Village, Narayanganj, A Plot Is Up For Sale",3.1733725203071264,2.8594734168200944,,vacant,1779.7212326588033,narayanganj-city,"৳4,575,000","Rupganj, Narayanganj"
Deal With This 1858 Sq Ft Apartment For Sale At South Khulsi,2.8004101704810074,3.198658646555815,1,vacant,1581.6938122623556,chattogram,"৳16,000,000","South Khulshi, Khulshi"
At Pahartali A 1050 Square Feet Flat Is Up For Sale,2.116079065829578,2.029809907153932,3,vacant,-151.90567070835652,chattogram,"৳4,200,000","12 No. Sarai Para Ward, Double Mooring"
3 Katha Plot is available for sale in Bproperty Village,,,,vacant,908.6403042055531,narayanganj-city,"৳4,575,000","Rupganj, Narayanganj"
"2.4 Katha Residential Plot Is Available For Sale In Terry Bazar, Chattogram",,,,vacant,2779.3804442167516,chattogram,"৳22,000,000","Terry Bazar, 32 No. Andarkilla Ward"
1470 Sq Ft Flat Is For Sale In Mansurabad Housing Society Nearby Baitur Rahman Jame Mosque,3.1239637469792187,2.9998855242688665,2,vacant,1404.4915770978023,dhaka,"৳7,000,000","Mansurabad Housing Society, Adabor"
"A Residential Plot For Sale In The Location Of Bproperty Village, Rupganj .",3.1254364470063383,4.049826566746712,,vacant,1225.6878220171643,narayanganj-city,"৳6,000,000","Rupganj, Narayanganj"
View This Cozy 1100 Square Feet Apartment For Sale In Manikdi,2.8782489956845883,2.9752693219735113,3,vacant,1049.5780380385795,dhaka,"৳4,950,000","Manikdi, Cantonment"
2450 Square Feet Residential Apartment Up For Sale At Uttara -11.,2.7512555140551744,3.10525072215455,9,vacant,1319.3319094989547,dhaka,"৳31,000,000","Sector 11, Uttara"
Convenient 800 Square Feet Apartment For Sale In Dhanmondi,2.7376614939066553,4.226197474343915,6,vacant,1587.082842956721,dhaka,"৳6,950,000","North Circular Road, Dhanmondi"
Grab This 1459 Sq Ft Flat For Sale At 24 No North Agrabad Ward,3.0191649283486792,2.90733612972094,9,vacant,489.94045825770274,chattogram,"৳8,462,200","24 No. North Agrabad Ward, Double Mooring"
Visit This Apartment For Sale In Dakshin Khan Near Nogoriabari Mohammadia Jame Masjid,3.0724476208743727,2.8999954836516135,5,vacant,2636.033314874842,dhaka,"৳3,300,000","South Chalabon, Dakshin Khan"
Covering 975 Sq Ft Space A Flat Is Up For Sale In Bochila,1.8244193329371514,1.9141173406178584,9,vacant,1217.03348692887,dhaka,"৳4,000,000","Bochila, Mohammadpur"
240 Square Feet Commercial Shop For Sale At Terry Bazar.,2.005889867288531,2.157156026346009,2,vacant,447.9377034770397,chattogram,"৳5,760,000","Dewan Bazar, Bakalia"
Visit This Apartment For Sale In Mirpur Near Popular Diagnostic Center Limited.,3.1264000106234713,3.101987613829494,4,vacant,1042.2077734631846,dhaka,"৳9,500,000","Section 6, Mirpur"
5 Katha Plot is available for sale in Bproperty Village,2.1369574768184876,1.9867394941835377,,vacant,1236.5883489911046,narayanganj-city,"৳7,625,000","Rupganj, Narayanganj"
Look At This 1200 Square Feet Residential Apartment For Sale At Momin Bagh R/A,3.34381232285545,3.0035771227658508,,,629.4119274094865,chattogram,"৳4,500,000","Ali Nagar, Bayazid"
3000 Square Feet Large Office Space For Sale At Pahartali .,3.282909575596111,2.920106575307934,,vacant,1504.410034053173,chattogram,"৳30,000,000","12 No. Sarai Para Ward, Double Mooring"
Grab This Flat Up For Sale In West Khulshi R/a Near Masjid E Quba,1.7781682174496074,2.0870833050675457,9,vacant,-151.7559049004915,chattogram,"৳6,000,000","West Khulshi R/A, 9 No. North Pahartali Ward"
"We Have This 820 Sq Ft Apartment Ready For Sale At Mirpur, Near Life Aid Specialized Hospital Pvt. Ltd.",4.372991236837922,4.96282910453154,1,vacant,2857.5036849732546,dhaka,"৳3,700,000","East Monipur, Mirpur"
1450 Sq Ft Apartment Is Ready For Sale At 18 No. East Bakalia Ward,1.8823644538995972,1.974553220731264,7,vacant,-104.05520625833299,chattogram,"৳6,500,000","18 No. East Bakalia Ward, Bakalia"
5 Katha Plot is now up for sale in Bproperty Village,3.2314870485679714,3.059566076085266,,vacant,451.3631289248467,narayanganj-city,"৳7,625,000","Rupganj, Narayanganj"
100 Sq Ft Commercial Shop Is Up For Sale At Reazuddin Bazar,3.015062142702031,3.981605931457454,,vacant,3221.535027438972,chattogram,"৳3,800,000","Reazuddin Bazar, 31 No. Alkoron Ward"
A worthwhile 1425 SQ FT residential flat is ready for sale at Mirpur 6,1.9086900893095173,1.9770101225403551,1,vacant,1185.6831389619324,dhaka,"৳8,500,000","Section 6, Mirpur"
Ready 1500 Sq Ft Flat Is Now For Sale In Bashundhara R-a,2.599512585850596,2.0010347143244207,2,vacant,1299.9607883439926,dhaka,"৳12,000,000","Block I, Bashundhara R-A"
"Choose Your Destination, 1200 Sq Ft Flat Which Is Available For Sale In Ahmed Nagar",2.961990625427701,3.0778202974301285,5,vacant,-171.84066454721187,dhaka,"৳5,500,000","Ahmed Nagar, Mirpur"
A 860 Square Feet Apartment Is For Sale In The Location Of Rupnagar R/A.,2.6545253944551135,3.1610985210243805,6,vacant,1700.3111009607796,dhaka,"৳4,500,000","Rupnagar R/A, Mirpur"
4350 Sq Ft Modern And Spacious Flat For Sale In Uttara-12,3.214300958469109,3.057285977997365,9,vacant,1702.8767010859049,dhaka,"৳57,000,000","Sector 12, Uttara"
This 200 Sq Ft Shop In 9 No. North Pahartali Ward Is Up For Sale,3.3360388473176483,3.078599014639457,,vacant,1396.965584716584,chattogram,"৳2,200,000","Dhaka Trunk Road, 9 No. North Pahartali Ward"
Live A Restful Life In This 2318 Square Feet Flat For Sale In Bashundhara R-a,3.823447819978837,3.980445594151227,2,vacant,1352.2138479797343,dhaka,"৳23,000,000","Block D, Bashundhara R-A"
This Very New Nice Flat Of 1275 Sq Ft Is Up For Sale In Lal Khan Bazaar,3.066900310838276,2.9307466331692953,7,vacant,1342.7989777722514,chattogram,"৳7,393,750","Hill Side Residential Area, Lal Khan Bazaar"
This Residential Plot For Sale In Purbachal American City,2.8392926483641485,3.063988252578848,,vacant,1695.8488176124413,narayanganj-city,"৳4,575,000","Rupganj, Narayanganj"
Remarkable Commercial Space Is Up For Sale In Malibagh Nearby Jamuna Bank Limited,2.860761928614399,3.0167547887038886,,,2273.4565822793975,dhaka,"৳39,000,000","DIT Road, Malibagh"
"At Mohammadpur, Nice Flat Up For Sale Near Millennium Heart &amp; General Hospital Ltd.",3.1715859490191676,2.8608051411250845,3,vacant,880.2283658744703,dhaka,"৳5,500,000","Zakir Hosain Road, Mohammadpur"
Verify This 10 Katha Plot Ready For Sale At 4 No Chandgaon Ward,1.9914620149124989,1.9679005445489903,,vacant,-300.82890126435177,chattogram,"৳80,000,000","Shamsher Para, 4 No Chandgaon Ward"
Buy This 887 Sq Ft Flat In Keraniganj,2.385411493124886,1.9918890713364967,5,vacant,249.4534032873339,dhaka,"৳3,000,000",Keraniganj
"5 Katha Plot In Bproperty Village, Rupganj, Narayanganj Is Up For Sale",2.8931634818248035,3.9500550541948787,,vacant,779.0268782748676,narayanganj-city,"৳7,625,000","Rupganj, Narayanganj"
Buy This Flat At Rupnagar R/A For The Ideal Urban Lifestyle You Dream About.,2.221398638546115,3.1449780848666933,3,vacant,1391.861347774834,dhaka,"৳6,800,000","Rupnagar R/A, Mirpur"
Commercial Area Of 1160 Sq Ft Is Available For Sale At Jamal Khan,3.0215815199589313,3.0469490946094595,,vacant,283.1874135844314,chattogram,"৳29,000,000","Nabab Siraj Ud Daula Road, Jamal Khan"
200 Sq Ft Commercial Shop Is Ready To Sale At Bakalia,2.1763011733057427,2.134356136490055,1,vacant,629.8687328825383,chattogram,"৳5,000,000","Dewan Bazar, Bakalia"
"Buy This 2000 Sq Ft Apartment In Khulshi, Zakir Hossain Road",1.9009341566685731,2.025774429716416,6,vacant,1746.030642416484,chattogram,"৳13,000,000","Zakir Hossain Road, Khulshi"
A Well-constructed 1530 Sq Ft Flat Is For Sale In Mehidibag,2.989020454070073,2.0079632646335916,6,vacant,1249.34545255347,chattogram,"৳12,300,000","Mehidibag, 15 No. Bagmoniram Ward"
We Are Pleased To Offer This Moderate 1555 Sq Ft Apartment In Muzaffarnagar Residential Area.,2.9744117232613085,1.9083600620869086,6,vacant,1720.0238846858786,chattogram,"৳6,000,000","Polytechnic, Bayazid"
Emanate Your Knack For Gardening By Selling This 1470 Sq.Ft Flat At North Bagichagaon With Massive Balconies,2.814775165318654,3.0011672263813884,11,vacant,260.82932066673754,cumilla,"৳5,586,000","North Bagichagaon, Bagichagaon"
"Apartment Of 1230 Sq Ft Is Available For Sale In Majhirghat Road, 30 No. East Madarbari Ward",3.14668129797699,3.0012772407920743,1,vacant,334.8138241585373,chattogram,"৳6,396,000","Majhirghat Road, 30 No. East Madarbari Ward"
"5 Katha Plot For Sale In Bproperty Village, Rupganj, Narayanganj",,,,vacant,1172.927361077529,narayanganj-city,"৳7,625,000","Rupganj, Narayanganj"
Grab This 1420 Square Feet Flat For Sale In Mirpur-6,,,4,vacant,367.98146773514884,dhaka,"৳11,500,000","Section 6, Mirpur"
1450 Square Feet Flat Is Available For Sale In North Bagichagaon,,,9,vacant,1062.2219970239419,cumilla,"৳5,800,000","North Bagichagaon, Bagichagaon"
A Convenient 1175 Sq Ft Residential Apartment Is Prepared For Sale At South Pirerbag,3.321096066809718,2.0404562545771032,6,vacant,326.3216498796686,dhaka,"৳6,300,000","Pirerbag, Mirpur"
Check This 1250 Sq.ft -3 Bedroom Apartment Up For Sale At Cantonment Very Near To Manikdi Islamia Senior Madrasha.,2.9169326270194293,3.0451400748791424,3,vacant,1325.7202049440862,dhaka,"৳5,000,000","Manikdi, Cantonment"
"In A Great Location Of Bashundhara R-a, Block H, 1610 Sq Ft Apartment Is Up For Sale",3.0826481262852585,2.943121808962839,4,vacant,759.5815607896595,dhaka,"৳13,100,000","Block H, Bashundhara R-A"
An Apartment Is Up For Sale At Uttara-11,2.8618439667290776,3.045875807586127,1,vacant,2365.0801802102355,dhaka,"৳15,000,000","Sector 11, Uttara"
Amazing 1300 Square Feet Apartment Is Up For Sale At Mirpur,3.005174269185003,2.9821847740118015,6,vacant,2823.4967079971593,dhaka,"৳5,460,000","Section 11, Mirpur"
"A Satisfactory 1245 Square Feet Flat Is Ready For Sale In Tejgaon, West Nakhalpara",2.867128105735024,3.71922654957402,9,vacant,1941.5707069673992,dhaka,"৳9,000,000","West Nakhalpara, Tejgaon"
"In Bahaddarhat Nearby Jamuna Bank Limited, Shop Space Is Ready For Sale.",3.358919564050636,2.952575093301282,5,vacant,857.449759442303,chattogram,"৳3,536,000","CDA Avenue, Sholokbahar"
Acquire This Shop Which Is Up For Sale In Bahaddarhat Near Bahaddarhat Jame Masjid,3.080575750836846,3.105571943615958,5,vacant,-22.50936522332313,chattogram,"৳3,120,000","CDA Avenue, Sholokbahar"
This 1644 Sq Ft Flat Is Up For Sale Within Your Affordability Is Located At 7 No. West Sholoshohor Ward,1.9516965904700079,1.8354463653220092,9,vacant,-264.8764793118254,chattogram,"৳9,000,000","Bibirhat, 7 No. West Sholoshohor Ward"
"Near Rampura Thana, 900 Sq.ft And 2 Bedroom Flat For Sale In West Rampura",2.2644410276748403,2.0110260929667567,5,vacant,1686.7921152288181,dhaka,"৳4,100,000","West Rampura, Rampura"
Great Location! Check Out This 1250 Sq Ft Flat For Sale In West Manikdi,,,3,vacant,1359.9199487730375,dhaka,"৳6,000,000","Manikdi, Cantonment"
"Convenient 1222 Sq Ft Is Now For Sale In Kadamtali, Double Mooring",2.5537842887276834,4.925579023910582,5,vacant,1361.5748786911513,chattogram,"৳4,888,000","23 No. North Pathantooly Ward, Double Mooring"
2148 Sq.Ft Office Space Is Vacant For Sale In Double Mooring Near Tobank Asia.,3.1763146090483274,3.000210273388706,5,vacant,1879.8287839086463,chattogram,"৳38,664,000","Commerce College Road, Double Mooring"
Suitable Shop In Chandargaon Is For sale,3.013396522925402,2.8724105837071714,1,vacant,2438.068032681034,chattogram,"৳3,500,000","Mohara, 4 No Chandgaon Ward"
"2 Katha Plot Is Ready Up For Sale In 4 No Chandgaon Ward, Shamsher Para",3.055485293694212,3.1592138674557027,,vacant,929.7504380658913,chattogram,"৳8,000,000","Shamsher Para, 4 No Chandgaon Ward"
Close To Khilkhet Bazar Masjid A 951 Sq.ft Flat For Sale At Dumni .,15.7061426849953,9.991846450396832,2,vacant,5356.191370041513,dhaka,"৳2,472,600","Bazar Road, Dumni"
Ample Office Of 7000 Sq Ft Is Waiting For Sale In 9 No. North Pahartali Ward,3.9948526719348747,4.004562129975521,5,vacant,1693.151110571069,chattogram,"৳24,500,000","Dhaka Trunk Road, 9 No. North Pahartali Ward"
Visit This Apartment For Sale In Bakalia Near Haji Eqbal Jame Masjid,4.443868837109963,4.132509395432151,9,vacant,1871.8531151037123,chattogram,"৳4,600,000","17 No West Bakalia Ward, Bakalia"
"Buy This 1350 Sq Ft Amazing Flat In Gazipur, Joydebpur With A Nice Surrounding",,,8,vacant,2654.2784095120405,gazipur,"৳4,500,000","Joydebpur, Gazipur Sadar Upazila"
At Mirpur Flat For Sale Close To Prince Bazar,,,9,vacant,2408.154555488936,dhaka,"৳6,700,000","Section 1, Mirpur"
"3 Katha Plot is now available for sale in Bproperty Village, Rupganj",2.9027295067868826,2.9366681112633555,,vacant,1461.6366930246534,narayanganj-city,"৳4,575,000","Rupganj, Narayanganj"
Nice 1300 Sq Ft Flat Is Available For Sale In Shyampur,2.9125840926899635,3.0484257737579252,4,vacant,2417.2755569122587,dhaka,"৳8,000,000","West Dolairpar, Shyampur"
Uttara Is Offering You A 1450 Sq Ft Residential Apartment Up For Sale,2.528285424490779,2.938933858630854,3,vacant,1244.4029861675813,dhaka,"৳9,500,000","Sector 10, Uttara"
Unlock The Potential Of This 1487 Sq ft Apartment For Sale In Bakalia,3.0570791199847114,2.7928416637093068,8,vacant,2303.5562063560837,chattogram,"৳9,000,000","17 No West Bakalia Ward, Bakalia"
In The Location Of Patharghata An Apartment Is For Sale Near Patharghata Girls&#039; High School.,3.187313122768303,2.9947907379346907,8,vacant,554.5590439680517,chattogram,"৳6,850,000","Patharghata, Kotwali"
"Covering 1250 Sq Ft Space A Flat Is Up For Sale In Section 11, Mirpur Nearby Mirpur Ideal School",2.6509283585849963,2.8551709241542387,7,vacant,1436.4031676244201,dhaka,"৳8,625,000","Section 11, Mirpur"
Evaluate This Amazing 1550 Square Feet Flat Available For Sale In Jhautola,2.853465950641928,3.158142541827146,12,vacant,814.4093825970538,cumilla,"৳6,505,000","Shahid Khawaja Nizamuddin Road, Jhautola"
At Bashundhara 1500 Square Ft Residential Apartment Is Available For Sale,2.74356872114594,3.017297507899126,6,vacant,1488.257504046516,dhaka,"৳12,500,000","Block F, Bashundhara R-A"
"Avail The Amazing Offer Of Buying A 130 Sq Ft Commercial Shop In Tongi, Gazipur",,,4,vacant,1464.8246705032566,gazipur,"৳5,000,000","Tongi, Gazipur Sadar Upazila"
Apartment For Sale In Chasma Hill R/a Nearby Jamuna Bank Limited,3.011848622911849,1.9316434120388026,5,vacant,1130.0455892118052,chattogram,"৳6,000,000","Chasma Hill R/A, 7 No. West Sholoshohor Ward"
"Buy This 1700 Sq Ft Ready Flat In 7 No. West Sholoshohor Ward, Tayab Bag R/a",3.5382097254941773,3.815134869641601,4,vacant,3800.3949544991783,chattogram,"৳9,500,000","Tayab Bag R/A, 7 No. West Sholoshohor Ward"
Well-constructed And Spacious 1873 Sq Ft Flat For Sale In Firingee Bazaar Ward,2.136088956572437,1.8924248838210476,6,vacant,1510.3466634224174,chattogram,"৳12,738,000","Abhoy Mitra Lane, 33 No. Firingee Bazaar Ward"
We Are Offering This Family Friendly Apartment Of 1500 Sq Ft For Sale In Jhautola,2.1670133274661705,2.0994405425992793,6,vacant,1359.2811229121853,cumilla,"৳6,000,000","Shahid Khawaja Nizamuddin Road, Jhautola"
In The Location Of Bproperty Village A Residential Plot Is For Sale.,2.944369308589911,4.21836559936693,,vacant,1977.476464534159,narayanganj-city,"৳4,575,000","Rupganj, Narayanganj"
Visit This Apartment For Sale In Chasma Hill R/A Near Universal School and College.,3.4504097680703913,5.07107312244191,4,vacant,3262.4111270785434,chattogram,"৳6,500,000","Chasma Hill R/A, 7 No. West Sholoshohor Ward"
Visit This Apartment For Sale In Hamjarbag Near Gausia Huq Bhandari Khankah Sharif.,1.7792477666926503,1.990994242815859,7,vacant,-165.76278408339317,chattogram,"৳8,200,000","Hamjarbag, 7 No. West Sholoshohor Ward"
At Khaja Road 1355 Square Feet Apartment Is For Sale Close To Shabanghata Jame Moshzid.,13.273144086531225,9.957735615413984,11,vacant,10725.584881530434,chattogram,"৳4,742,500","Bahaddarhat, 4 No Chandgaon Ward"
"In Gazipur Sadar Upazila, This 1300 Sq Ft Well Featured Residence Is Waiting For Sale",2.384547392448677,2.906413174019646,5,vacant,1124.7830401283022,gazipur,"৳5,200,000","Joydebpur, Gazipur Sadar Upazila"
"An Apartment Up For Sale Is Located At Lal Khan Bazaar , Near To Lalkhan Bazar Jame Mosjid.",2.923007692383175,3.2015345493892076,8,vacant,909.990086252453,chattogram,"৳7,500,000","14 No. Lalkhan Bazaar Ward, Lal Khan Bazaar"
This 1390 Sq Feet Flat Assures To Provide You With Better Homely Affairs In Bagichagaon,2.7385759355019985,2.9815321806277946,11,vacant,1488.2345650600948,cumilla,"৳5,282,000","North Bagichagaon, Bagichagaon"
"A 1080 Sq Ft Residential Apartment For Sale At Rammala Road, Thakur Para",2.1782490675030743,2.2070004676806656,5,vacant,1643.005522637633,cumilla,"৳3,780,000","South Thakur Para, Thakur Para"
A Modern Well-planned Flat Of 1256 Sq Ft Is Up For Sale Is Situated In Aftab Nagar,2.8504314263267667,3.1363467210154115,5,vacant,354.97908476021973,dhaka,"৳6,500,000","Block H, Aftab Nagar"
"1593 Sq Ft Nicely Planned Apartment Is Available For Sale In Lalmatia, Block B",3.08949426466327,2.829674515690268,4,vacant,891.1957123597062,dhaka,"৳21,500,000","Block B, Lalmatia"
Ready Plot For Sale In Purbachal Marine City,3.1252753081094933,2.934840937003067,,vacant,1458.762312301921,narayanganj-city,"৳3,900,000","Rupganj, Narayanganj"
1550 Sq Feet Flat For Sale In Jhautola,3.406807886162591,2.9345383338637467,11,vacant,1087.7159370293946,cumilla,"৳6,510,000","Shahid Khawaja Nizamuddin Road, Jhautola"
In The Beautiful Neighborhood In Bahaddarhat A 1320 Sq.Ft Flat Is Up For Sale,3.955039090871064,3.992187558297001,1,vacant,2254.5476499279866,chattogram,"৳6,000,000","Bahaddarhat, 4 No Chandgaon Ward"
A Very Well-fitted Apartment Is Here Sited At Foys Lake Featuring 1600 Sq Ft Space For Sale.,3.0833110022741055,2.994098646925399,6,vacant,3270.119566202841,chattogram,"৳7,000,000","Foys Lake, 9 No. North Pahartali Ward"
"Ready apartment 650 SQ FT is now for sale in Block C, Mirpur",1.6709923870874013,2.293162293902892,1,vacant,1252.6374534769516,dhaka,"৳4,000,000","Section 12, Mirpur"
Visit This 3 Katha Plot For Sale In Purbachal Marine City,3.263730971901587,2.8946003357268144,,vacant,1327.049885288007,narayanganj-city,"৳3,900,000","Rupganj, Narayanganj"
"1335 Square Feet Apartment Ready For Sales At Kalamia Bazar ,Bakalia .",2.831512556790211,3.0224032026273426,5,vacant,468.86385192904527,chattogram,"৳5,340,000","18 No. East Bakalia Ward, Bakalia"
Pleasant 1410 Sq Ft Residential Apartment For Sale In Shantinagar,2.8757673423314056,3.0603212287925703,4,vacant,1254.037056145992,dhaka,"৳13,800,000","Vashani Goli, Shantinagar"
Take A Look At This 1050 Square Feet And 3 Bedroom Residential Apartment For Sale At East Monipur Next To Kuwaiti Masjid,1.995071097357111,1.9998461896993056,7,vacant,313.5067836897764,dhaka,"৳3,750,000","East Monipur, Mirpur"
"A 920 Sq Ft Flat Is Vacant For Sale In Chandana Chowrasta, Gazipur",2.6537497386825852,3.010780445050443,9,vacant,1656.695099756942,gazipur,"৳3,220,000","Chandana, Gazipur Sadar Upazila"
Offering You 1200 Sq Ft Flat For Sale In Paikpara,3.050683009612597,2.897772319767304,1,vacant,1387.3395068716598,dhaka,"৳5,500,000","Ahmed Nagar, Mirpur"
"Buy This Nice Flat Of 1100 Sq Ft, Which Is Located At Gedu Matabor Road, Ibrahimpur",3.214337964811611,2.010418973948594,6,vacant,720.9447724772816,dhaka,"৳5,800,000","North Ibrahimpur, Ibrahimpur"
Sophisticated Style! This 1175 Sq.Ft Flat For Sale In Senpara Parbata Is All About It .,3.064898220547849,2.0500370291037115,3,vacant,2015.9199003349293,dhaka,"৳7,000,000","Section 10, Mirpur"
This 2 Bedroom Home In Faydabad Is Up For Sale In A Wonderful Neighborhood,2.647986622654502,3.0320535630538825,5,vacant,806.8987313972591,dhaka,"৳2,600,000","Faydabad, Dakshin Khan"
"Plot For Sale In A Suitable Place In Bproperty Village, Narayanganj, Rupganj",2.9725705867852636,3.0557904091276,Merin City - Purbach,vacant,1328.0437139250769,narayanganj-city,"৳4,575,000","Rupganj, Narayanganj"
Office For Sale In Pathantooly Adjacent To Bangla Bazar Mosque .,4.164393291370421,4.138214394562807,4,vacant,3585.090516601512,chattogram,"৳350,000,000","28 No. Pathantooly Ward, Double Mooring"
At Bahaddarhat 1110 Square Feet Apartment Up For Sale Near By Bahaddarhat BWDB office.,2.5839397183126387,3.0916760151617235,6,vacant,1687.456109706427,chattogram,"৳4,995,000","Bahaddarhat, 4 No Chandgaon Ward"
Apartment Of 1180 Sq Ft Is For Sale In Bashundhara R-a Near Nsu,2.7618902420712788,2.006975709137475,1,vacant,1909.7298808811277,dhaka,"৳7,500,000","Block I, Bashundhara R-A"
A 1330 Square Ft. Apartment Is For Sale At Banasree,3.1941944411141554,2.8853511500916027,1,vacant,1758.16578355326,dhaka,"৳7,900,000","Block B, Banasree"
"1200 Sq Ft Apartment Is For Sale In Mirpur-1, Block B",3.0598384742609444,2.9412934291664823,3,vacant,1965.1666983179266,dhaka,"৳7,500,000","Section 1, Mirpur"
"700 Sq Ft Apartment Is Available For Sale In Tongi, Gazipur",3.091270520683166,2.9785105359557136,,vacant,931.277518492798,gazipur,"৳2,240,000","Tongi, Gazipur Sadar Upazila"
"Pursue This 975 Sq Ft Flat Up For Sale In East Kazipara, Mirpur",3.4119630252729563,2.02469038031261,3,vacant,1703.1372141419843,dhaka,"৳6,337,500","East Kazipara, Mirpur"
Visit This 1050 Sq.ft Flat is For Sale At Pahartali Very Near To Janata Bank Limited,2.103805839813115,1.9531982845342875,5,vacant,1525.0922502382741,chattogram,"৳4,200,000","12 No. Sarai Para Ward, Double Mooring"
"A 3 Katha Plot Is Up For Sale In The Beautiful Location Of Bproperty Village, Rupganj",2.145752240854744,1.9084446593146385,,vacant,1811.5024112513079,narayanganj-city,"৳4,575,000","Rupganj, Narayanganj"
At Mirpur DOHS 1045 Square feet flat is available to Sale close to Mirpur DOHS Central Mosque,3.600553937316623,2.88374257119536,1,vacant,244.7803392593596,dhaka,"৳11,000,000","Mirpur DOHS, Mirpur"
Checkout This 1000 Sq Ft Vacant Flat For Sale In Gazipur,2.952632525669333,3.838443113491971,4,vacant,1304.4292547380942,gazipur,"৳4,300,000","Chandana, Gazipur Sadar Upazila"
A 1180 Square Ft Residential Apartment For Sale At Borobag -Mirpur 2.,2.8232325275844445,3.9770116185392412,4,vacant,2195.9360082276257,dhaka,"৳6,490,000","Section 2, Mirpur"
An Apartment Which Is Up For Sale At Double Mooring Near To Osman Goni Jame Masjid,3.094776440192386,2.8562029001861458,3,vacant,-547.4264013606116,chattogram,"৳5,000,000","24 No. North Agrabad Ward, Double Mooring"
A 1466 Sq Ft Flat Is Up For Sale In A Well Secured Location Of 7 No. West Sholoshohor Ward,3.0972565622626753,2.9021051406989384,3,vacant,1771.4298788814904,chattogram,"৳7,000,000","Bibirhat, 7 No. West Sholoshohor Ward"
"Covering 1360 Sq Ft Space A Flat Is Up For Sale In Block I, Bashundhara R-a",2.883308484952787,2.9614592918191875,6,vacant,3599.523892701428,dhaka,"৳10,000,000","Block I, Bashundhara R-A"
950 Sq Ft Flat Featuring 3 Bedrooms For Sale In Malibagh,1.771276909343887,1.8692892755163348,2,vacant,552.7384128005602,dhaka,"৳6,000,000","Gulbag, Malibagh"
"1300 Sq Ft Flat Is Available For Sale At CDA Residential Area, Double Mooring",3.5117360328907443,3.0371562546079547,4,vacant,1199.8138831931426,chattogram,"৳6,000,000","South Agrabad, Double Mooring"
"Dwell In This Apartment Of 1380 Sq Ft, Perfect For Your Calm Living In North Bagichagaon",3.07241075602887,3.072425959483595,9,vacant,852.8406334970481,cumilla,"৳5,520,000","North Bagichagaon, Bagichagaon"
2160 SQ FT Plot is available for sale in Shiddhirganj,,,,vacant,6885.771931798002,narayanganj-city,"৳5,000,000","Sanarpar, Shiddhirganj"
A Well-featured 1095 Sq Ft Residence Is Ready For Sale At Ashkona,3.2029203936033332,2.9572397515959494,6,vacant,1053.2313227838235,dhaka,"৳7,500,000","Ashkona, Dakshin Khan"
Nice 1300 Sq Ft Flat Is Available For Sale In Shyampur,,,4,vacant,1748.5934627068905,dhaka,"৳8,000,000","West Dolairpar, Shyampur"
"In The Beautiful Location Of Rupganj, Bproperty Village, A Plot Is Up For Sale",,,,vacant,2435.5546565392415,narayanganj-city,"৳4,575,000","Rupganj, Narayanganj"
1485 Sq ft Apartment with 3 bedrooms For Sale in Mohammadpur,4.124569120813448,3.9234146335678344,8,vacant,1396.721732692467,dhaka,"৳13,200,000","Jahuri Moholla, Mohammadpur"
Take This Residential Plot Which Is Ready For Sale At Purbachal Marine City,1.7137890757557694,2.117069508590002,,vacant,679.4318598594009,narayanganj-city,"৳6,500,000","Rupganj, Narayanganj"
"Take This Residential Plot Which Is Ready For Sale At Narayanganj City, Bproperty Village",3.0781230305799756,3.086511956312154,,vacant,2647.1498393325746,narayanganj-city,"৳7,625,000","Rupganj, Narayanganj"
"Have A Look At This Plot Which Is Up For Sale Located At Rupganj, Bproperty Village",2.4238068568800553,2.058857712275128,,vacant,862.5065284621332,narayanganj-city,"৳7,625,000","Rupganj, Narayanganj"
"A Nice Flat Of 1445 Sq Ft Is Ready For Sale In Kachukhet , Near Muslim Modern College",3.1032796430762515,3.090568239685394,2,vacant,1457.347818661065,dhaka,"৳6,936,000","Muslim Modern College Road, Kachukhet"
"Buy This 2200 Sq Ft Apartment In Khulshi, Zakir Hossain Road",1.9166518369486432,1.8065362781947625,1,vacant,502.4325161112156,chattogram,"৳13,000,000","Zakir Hossain Road, Khulshi"
This 1350 Sq Feet Flat For Sale In Thakurpara Close To Thakurpara Jame Masjid.,2.8876530202716064,3.132463906193175,3,vacant,844.7731477107335,cumilla,"৳5,130,000","South Thakur Para, Thakur Para"
Ideal Flat of 1800 SFT In Bayazid Available For sale,2.909090955179521,2.0383607001279183,11,vacant,-76.86994388529479,chattogram,"৳12,500,000","Nasirabad, Bayazid"
"A Perfect Flat Of 1300 Sq Ft For Living With Family Is Available For Sale At Chandgaon R/a, 4 No Chandgaon Ward",2.943735668028722,3.0988983120955123,4,vacant,553.2641024998993,chattogram,"৳7,800,000","Chandgaon Residential Area, 4 No Chandgaon Ward"
Nice 850 Sq Ft Flat Is Available For Sale In East Kazipara,2.9162985981112173,2.037881234328596,4,vacant,-2.2070411084293937,dhaka,"৳5,000,000","East Kazipara, Mirpur"
Visit This Apartment For Sale In Mirpur Near Mirpur Adhunik Hospital And Diagnostic Center.,3.2030048332534897,3.004786972392844,6,vacant,1460.675908921146,dhaka,"৳9,000,000","Section 12, Mirpur"
A Comfortable And Convenient 1470 Sq.ft House Is For Sale At North Bagichagaon Close To Bagichagaon Govt. Primary School.,2.6160150258761883,2.9730628038487916,8,vacant,1893.3862262035173,cumilla,"৳5,880,000","North Bagichagaon, Bagichagaon"
Plot Of 5 Katha Is Up For Sale In Bproperty Village,3.1909723797546414,3.035922663143545,,vacant,273.5485700687075,narayanganj-city,"৳7,625,000","Rupganj, Narayanganj"
"1285 Sq Ft Apartment With 3 Bedrooms For Sale In Banasree, Block D",2.9158820939365633,2.9694975169924667,2,vacant,1044.1855135328387,dhaka,"৳11,000,000","Block D, Banasree"
An Apartment Of 3195 Sq Ft Which Is Up For Sale At Bashundhara R-A Near To Baitun Nazat Jame Mosjid,2.08351115019433,2.0849159697266333,4,vacant,36.45901819260416,dhaka,"৳34,100,000","Block C, Bashundhara R-A"
Buy This 1415 Sq Ft Apartment In The Prominent Location Of Double Mooring,2.750320706985031,1.8447756489765024,4,vacant,860.7751138528187,chattogram,"৳6,367,000","12 No. Sarai Para Ward, Double Mooring"
Flat For Sale In 16 No. Chawk Bazaar Ward Near Mosque,3.2943524615002895,1.9470103630214635,8,vacant,1698.1427220081837,chattogram,"৳14,500,000","Panchlaish Residential Area, 16 No. Chawk Bazaar Ward"
"An apartment up for sale in Firingee Bazaar Ward, near Dutch-Bangla Bank Limited | ATM Booth",2.2759650333383,2.2000725092567155,12,vacant,680.7568416003112,chattogram,"৳7,500,000","R C Church Road, 33 No. Firingee Bazaar Ward"
"1450 Sq Ft Apartment For Sale In Bashundhara R-a, Block B",4.212593127117431,3.938742143392172,4,vacant,2421.371395188975,dhaka,"৳13,100,000","Block B, Bashundhara R-A"
"Three Katha Residential Plot Is Available For Sale In Rupganj, Bproperty Village",3.66441263647294,4.976646367148055,,vacant,3134.763748645654,narayanganj-city,"৳4,575,000","Rupganj, Narayanganj"
"Checkout This 181 Sq Ft Shop Area For Sale In 15 No. Bagmoniram Ward, Cda Avenue",3.183688184206599,3.9136452590271396,2,vacant,1775.8817360462058,chattogram,"৳9,500,000","CDA Avenue, 15 No. Bagmoniram Ward"
1149 Sq Ft Suitable Apartment For Sale In 4 No Chandgaon Ward,,,3,vacant,2768.0505904962347,chattogram,"৳7,500,000","Chandgaon Residential Area, 4 No Chandgaon Ward"
A Fine Flat Is Now For Sale Which Is In Agargaon Near Agargaon Taltola Colony High School &amp; Womens&#039; College,2.644359104074256,1.9279613217630867,5,vacant,1145.7452191503717,dhaka,"৳6,500,000",Agargaon
"Well Organised 5 Katha Plot Is Ready For Sale In Bproperty Village, Narayanganj City",2.994617019803762,2.9818391905021637,,vacant,1373.4081808574929,narayanganj-city,"৳7,625,000","Rupganj, Narayanganj"
"1240 Sq Ft Flat For Sale Is Ready To Offer You Necessary Dwelling Features In Gazipur, Joydebpur",3.0807610380533506,2.083056008882487,8,vacant,1188.3371301978752,gazipur,"৳4,960,000","Joydebpur, Gazipur Sadar Upazila"
"Near Shewrapara Jame Masjid, A Blissful Flat Is Available For Sale In West Shewrapara",2.1231960697843903,1.9316305941439036,2,vacant,1060.488419847088,dhaka,"৳6,500,000","West Shewrapara, Mirpur"
Well-featured 1287 Sq Ft Residence Is Ready For Sale At West Nakhalpara,3.03927148852091,2.0771604125572622,,,139.29695312573972,dhaka,"৳8,500,000","West Nakhalpara, Tejgaon"
Wonderful 1100 SQ FT flat is available to Sale in Ahmed Nagar,2.064521059723916,2.080449732010405,1,vacant,1056.5261566781946,dhaka,"৳5,000,000","Ahmed Nagar, Mirpur"
"A Finely Built 920 Sq Ft Flat Is Up For Sale In Great Wall City, Chandana Chowrasta",3.326472225004597,3.1032205170708007,7,vacant,1177.1630298882685,gazipur,"৳3,220,000","Chandana, Gazipur Sadar Upazila"
"5 Katha Plot Is For Sale In Bayazid, Shahid Nagar",3.271622505501694,3.0137510122342532,,vacant,1878.1638797944643,chattogram,"৳15,000,000","Shahid Nagar, Bayazid"
"This 10000 Sq Ft Commercial Space Is Up For Sale At Cda Avenue, East Nasirabad",0.36481638585816334,1.3171358879868764,10,vacant,850.8801083624146,chattogram,"৳300,000,000","CDA Avenue, East Nasirabad"
This Flat In North Halishahar With A Convenient Price Is Up For Sale,2.929672862299437,3.1031791881866133,1,vacant,1887.6596592943472,chattogram,"৳6,705,000","26 No. North Halishahar Ward, Halishahar"
1226 Sq Ft Apartment Is Up For Sale At Lal Khan Bazaar Near To Chatogram Government Women&amp;#039;s College,2.96352227758678,3.031787139335812,7,vacant,1417.3283714551612,chattogram,"৳7,000,000","14 No. Lalkhan Bazaar Ward, Lal Khan Bazaar"
Apartment for sale in Bakalia close to Bakalia High School,2.611830145672958,2.914296555668023,3,vacant,2362.324051568081,chattogram,"৳6,100,000","17 No West Bakalia Ward, Bakalia"
"This 850 Sq Ft Flat For Sale In Mirpur, East Monipur",3.0208658488530196,2.990503402739396,3,vacant,912.9864928017831,dhaka,"৳5,100,000","East Monipur, Mirpur"
See This Apartment Which Is Up For Sale In West Shewrapara Near Shewrapara Central Jame Masjid.,3.276656878871782,3.1395567159662963,1,vacant,709.3958075955886,dhaka,"৳7,000,000","West Shewrapara, Mirpur"
1370 square feet apartment is ready to sale in Shukrabad,2.7592755942279683,4.167266721201633,6,vacant,-320.1352835735984,dhaka,"৳12,500,000","Shukrabad, Dhanmondi"
This 1520 Sq Ft Apartment Is Up For Sale At East Nasirabad,3.074528171758905,3.1446447818180103,1,vacant,1494.7406241308233,chattogram,"৳10,000,000","Al-Falah Housing Society, East Nasirabad"
Invest In This 105 Sq Ft Shop For Sale In 9 No. North Pahartali Ward,2.7971032730092635,3.076825904230841,3,vacant,855.0246835737471,chattogram,"৳3,675,000","Dhaka Trunk Road, 9 No. North Pahartali Ward"
An Amazing 1542 Sq.ft -3 Bedroom Apartment Is Up For Sale In Shah Ali Bag .,2.8511407997174536,2.877141905328729,7,vacant,1989.6439667814157,dhaka,"৳8,500,000","Section 1, Mirpur"
Visit This Apartment For Sale In Middle Monipur Near Iqra International School,4.327310164328778,3.0476655805723336,2,vacant,812.3508833939686,dhaka,"৳4,950,000","Middle Monipur, Mirpur"
A Commercial Space Is Available For Sale Which Is Located In Bandartila Nearby Islami Bank Bangladesh Limited,,,5,vacant,-82.92002474416853,chattogram,"৳1,500,000","39 No. South Halishahar Ward, Halishahar"
Choose your destination at 1500 SQ FT flat which is available for sale in North Shahjahanpur near to Pubali Bank.,,,,,590.3339471406446,dhaka,"৳12,500,000","Police Fari road, Khilgaon"
We Are Recommending You To Buy This 256 Sq Ft Ready Shop In Nandan Kanan,,,,vacant,379.5317611983239,chattogram,"৳25,000,000","Nandan Kanan, 22 No. Enayet Bazaar Ward"
Buy This 120 Sq Ft Shop In 9 No. North Pahartali Ward,3.412588394151949,2.05119162565027,3,vacant,1246.5739961932481,chattogram,"৳4,200,000","Dhaka Trunk Road, 9 No. North Pahartali Ward"
Buy This Beneficial Shop Area Of 150 Sq Ft In 9 No. North Pahartali Ward,3.1335150407254413,3.0883895089870257,4,vacant,929.3982348455189,chattogram,"৳3,000,000","Dhaka Trunk Road, 9 No. North Pahartali Ward"
A worthwhile 1250 SQ FT residential home is ready for sale at Double Mooring,2.9595679498636867,3.0486415122336825,5,vacant,1430.2332494742743,chattogram,"৳5,500,000","25 No. Rampur Ward, Double Mooring"
Very Next To North South International School 1400 Square Feet Large Apartment Is For Sale At West Shewrapara.,2.1275098378725237,2.052012193294696,5,vacant,1158.5780527896195,dhaka,"৳6,300,000","West Shewrapara, Mirpur"
A 6300 Sq Ft Full Building Is Up For Sale In A Well Secured Location Of Gazipur Sadar Upazila,2.6876606083239003,2.903658219079669,,vacant,2774.052768456143,gazipur,"৳17,500,000","Tongi, Gazipur Sadar Upazila"
Take This 1162 Sq Ft Flat For Sale In The Settlement Of Khulshi Green Housing Society,3.2619845669122105,2.989728721671196,6,vacant,1405.7259557824552,chattogram,"৳6,972,000","Khulshi Green Housing Society, Khulshi"
Find 1200 Sq Ft Flat Available For Sale In Paikpara,1.928222575449683,1.8525385324773458,6,vacant,349.56515187349464,dhaka,"৳5,500,000","Ahmed Nagar, Mirpur"
Available In Middle Paikpara 1080 Square Feet Flat For Sale,,,2,vacant,3324.03516107783,dhaka,"৳4,320,000","Middle Paikpara, Mirpur"
A Decent Apartment In Mohakhali Near Jabala ICDDRB Is Up For Sale,2.8910758267765773,3.072467019108566,5,vacant,1833.760633894008,dhaka,"৳5,500,000","Dakhshin Para, Mohakhali"
"Picture Yourself, Residing In This Well-constructed And Planned 1450 Sq Ft Apartment In Bashundhara R-a Which Is Now For Sale",,,6,vacant,1544.7026883258895,dhaka,"৳12,000,000","Block E, Bashundhara R-A"
Worthy 1806 Sq Ft Residential Apartment Is For Sale At Muradpur,3.15390126692552,2.0853682413756456,2,vacant,942.7162655938502,chattogram,"৳12,481,000","Nasirabad Housing Society, Muradpur"
We Are Offering You This 785 Sq Ft Ready Flat For Sale In Uttara-4,2.056695054874477,2.1084445226257387,5,vacant,817.5078431255783,dhaka,"৳8,250,000","Sector 4, Uttara"
"A Rightly Planned 7,560 Sq Ft Full Building Is Found For Sale In Khulshi",2.1443919794492987,1.9394038720677553,,vacant,587.7253324398406,chattogram,"৳60,000,000","South Khulshi, Khulshi"
A Dazzling Apartment Of 2506 Sq Ft Is Up For Sale In Alkoron Ward,2.9980515746148044,3.057758059048743,7,vacant,1009.915155049867,chattogram,"৳15,000,000","Alkaran Road, 31 No. Alkoron Ward"
"1550 Sq Ft Nice Flat For Sale In Aftab Nagar, Block C",,,9,vacant,2484.2179849197355,dhaka,"৳15,000,000","Block C, Aftab Nagar"
"We Bring You A Nice Residence Of 1800 Sq Ft, For Sale In Bagmoniram Ward",3.907205873890189,3.819392889578266,3,vacant,2593.743360959839,chattogram,"৳13,000,000","Badshah Miah Chowdhury Road, 15 No. Bagmoniram Ward"
"24,500 Sq Ft Ready Full Building Is Available For Sale At Bayazid .",3.4939874374312296,3.0120650144114576,,vacant,2030.8816561995468,chattogram,"৳70,000,000","Baluchara, Bayazid"
"Buy This Modest 1430 Sq Ft Flat In Bashundhara R-a, Block J",2.652631803475816,2.9539280870714077,5,vacant,210.22857864756816,dhaka,"৳12,000,000","Block J, Bashundhara R-A"
1800 Square Feet Flat For Sale At Nasirabad,3.279355205706937,2.9569401840916725,5,vacant,1522.2751319511206,chattogram,"৳12,500,000","Nasirabad, Bayazid"
"Great News! In The Suitable Location Of Sholokbahar, An Eye-catching Flat Of 1000 Sq Ft Is Up For Sale",2.3030539743279483,2.1932743353366915,7,vacant,1424.6092503712766,chattogram,"৳5,500,000","Badurtala, Sholokbahar"
In 16 No. Chawk Bazaar Ward 1595 SQ FT flat is available for sale,,,5,vacant,2519.031753719185,chattogram,"৳11,000,000","Chawk Bazar, 16 No. Chawk Bazaar Ward"
"Perfect For A Family Home, This Apartment Of 970 Sq Ft Is Up For Sale In Merul Badda",3.4938859183692035,3.037461423051017,2,vacant,1243.9594700663085,dhaka,"৳8,500,000","Merul Badda, Badda"
Fulfill Your Desire Of Buying A Nice 1390 Sq Ft Flat In North Bagichagaon,2.2205465629216543,1.9026646531378364,6,vacant,81.55080259083286,cumilla,"৳5,282,000","North Bagichagaon, Bagichagaon"
Buy This Amazing 2.22 Katha Commercial Plot Ready For Sale In Demra,2.2151516431082103,2.088867406681008,,,698.7886606563176,dhaka,"৳4,885,000","Sarulia, Demra"
"A Perfect Flat Of 1278 Sq Ft For Living With Family Is Available For Sale At Banani Housing Society, Bayazid",3.0062081942335186,3.0291995341438973,1,vacant,1349.2885636313595,chattogram,"৳6,500,000","Shahid Nagar, Bayazid"
"3500 Sq.ft Apartment For sale in South Khulshi, Nearby South Khulshi Jame Moshjid.",2.9518744849723095,3.0371163502124023,1,vacant,1257.7232775540276,chattogram,"৳29,000,000","South Khulshi, Khulshi"
At Boro Dewra A 1100 Square Feet And 3 Bedroom Residential Apartment For Sale,2.953606380855475,2.9075487639799,3,vacant,1091.4702915677592,gazipur,"৳4,000,000","Tongi, Gazipur Sadar Upazila"
A Well Defined Flat Of 1150 Sq Ft In Pahartali Is Available For Sale,3.0865203630910223,2.9250922567599336,5,vacant,822.7107878922624,chattogram,"৳4,600,000","12 No. Sarai Para Ward, Double Mooring"
A Decent 1150 Sq.Ft Residential Apartment For Sale At Pahartali,3.310426753797552,2.0907253650663744,5,vacant,1154.6663958147954,chattogram,"৳4,600,000","12 No. Sarai Para Ward, Double Mooring"
980 Sq Ft Apartment Is Ready For Sale At Uttar Badda,3.0401693800966623,3.1732609133019425,2,vacant,1543.6861571778738,dhaka,"৳4,500,000","Uttar Badda, Badda"
At Chand Mia Road 126 Ready Shop Space Is For Sale,2.7980736107387694,3.046994961681529,1,vacant,1716.9937628809819,chattogram,"৳2,268,000","Chand Mia Road, 4 No Chandgaon Ward"
"AT Dhaka Trunk Road, 9 No. North Pahartali Ward, 105 Sq Ft Shop Is Up For Sale",3.1826482469026685,2.912193283406049,1,vacant,1416.8728046881004,chattogram,"৳3,675,000","Dhaka Trunk Road, 9 No. North Pahartali Ward"
"15120 Sq Ft Full Building Is Ready To Be Sold In Banasree, Block F",3.2040769603988664,3.033162905753966,1,vacant,2668.7347073748633,dhaka,"৳85,000,000","Block F, Banasree"
Notable 2785 Square Feet Apartment For Sale In Dhanmondi,2.145036984646289,2.2375121778486085,4,vacant,603.8166564818696,dhaka,"৳44,000,000","Road No 7, Dhanmondi"
"4200 Sq Ft Flat With Updated Residential Features Is Up For Sale In Bashundhara, Block I",3.16516205563502,3.0100213985540925,4,vacant,2142.054642747171,dhaka,"৳50,400,000","Block I, Bashundhara R-A"
Nice 1240 Sq Ft Flat Is Available For Sale In Dakkhin Paikpara,2.939977045553565,3.14303151584899,8,vacant,977.755987425718,dhaka,"৳8,700,000","Dakkhin Paikpara, Mirpur"
This Residential Plot In Rupganj Is Up For Sale In A Wonderful Neighborhood,3.79418647141797,3.927563639541887,,vacant,3124.134063229141,narayanganj-city,"৳4,575,000","Rupganj, Narayanganj"
Well-constructed 1400 Sq. Ft Flat Is Ready For Sale At Lake Valley R/A .,3.8076555036655226,3.9958821565815663,1,vacant,3243.094320690398,chattogram,"৳9,200,000","Lake Valley R/A, 9 No. North Pahartali Ward"
"Find Your Desired Home At This 1750 Sq Ft Well Featured Flat For Sale At 25 No. Rampur Ward, Double Mooring",2.637670196875365,3.0606203815073196,5,vacant,1422.4389376425506,chattogram,"৳9,500,000","25 No. Rampur Ward, Double Mooring"
A 1200 Square Feet-3 Bedroom Residential Apartment For Sale At 33 No. Firingee Bazaar Ward.,3.0524949391880583,3.038875962356208,1,vacant,2450.7172738317804,chattogram,"৳6,000,000","Yakub Nagar Road, 33 No. Firingee Bazaar Ward"
"1593 Sq Ft Nicely Planned Apartment Is Available For Sale In Lalmatia, Block B",3.981512283308113,3.9250139069917105,4,vacant,2222.5904602551304,dhaka,"৳21,500,000","Block B, Lalmatia"
Cozy Apartment Is Up For Sale In Mirpur- 12 Nearby Agrani Bank Limited,2.902522628674271,2.9207940397509207,5,vacant,821.4502026040933,dhaka,"৳6,200,000","Section 12, Mirpur"
3 Bedroom And 4 Bathroom Apartment Is For Sale In Bashundhara R-A Near IUB.,2.3451954437091658,3.09669713044163,4,vacant,1096.5735727185904,dhaka,"৳13,882,500","Block E, Bashundhara R-A"
1390 Sq Feet Flat For Sale Very Near To Darussalam Government Primary School,3.7236622139602598,3.116585412050354,6,vacant,2317.4804465668335,dhaka,"৳7,665,000","Darussalam, Mirpur"
"5 Katha Plot is now available for sale in Rupganj, Bproperty Village",3.24831739443851,3.147953304157323,,vacant,2406.1392770139933,narayanganj-city,"৳7,625,000","Rupganj, Narayanganj"
"A Plot Located In Bproperty Village, Rupganj Is Up For Sale",2.8527549867100586,3.176502736154803,,vacant,607.5389177179206,narayanganj-city,"৳7,625,000","Rupganj, Narayanganj"
A Delightful Apartment Of 1554 Sq Ft Is Ready For Sale In A Great Location Of Pallabi,3.079887525260493,2.0131716266625252,1,vacant,1166.0985565117144,dhaka,"৳11,500,000","Pallabi, Mirpur"
Wonderful 895 SQ FT home is available for sale in Agargaon,2.6918996629692735,1.9695512002230058,7,vacant,1122.6210083290414,dhaka,"৳5,500,000","West Agargaon, Agargaon"
156 Sq Ft Shop For Sale In 9 No. North Pahartali Ward,,,4,vacant,1594.1721976763247,chattogram,"৳3,120,000","Dhaka Trunk Road, 9 No. North Pahartali Ward"
"1337 Sq Ft Flat For Sale In Double Mooring, With Good Home Facilities",2.9680912953798746,3.069769140486941,3,vacant,2820.555927266554,chattogram,"৳7,754,600","24 No. North Agrabad Ward, Double Mooring"
"163 Square Feet Commercial Shop For Sale At Jubilee Road, 22 No. Enayet Bazaar Ward",2.0642571943179795,1.9038732130121685,,vacant,1405.7805813152916,chattogram,"৳11,410,000","Jubilee Road, 22 No. Enayet Bazaar Ward"
"Worthy 1300 Sq Ft Residential Apartment Is For Sale At Ahmed Nagar, Mirpur",5.515266445087262,3.8988655467353146,1,vacant,2362.7586375152428,dhaka,"৳7,500,000","Ahmed Nagar, Mirpur"
"To Live A Secure Life You Can Take This 1151 Sq Ft Flat For Sale At Baganbari Road, Thakur Para",3.3359607399401727,3.0481321355466005,7,vacant,1767.4784578357262,cumilla,"৳6,000,000","Baganbari Road, Thakur Para"
"This Very Nice Flat Of 1100 Sq Ft Is Up For Sale In West Monipur, Mirpur",2.93208171366097,2.982654840032183,4,vacant,1879.9616962840637,dhaka,"৳4,620,000","West Monipur, Mirpur"
Let Us Introduce You To This 1336 Sq Ft Flat Up For Sale In West Khulshi R/a,2.86857463596549,2.9974140027171288,8,vacant,2706.967270954666,chattogram,"৳6,680,000","West Khulshi R/A, 9 No. North Pahartali Ward"
A Decent 1560 Sq.Ft And 3 Bedroom Flat Is Available For Sale In PC Culture Housing .,1.9278769119126933,2.104940337361177,4,vacant,-204.79574925429017,dhaka,"৳10,000,000","PC Culture Housing, Mohammadpur"
Buy This 1600 Sq Ft Beautiful Apartment In Uttara-12,4.112965749709331,4.074266793635755,2,vacant,1866.6769785687284,dhaka,"৳14,000,000","Sector 12, Uttara"
At Mehidibag 1800 Sq.ft Ready Flat Is For Sale Close To Mehidibag Jame Masjid.,2.9766880485495295,2.1301193528597997,6,vacant,1587.056737547152,chattogram,"৳12,000,000","Mehidibag, 15 No. Bagmoniram Ward"
"A 1500 Sq Ft Flat Is Up For Sale In A Well Secured Location Of Nayatola, Maghbazar",2.9124353706019934,2.8110118926856096,5,vacant,2231.0318689712535,dhaka,"৳7,300,000","Nayatola, Maghbazar"
This 1250 Sq. Ft Apartment Is Ready To Sale In A Satisfactory Placement Like West Khulshi R/a .,3.325047654980222,3.0247933199980195,1,vacant,1884.0953696151162,chattogram,"৳6,500,000","West Khulshi R/A, 9 No. North Pahartali Ward"
6 Katha Residential Plot With 5 Storied Building Is Up For Sale In Tejgaon,2.974697292866856,3.067970704035859,,vacant,875.8894105343256,dhaka,"৳80,000,000","East Nakhalpara, Tejgaon"
"900 Square Feet Apartment Is For Sale At Kamal Sharani, West Monipur",,,3,vacant,2501.882044550946,dhaka,"৳4,320,000","West Monipur, Mirpur"
"Make This 5 Katha Plot Your Next Residing Location, Which Is Up For Sale In Bproperty Village",2.0201036221941107,1.9359227677229394,,vacant,724.6269420005929,narayanganj-city,"৳7,625,000","Rupganj, Narayanganj"
"For Sale, Residential Plot Is Situated In Narayanganj, Bproperty Village",3.3955295619783556,1.917764053423464,,vacant,963.1839011948605,narayanganj-city,"৳4,575,000","Rupganj, Narayanganj"
A 22050 SFT Commercial Building Is Available To Sale At Mirpur Section 7,,,,vacant,769.0271857843028,dhaka,"৳200,000,000","Section 7, Mirpur"
This 5 katha Plot Which Is Available In Bproperty Village For Sale Will Ensure Your Higher Quality Of Living,3.213339746552702,3.1592748069852763,,vacant,877.1826830888941,narayanganj-city,"৳5,000,000","Rupganj, Narayanganj"
"Good-looking Flat Is Vacant For Sale In Dewan Bazar, Which Is 1253 Sq Ft",2.8394655582227735,3.1978970738369785,1,vacant,35.84632771516567,chattogram,"৳5,638,500","Dewan Bazar, Bakalia"
3 Katha nice Plot is available for sale in Bproperty Village,2.8108533399771414,3.920327317228395,,vacant,1016.1067844096721,narayanganj-city,"৳4,575,000","Rupganj, Narayanganj"
Take A Look At This 105 Sq Ft Shop Arena For Sale In 9 No. North Pahartali Ward,3.101845864364646,3.051520164616697,3,vacant,905.9981626785982,chattogram,"৳3,675,000","Dhaka Trunk Road, 9 No. North Pahartali Ward"
A 1275 Sq. Ft Apartment Which Is Up For Sale At Bakalia Near To Kalamia Bazar,3.2190096916322766,3.0546746954919772,2,vacant,227.30209978137145,chattogram,"৳4,845,000","18 No. East Bakalia Ward, Bakalia"
Near To Bangladesh Mahila Samity Girls&#039; High School and College See This Office Space For Sale Located In East Nasirabad,,,3,vacant,10823.963168348959,chattogram,"৳20,000,000","CDA Avenue, East Nasirabad"
"3 Katha Plot is now available for sale in Purbachal, Sector 24",1.7150051251342877,2.0390375337937274,,vacant,-58.72728369271965,dhaka,"৳25,000,000","Sector 24, Purbachal"
"Built With Modern Amenities, Check This 1080 Sq Ft Flat Which Is Up For Sale At Paschim Joydebpur, Gazipur Sadar Upazila",2.698640647216629,3.029719206625132,5,vacant,2238.0504495200125,gazipur,"৳4,320,000","Joydebpur, Gazipur Sadar Upazila"
"Make This 1590 Sq Ft Flat Your Next Residing Location, Which Is Up For Sale In Proshanti R/A.",1.6838241078644056,2.165117639809666,1,vacant,2204.4815112495667,chattogram,"৳7,473,000","Proshanti R/A, 10 No. North Kattali Ward"
Take A Look At This 1160 Square Feet Commercial Office Space For Sale In Jamal Khan Next To Red Crescent Maternity Hospital,1.6083909725369898,2.107869099231655,1,vacant,12.444506611126712,chattogram,"৳23,200,000","Nabab Siraj Ud Daula Road, Jamal Khan"
Get This 1459 Sq Ft Flat Up For Sale At Double Mooring,3.024256007446758,3.896270912095318,6,vacant,1714.695100346754,chattogram,"৳8,462,200","24 No. North Agrabad Ward, Double Mooring"
"Buy This 1000 Sq Ft Residential Flat In Mirpur, Paikpara",3.249248610779492,3.0778560755502165,8,vacant,554.3642488241899,dhaka,"৳6,000,000","Ahmed Nagar, Mirpur"
3 Katha Residential Plot For Sale In Jalalabad Housing Society,,,,vacant,173.6397644217019,chattogram,"৳16,500,000","Road No 2, Jalalabad Housing Society"
"In An Urban Location And Reasonable Price, This Flat Is For Sale In Nobodoy Housing Society.",2.4992148953646467,3.030817478000206,2,vacant,2186.576191384126,dhaka,"৳6,500,000","Nobodoy Housing Society, Mohammadpur"
"Live Comfortably In This 1550 Sq Ft Residential Flat, Up For Sale In Mirpur, Baitur Rowshan Jame Masjid Road",2.957737845774183,3.1107024350438697,1,vacant,1108.823793179775,dhaka,"৳8,600,000","Middle Monipur, Mirpur"
"You Can Buy This Lovely Apartment Of 1350 Sq Ft For Live A Relaxed Life At Banasree, Block C",2.963932587018142,3.0184018075871712,8,vacant,1312.6646619418414,dhaka,"৳11,300,000","Block C, Banasree"
test listing ma 22.6:2,3.4643594499813877,3.0196144483444134,,,917.1334743113308,chattogram,"৳6,669",
874 Sq Ft Apartment Space Is Available For Sale At 17 No West Bakalia Ward,2.677177403031574,3.011862590087069,6,vacant,1770.5701523627733,chattogram,"৳4,800,000","17 No West Bakalia Ward, Bakalia"
"Buy This 1350 Sq Ft Amazing Flat In Gazipur, Joydebpur, With 3 Modern Bedrooms",,,7,vacant,9036.907286286776,gazipur,"৳4,500,000","Joydebpur, Gazipur Sadar Upazila"
"Visit This 1000 Sq Ft Flat, Which Is Up For Sale In Mirpur, East Kazipara",3.3779242771026228,1.992133545810895,6,vacant,783.2180704563048,dhaka,"৳6,500,000","East Kazipara, Mirpur"
There Is 3 Bedroom Apartment Up For Sale In The Location Of Adabor Near Baitul Aman Housing Society Jame Mosque.,3.099690753665166,2.934616075329264,1,vacant,1272.3539864912957,dhaka,"৳4,000,000","Baitul Aman Housing Society, Adabor"
"Residential Plot For Sale In Bproperty Village, Rupganj",3.1247995729755456,2.883913866747954,,vacant,901.7060694378514,narayanganj-city,"৳4,575,000","Rupganj, Narayanganj"
"A Large 3 Katha Residential Plot For Sale In The Location Of Bproperty Village, Rupganj .",3.025385686011078,3.1403092598646793,,vacant,1670.2794271754851,narayanganj-city,"৳4,575,000","Rupganj, Narayanganj"
"View This 1350 Sq Ft Residential Flat For Sale In Mirpur, Middle Monipur",2.073097562734387,1.0493333903037552,1,vacant,1324.2120550155814,dhaka,"৳8,500,000","Middle Monipur, Mirpur"
"A 14528 Sq Ft Commercial Space Is Available For Sale Which Is Located In 28 No. Pathantooly Ward, Double Mooring",3.172276025327586,1.9970812248819734,3,vacant,199.25721651856202,chattogram,"৳363,200,000","28 No. Pathantooly Ward, Double Mooring"
Exquisite Flat For Sale In Ashkona Nearby Bangamata Sheikh Fozilatunnessa High School,,,4,vacant,1811.3093661793193,dhaka,"৳8,060,000","Ashkona, Dakshin Khan"
"1350 Sq Ft Residential Apartment For Sale In Gazipur, Which Will Give You A Content Residential Experience",3.194530077229004,3.028978246411437,8,vacant,442.4976689385709,gazipur,"৳4,500,000","Joydebpur, Gazipur Sadar Upazila"
3700 Sq Ft Spacious Apartment For Sale In Uttara Nearby Uttara Adhunik Medical College Hospital,2.6958171250459095,3.0970055026054126,1,vacant,2926.389926067198,dhaka,"৳44,000,000","Sector 9, Uttara"
"3226 Sq Ft Commercial Office For Sale In Bir Uttam Rafiqul Islam Avenue, Badda",3.072748502945985,2.9190868298708494,10,vacant,1425.27001874398,dhaka,"৳30,000,000","Bir Uttam Rafiqul Islam Avenue, Badda"
Fully Fitted Shop Space Of 110 Sq Ft Is Ready To Sale In 9 No. North Pahartali Ward Close To Brac Bank Limited,3.03959928668462,2.999527575521392,1,vacant,882.524021110856,chattogram,"৳3,850,000","Dhaka Trunk Road, 9 No. North Pahartali Ward"
"Buy This 1700 Sq Ft Ready Flat In 7 No. West Sholoshohor Ward, Tayab Bag R/a",1.8634629341122282,2.0849345989958943,4,vacant,648.3596205764339,chattogram,"৳9,500,000","Tayab Bag R/A, 7 No. West Sholoshohor Ward"
"A Flat Can Be Found In Chandgaon R/a For Sale, Near Chandgaon Government Primary School",1.9949741754513162,1.8105750195728374,3,vacant,744.808805243385,chattogram,"৳12,000,000","Chandgaon Residential Area, 4 No Chandgaon Ward"
A Proper 1600 Sq Ft Residence Is Prepared To Be Sold At Khulshi,1.8620789240203448,1.994367177294985,2,vacant,875.570134767449,chattogram,"৳10,000,000","South Khulshi, Khulshi"
Contact Us To Buy 1428 Sq Ft Home Which Is Now Available In Sabujbag For Sale,1.7625692101999981,1.9579966621703433,5,vacant,195.61418644581238,chattogram,"৳4,998,000","Sabujbag, Halishahar"
"A Plot Which Is Up For Sale In Bproperty Village, Narayanganj",2.921658184718211,2.9869056284084867,,vacant,789.0530017414424,narayanganj-city,"৳4,575,000","Rupganj, Narayanganj"
11003 Square Feet Commercial Space Is Ready For Sale In Bashundhara,2.7554160967644905,2.9509189441860473,5,vacant,1077.6756404118676,dhaka,"৳154,000,000","Block I, Bashundhara R-A"
Seize This 1150 Sq Ft Apartment Up For Sale In Mirpur Dohs,2.07151438084856,2.013465662677594,1,vacant,-82.0578548277731,dhaka,"৳8,700,000","Mirpur DOHS, Mirpur"
"In Purbachal Marine City, A Residential Plot Is Up For Sale",2.7452035372450854,3.188214274828502,,vacant,757.5760795793581,narayanganj-city,"৳3,900,000","Rupganj, Narayanganj"
"You can buy this lovely apartment of 2180 sq ft to live a relaxed life at Bashundhara R-A, Block J",3.157735427447154,1.9683063158579555,7,vacant,557.1492610307424,dhaka,"৳17,500,000","Block J, Bashundhara R-A"
In Mirpur this flat is up for sale which is 930 SQ FT,2.7382484268709892,3.028542004112456,4,vacant,1346.8599449898845,dhaka,"৳3,900,000","2nd Colony, Mirpur"
Reasonable 1654 Sq Ft Apartment For Sale In Uttara 18,2.874539812822804,3.1951728207116554,5,vacant,1745.562754447131,dhaka,"৳12,500,000","Sector 18, Uttara"
"1637 Sq Ft Spacious Apartment Is Ready For Sale In Senpara Parbata, Mirpur",2.8616218186847178,2.946184592249105,1,vacant,1557.7270460717996,dhaka,"৳12,000,000","Section 10, Mirpur"
1250 Square Feet-3 Bedroom Residential Apartment For Sale Close To East Ahmed Nagar Baitul Ekram Masjid.,2.2935805215049725,2.1775540506090207,2,vacant,1821.5273152966226,dhaka,"৳5,250,000","Ahmed Nagar, Mirpur"
1300 Sq.ft Flat For Sale At South Agrabad,3.073174307696704,4.000520821197367,2,vacant,228.21931504442614,chattogram,"৳7,150,000","South Agrabad, Double Mooring"
Reasonable 1465 Sq Ft Flat Is Available For Sale In 16 No. Chawk Bazaar Ward,2.953091292596712,3.174346828954267,1,vacant,1415.77426825307,chattogram,"৳9,962,000","Katalganj Residential Area, 16 No. Chawk Bazaar Ward"
See This 1200 Sq Ft Apartment For Sale Is All Set For You In 33 No. Firingee Bazaar Ward,,,2,vacant,363.8681435915938,chattogram,"৳6,000,000","Yakub Nagar Road, 33 No. Firingee Bazaar Ward"
"In Rupganj, Bproperty Village, Plot Is Up For Sale",2.533160657034858,3.030048533906958,,vacant,1591.435013782079,narayanganj-city,"৳4,575,000","Rupganj, Narayanganj"
Ready 1550 Sq Ft Flat Is Now For Sale In Double Mooring,2.990443939931157,2.9935784693278205,2,vacant,1821.6646925408265,chattogram,"৳9,335,000","South Agrabad, Double Mooring"
Visit This Apartment For Sale In Bonomala Near Bonmala Government Primary School.,3.4425406192802726,2.9389416484530773,,,1385.5937585448776,gazipur,"৳4,043,820","Tongi, Gazipur Sadar Upazila"
A Decent Apartment In Mohakhali Near Jabala ICDDRB Is Up For Sale,3.029320795593744,3.00741570480144,5,vacant,1589.02105133103,dhaka,"৳5,500,000","Dakhshin Para, Mohakhali"
1878 Sq.Ft Flat For Sale In Khulshi Near By Radiant School And College,3.0150458686478574,3.087800918221247,7,vacant,631.7041077623674,chattogram,"৳15,000,000","South Khulshi, Khulshi"
A Unique Apartment In Colonel Hat Near Colonel Hat City Corporation Is Up For Sale,,,2,vacant,11372.7373968935,chattogram,"৳5,838,000","Colonel Hat, 10 No. North Kattali Ward"
A 190 Square Feet Commercial Shop For Sale Close To Standard Bank Limited At Enayet Bazaar,3.198417464772422,1.9690205404580476,,vacant,-82.00815403518527,chattogram,"৳16,150,000","Jubilee Road, 22 No. Enayet Bazaar Ward"
Settle Down In This 1218 Sq Ft Flat Up For Sale In Malibagh,2.5574699007970723,2.975462578035493,1,vacant,1768.031865022522,dhaka,"৳11,000,000","Malibag College Road, Malibagh"
With An Awesome Environment A 1375 Sq Ft Flat Is Vacant For Sale In North Bagichagaon,2.6272878503913324,3.0971073106715203,7,vacant,1286.0381807502845,cumilla,"৳5,225,000","North Bagichagaon, Bagichagaon"
102 Sq Ft Shop For Sale In A Booming Location Of 9 No. North Pahartali Ward,3.0465891252340374,3.1198739924093917,,vacant,1116.5489244365654,chattogram,"৳3,570,000","Dhaka Trunk Road, 9 No. North Pahartali Ward"
"A 3 katha Residential Plot Is For Sale At Rupganj , Bproperty Village.",1.841622192259605,1.9347237090340283,,vacant,719.9005625942197,narayanganj-city,"৳4,575,000","Rupganj, Narayanganj"
"Make This 1835 Sq Ft Flat Your Next Residing Location, Which Is Up For Sale, In New Monsurabad",3.2906735173676016,2.9345830744061896,8,vacant,1158.0855114193682,chattogram,"৳9,800,000",10 No. North Kattali Ward
"Grab This Lovely Flat Of 1500 Sq Ft Is Up For Sale In Bakalia, Chattogram",15.930174478243567,10.037117775838698,5,vacant,5981.615388340972,chattogram,"৳8,250,000","Dewan Bazar, Bakalia"
Be The Owner Of This 1365 Sq Ft Beautiful Flat Which Is Vacant Now For Sale At Shahid Nagar,,,1,vacant,4807.154689971735,chattogram,"৳6,000,000","Shahid Nagar, Bayazid"
"Visit This 5 Katha Plot Is For Sale, In Bproperty Village",2.719077005684716,3.1121276162811533,,vacant,1929.9626486791124,narayanganj-city,"৳7,625,000","Rupganj, Narayanganj"
A rightly planned 1325 SQ FT flat is found for sale in Mirpur near Islami Bank Hospital,2.3908211806112325,3.87751449251372,5,vacant,1459.3956271939535,dhaka,"৳6,500,000","Section 11, Mirpur"
"Grab This 1200 Sq Ft Residential Flat Up For Sale In Mirpur, West Shewrapara",2.948130500694432,2.974161902751236,5,vacant,2239.438632765932,dhaka,"৳7,200,000","West Shewrapara, Mirpur"
"An Apartment Of 1500 Sq.Ft Is Up For Sale In Shahid Khawaja Nizamuddin Road, Jhautola",2.9582643120792396,3.9089465612988037,13,vacant,2059.6755662331507,cumilla,"৳6,010,000","Shahid Khawaja Nizamuddin Road, Jhautola"
2200 Sq Ft Apartment Is Ready For Sale In Mirpur Dohs,2.9059621240562614,1.9738256587423628,5,vacant,392.5978869547365,dhaka,"৳20,000,000","Mirpur DOHS, Mirpur"
"Get Ready To Buy This Ideally Maintained 2456 Sq Ft Apartment Located In Block K, Bashundhara R-A",3.2390209808600376,3.1569809684149903,8,vacant,600.3782658024764,dhaka,"৳22,104,000","Block K, Bashundhara R-A"
"Check Out This 750 Sq Ft Flat For Sale In Ashi Dag Road, Ibrahimmpur",3.2655268816438054,2.8608078807377173,5,vacant,1321.8737343276077,dhaka,"৳3,500,000","Ashi Dag Road, Ibrahimpur"
6200 Sq Ft Commercial Space With Quality Fittings Is For Sale In Ibrahimpur,,,3,vacant,1736.6375252913836,dhaka,"৳155,000,000","North Ibrahimpur, Ibrahimpur"
"Buy This Modest 1430 Sq Ft Flat In Bashundhara R-a, Block J",2.527067858603596,2.9189314241922717,5,vacant,360.898101285189,dhaka,"৳12,000,000","Block J, Bashundhara R-A"
"Take The Offer Of Buying This 1544 Sq Ft Apartment At Sholokbahar, Al-madani Road",3.136756062077898,4.028111453269255,5,vacant,1765.6646623978195,chattogram,"৳9,264,000","Al-Madani Road, Sholokbahar"
"200 Sq Ft Office For Sale In Bundle Road, Patharghata, Kotwali",3.1230376545902243,3.060736777465398,2,vacant,1882.0181842846705,chattogram,"৳1,300,000","Patharghata, Kotwali"
"Close To Shadhinota Sharani Jame Masjid, An Apartment For Sale Is Available In Badda.",3.068544363078224,3.0428014529365175,1,vacant,1610.138151281851,dhaka,"৳6,050,000","Uttar Badda, Badda"
"Best Location For Your Office, This 2600 Sq Ft Business Space Is Ready To Sale At Outer Circular Road, Shiddheswari",3.217442589842941,3.1150330860606945,8,vacant,2853.293800329037,dhaka,"৳42,900,000","Outer Circular Road, Shiddheswari"
"A 1220 Sq. Ft. Residential Apartment Is For Sale At Banasree , Main Road .",3.7419373775211757,3.8274936676627003,4,vacant,1185.6621267010732,dhaka,"৳9,500,000","Block F, Banasree"
Nice Flat Of 1550 Square Feet Is Up For Sale In Jhautola,3.445031060336154,2.1162709164462177,12,vacant,2512.1610103243393,cumilla,"৳6,510,000","Shahid Khawaja Nizamuddin Road, Jhautola"
A 3 Bedroom And 1190 Sq Ft Properly Developed Flat For Sale In 7 No. West Sholoshohor Ward,2.7874429344493086,2.9694635250966277,,,313.3715590241791,chattogram,"৳6,000,000",7 No. West Sholoshohor Ward
Get Comfortable In A Nice Flat For Sale In Bashundhara R-a Nearby Viquarunnisa Noon School And College,3.1659870962952694,3.071571908319557,3,vacant,277.4446999892134,dhaka,"৳17,500,000","Block G, Bashundhara R-A"
Check This Shop Located In Bahaddarhat Vacant For Sale Near Jamuna Bank Limited,2.626175422470614,1.8705115240919183,4,vacant,1229.5055102530664,chattogram,"৳3,614,000","CDA Avenue, Sholokbahar"
Covering With 1500 Sq Ft Space A Flat Is Up For Sale In Bagichagaon Close To Bagichagaon Jame Masjid,2.793903885452524,3.000484980209888,11,vacant,436.49735183881444,cumilla,"৳6,000,000","North Bagichagaon, Bagichagaon"
"5 Katha Plot for sale in Rupganj, Bproperty Village Beside To Rupgonj Police Station",3.335944909645897,2.023117541318536,,vacant,936.6500149574601,narayanganj-city,"৳7,625,000","Rupganj, Narayanganj"
Take This Residential Plot Is Ready For Sale At Bproperty Village,2.942198773593789,3.113082639450928,,vacant,1305.5801309756662,narayanganj-city,"৳4,575,000","Rupganj, Narayanganj"
1200 Sq Ft Residential Apartment Is On Sale In Bayazid.,2.1860812173215516,0.8448932589199456,7,vacant,432.04756550861975,chattogram,"৳5,000,000","Raufabad Residential Area, Bayazid"
"Start a new home, in this 2150 SQ FT apartment for sale in Bashundhara R-A",3.052496440641465,2.0030089346626907,8,vacant,567.4539293485685,dhaka,"৳18,500,000","Block C, Bashundhara R-A"
"In Cosmopolitan R/A , 1120 Square Feet Medium Size Apartment Is Available For Sale",,,5,vacant,4946.671954416776,chattogram,"৳6,720,000","Cosmopolitan R/A, 7 No. West Sholoshohor Ward"
This 1604 Sq Ft Flat Is Ready For Sale In Mehidibag,2.302155135671986,1.0494594640683186,17,vacant,490.80686563193484,chattogram,"৳8,822,000","Mehidibag, 15 No. Bagmoniram Ward"
"1336 Sq Ft Prefect Flat For Sale In 9 No. North Pahartali Ward, West Khulshi R/a",1.9475692618438927,1.0760455275537555,7,vacant,1346.9494689152552,chattogram,"৳6,680,000","West Khulshi R/A, 9 No. North Pahartali Ward"
Plan To Move In This 1450 Sq Ft Flat Which Is Up For Sale In Dolairpar,,,5,vacant,743.3271259202772,dhaka,"৳7,000,000","Kadamtali, Shyampur"
"Residential Plot Is Available For Sale In Bproperty Village, Narayanganj City.",2.8220456346829526,2.9476508859484682,,vacant,668.8074582033718,narayanganj-city,"৳7,625,000","Rupganj, Narayanganj"
Seal The Deal Of Buying This 1300 Sq Ft Flat In Jamal Khan,3.1221141415025557,3.0907230147051807,1,vacant,133.16756755747485,chattogram,"৳10,000,000","Ashkar Dighir Par, Jamal Khan"
"Buy This Flat Of 720 Sq Ft Apartment In Tongi, With A Quick Electricity Backup Service",3.08762333044014,3.133155271811793,,vacant,1446.305411117565,gazipur,"৳2,600,000","Tongi, Gazipur Sadar Upazila"
A Worthwhile 1433 Sq Ft Residential Home Is Ready For Sale At Bayazid,2.6528250281209105,1.8392190890667917,1,vacant,210.31415374738447,chattogram,"৳7,132,000","Somobay Residential Area, Bayazid"
1350 Sq Ft Flat Is Up For sale At 15 No. Bagmoniram Ward Close To Sunmar Shopping Mall,2.83952505034922,2.0599139239961057,7,vacant,86.6585213838963,chattogram,"৳8,000,000","Mehidibag, 15 No. Bagmoniram Ward"
This Wonderful Flat Is Set For Sale With An Amazing Floor Plan Which Is 1800 Sq Ft In Pirerbag,2.8711221532317555,2.09378402355189,9,vacant,1242.7889111872366,dhaka,"৳7,500,000","Pirerbag, Mirpur"
Celebrate Life Each Day In Your New Apartment Of 1690 Sq Ft At Boro Maghbazar With Your Beloved Family,2.9190317934638323,1.9746853243310785,1,vacant,-171.03233454261385,dhaka,"৳14,800,000","Boro Maghbazar, Maghbazar"
A 3 Bedroom Apartment Is Up For Sale In Middle Monipur Near Monipur High School And College.,3.6951723004814703,3.881533766804713,5,vacant,2650.835486215966,dhaka,"৳5,400,000","Middle Monipur, Mirpur"
"Perfect For A Family Home, This Apartment Of 1390 Sq Ft Is Up For Sale In Free School Street, Kathalbagan",2.8607871010804886,2.0922620203890343,3,vacant,1321.227874778917,dhaka,"৳22,500,000","Free School Street, Kathalbagan"
Standard 1500 Sq Ft Residential Apartment For Sale In South Khulsi,2.838579500989972,1.882635948518363,4,vacant,1073.5851570631596,chattogram,"৳11,200,000","Paharicka R/A Road, South Khulsi"
1252 Sq.Ft Apartment for Sale in Badda nearby Badda Post Office,3.170929853897507,1.982549484871754,2,vacant,476.56159867609256,dhaka,"৳7,000,000","Uttar Badda, Badda"
852 SQ FT office near Paltan Tower for Sales in Motijheel,2.1792573239364943,1.996074124777164,4,vacant,1760.5283415056788,dhaka,"৳8,094,000","Purana Paltan, Motijheel"
"Remarkable Plot Is Up For Sale In Narayanganj, Bproperty Village",2.967696324192763,2.070010693383759,,vacant,798.2498001848141,narayanganj-city,"৳3,000,000","Rupganj, Narayanganj"
"3 Katha Plot Is Now Available For Sale In Mouchak, Gazipur Sadar Upazila Which Is An Eco Friendly Location",2.913145280281409,2.9386882222781257,,vacant,686.6321287339329,gazipur,"৳1,500,000","Mouchak, Gazipur Sadar Upazila"
Seal The Deal Of Buying This 1300 Sq Ft Flat In Jamal Khan,4.030999625629795,4.933017987485204,1,vacant,3020.392819809294,chattogram,"৳10,000,000","Ashkar Dighir Par, Jamal Khan"
See This 1300 Sq Ft Apartment For Sale Is All Set For You In Joydebpur Close To Court Mosjid,1.819091319722505,2.009678229184458,9,vacant,-413.8651003066748,gazipur,"৳5,200,000","Joydebpur, Gazipur Sadar Upazila"
An Apartment Of 1352 Sq.Ft Is Up For Sale In Patharghata Near Patharghata Girls&#039; High School.,2.7459243165870193,3.0984686907777728,8,vacant,139.72816935573917,chattogram,"৳6,760,000","Patharghata, Kotwali"
1412 Square Feet Apartment Is Up For Sale At Mirpur,2.7916980611793676,4.223811941580229,8,vacant,1555.096628292773,dhaka,"৳7,000,000","West Shewrapara, Mirpur"
A 1664 Sq Ft Ready Flat Is Here For Sale At 15 No. Bagmoniram Ward,1.8593598914927671,1.8525028769495098,7,vacant,1360.587450164592,chattogram,"৳9,200,000","Masjid Lane, 15 No. Bagmoniram Ward"
Be The Owner Of This 1450 Sq Ft Flat Which Is Vacant Now For Sale At West Shewrapara Nearby North South International School,2.7422374160856804,2.0308541429288023,9,vacant,1173.036886547761,dhaka,"৳8,675,000","West Shewrapara, Mirpur"
"At Darussalam, Flat For Sale Close To Mir Bari Adi Jame Mosjid",3.035903593789151,2.8936896921257356,1,vacant,1672.0018186837824,dhaka,"৳5,796,000","Darussalam, Mirpur"
1365 Sq Ft Flat With Modern Residential Approaches Is For Sale In Mirpur-10,4.161665348743435,4.099683981018496,5,vacant,2145.7132959314326,dhaka,"৳7,507,500","Section 10, Mirpur"
"Checkout This 2060 Square Feet Flat Available For Sale In Bashundhara R-a, Block J",3.6483852416678215,3.9081695873864617,6,vacant,2786.232887769111,dhaka,"৳18,540,000","Block J, Bashundhara R-A"
Let Us Assist You To Buy This 1565 Sq Ft Apartment In Sholokbahar,3.0055671571930866,2.9339901079578072,5,vacant,2631.393881107634,chattogram,"৳7,260,000","Abdul Hamid Road, Sholokbahar"
"Make this 1000 SQ FT flat your next residing location, which is up for sale in Jigatola",2.951274176613841,2.942343721154078,2,vacant,2131.8226320121757,dhaka,"৳7,300,000","Jigatola, Hazaribag"
Check This 1580 Sq Ft Cozy And Nice Flat Just What You Are Looking For In A Home,3.075659770962497,2.9925444348875985,5,vacant,1482.1448637160254,chattogram,"৳7,900,000","Kobi Kazi Nazrul Islam Road, 33 No. Firingee Bazaar Ward"
A 3 Katha Residential Plot For Sale In Purbachal American City,2.9971334719358147,3.031622759687144,,vacant,1560.2283707261079,narayanganj-city,"৳4,575,000","Rupganj, Narayanganj"
Get The Commercial Benefits In This 110 Sq Ft Shop At 9 No. North Pahartali Ward,2.677961371852062,3.047327000816487,1,vacant,1220.9605967205507,chattogram,"৳3,850,000","Dhaka Trunk Road, 9 No. North Pahartali Ward"
"Grab A 1800 Sq Ft Residence For Sale At Monipuripara, Tejgaon",2.7203231154519285,2.999435683530152,3,vacant,1575.304122140166,dhaka,"৳19,000,000","Monipuripara, Tejgaon"
"An Apartment Is Up For Sale In Dakshin Kattali, Near Anandomoyee Kali Temple",4.006518665802474,3.869878908069005,4th to 8th Backside,vacant,2108.95895364636,chattogram,"৳3,800,000","Dakshin Kattali, 11 No. South Kattali Ward"
"In The Location Of Cosmopolitan R/A , 2 Bedroom Apartment Is Up For Sale",,,3,vacant,,chattogram,"৳6,840,000","Cosmopolitan R/A, 7 No. West Sholoshohor Ward"
1186 Sq Ft Apartment To Sale In Bakalia Close To Kazem Ali School and College,,,4,vacant,,chattogram,"৳5,337,000","Dewan Bazar, Bakalia"
1274 Sq Ft 3 Bed Apt. Is Available For Sale In Banasree,,,6,vacant,,dhaka,"৳10,500,000","Block G, Banasree"
Flat For Sale In Mirpur Near Senpara Jame Masjid,,,2,vacant,,dhaka,"৳4,275,000","Section 10, Mirpur"
"1186 Square Feet And 3 Bedroom Residential Apartment For Sale At Puran Para, Uttar Khan .",,,5,vacant,,dhaka,"৳5,337,000","Puran Para, Uttar Khan"
Buy This 1415 Sq Ft Apartment In Double Mooring,,,2,vacant,,chattogram,"৳5,820,000","12 No. Sarai Para Ward, Double Mooring"
Grab This 1235 Sq Ft Flat For Sale In Hazaribag,,,1,vacant,,dhaka,"৳11,800,000","Rayer Bazaar, Hazaribag"
"In A Peaceful Location Of North Pahartali, A Fantastic Flat Of 2061 Sq Ft Is Waiting For Sale.",,,4,vacant,,chattogram,"৳14,500,000","Foy's Lake Approach Road, 9 No. North Pahartali Ward"
Completely suitable and ready flat of 1050 SQ FT for Sale in Kallyanpur,,,6,vacant,,dhaka,"৳8,200,000","Kallyanpur, Mirpur"
A 1150 Sq. Ft Apartment Which Is Up For Sale At Sholokbahar Near Dutch Bangla Bank Ltd.,,,1,vacant,,chattogram,"৳5,800,000","Abdul Latif Road, Sholokbahar"
6800 Sq Ft Building Is Now For Sale In Dhanmondi,,,,vacant,,dhaka,"৳79,000,000","Road No 3A, Dhanmondi"
"1335 Square Feet Apartment Ready For Sales At Kalamia Bazar ,Bakalia .",,,5,vacant,,chattogram,"৳5,340,000","18 No. East Bakalia Ward, Bakalia"
Visit 1308 Sq Ft Residential Flat For Sale In Mirpur,,,1,vacant,,dhaka,"৳6,600,000","Section 2, Mirpur"
Property For Sale In Badda– 1450 Sq Ft Apartment,,,6,vacant,,dhaka,"৳10,150,000","Khilbari Tek, Badda"
This 115 Square Feet Commercial Shop For Sale At 9 No. North Pahartali Ward.,,,2,vacant,,chattogram,"৳4,025,000","Dhaka Trunk Road, 9 No. North Pahartali Ward"
Completely Suitable And Ready Flat Of 1350 Sq Ft Is Up For Sale In New Monsurabad,,,1,vacant,,chattogram,"৳6,831,000",10 No. North Kattali Ward
"Acquire This 145 Sq Ft Commercial Shop Which Is Up For Sale In East Nasirabad, Muradpur",,,5,vacant,,chattogram,"৳8,000,000","East Nasirabad, Muradpur"
Residential Ready Plot Is Available For Sale In Bproperty Village,,,,vacant,,narayanganj-city,"৳4,575,000","Rupganj, Narayanganj"
See This Shop Space Up For Sale Located In Bandartila Near Bandartila Eye Hospital,,,5,vacant,,chattogram,"৳1,800,000","39 No. South Halishahar Ward, Halishahar"
Commodious 1621 Sq Feet Flat For Sale At Muradpur.,,,4,occupied,,chattogram,"৳10,500,000","Mirzapul Road, Muradpur"
"1300 Sq Ft Apartment For Sale In Chandra Nagar, Near Abu Darda Jamgee Masjid",,,1,vacant,,chattogram,"৳5,800,000","Chadra Nagar, Bayazid"
At 15 No. Bagmoniram Ward 1537 Sq Ft Flat Is For Sale,,,7,vacant,,chattogram,"৳9,000,000","Mehidibag, 15 No. Bagmoniram Ward"
"1000 Sq Ft Apartment Is Ready For Sale In Gazipur Sadar Upazila, Tongi, Auchpara",,,2,vacant,,gazipur,"৳4,000,000","Tongi, Gazipur Sadar Upazila"
"1050 Sq Ft Residential Flat With 2 Bedrooms And Other Features, Is Up For Sale In Moghultoli",2.9878294181940497,3.0475671004072944,8,vacant,1169.0983225428474,cumilla,"৳4,200,000","Shah Shuja Mosque Road, Moghultoli"
"This Residential Plot Of 3 Katha Is Up For Sale In Bproperty Village, Rupganj .",3.25094252656373,4.078938101489073,,vacant,1607.9631017879253,narayanganj-city,"৳4,575,000","Rupganj, Narayanganj"
"See, This 1300 Sq Ft Beautiful Apartment And Make It Your New Home Which Is Up For Sale In Joydebpur",3.280153320836008,3.1444960139004285,8,vacant,1818.2676532457676,gazipur,"৳5,200,000","Joydebpur, Gazipur Sadar Upazila"
A 242 Katha Plot Is For Sale Next To Gazipur Police Line Jame Masjid.,,,,vacant,,gazipur,"৳120,000,000","Khube Bormi, Gazipur Sadar Upazila"
Buy This 2079 Sq Ft Flat In 15 No. Bagmoniram Ward,,,5,vacant,,chattogram,"৳14,500,000","Badshah Miah Chowdhury Road, 15 No. Bagmoniram Ward"
View This 240 Sq Ft Shop For Sale At Bakalia,,,1,vacant,,chattogram,"৳6,000,000","Dewan Bazar, Bakalia"
"A 1150 Sq Ft Flat Is Up For Sale In A Well Secured Location Of Kulgaon, Bayazid",,,7,vacant,,chattogram,"৳5,800,000","Kulgaon, Bayazid"
"Buy This 1439 Sq Ft Apartment In Bashundhara R-a, Block B",,,3,vacant,,dhaka,"৳13,000,000","Block B, Bashundhara R-A"
Grab The Scope To Buy This 2200 Sq Ft Apartment In Mirpur DOHS,,,1,vacant,,dhaka,"৳18,500,000","Mirpur DOHS, Mirpur"
In Mirpur this flat is up for sale which is 930 SQ FT,,,4,vacant,,dhaka,"৳3,900,000","2nd Colony, Mirpur"
Plot For Sale In Bproperty Village,,,,vacant,,narayanganj-city,"৳7,625,000","Rupganj, Narayanganj"
Available In Darussalam 1485 Sq Feet Flat For Sale,,,5,vacant,,dhaka,"৳8,167,000","Darussalam, Mirpur"
"Close To Indian Embassy, An Apartment Of 3 Bedrooms For Sale Is Available In Khulshi",,,4,vacant,2032.067888970897,chattogram,"৳10,000,000","Habib Lane, Khulshi"
"Grab This Plot Is Ready For Sale At Bproperty Village, Narayanganj",3.01741320310277,3.0867567935036364,,vacant,702.0015705751596,narayanganj-city,"৳3,375,000","Rupganj, Narayanganj"
"1330 Sq Ft Apartment To Sale In Jamal Khan, Ashkar Dighir Par",,,1,vacant,2616.483750683208,chattogram,"৳10,000,000","Ashkar Dighir Par, Jamal Khan"
"Large 5000 Sq Ft Commercial Space For Sale In Free School Street Road, Kathalbagan",,,9,vacant,806.8836920628687,dhaka,"৳110,000,000","Free School Street, Kathalbagan"
Grab This Flat Up For Sale In Proshanti R/a Near Janata Bank Limited,3.6456382867135937,2.9478753173634265,6,vacant,1137.3844952648676,chattogram,"৳6,500,000","Proshanti R/A, 10 No. North Kattali Ward"
Properly Built Flat Is Up For Sale In Mirpur Section 10 Nearby Mercantile Bank Limited,2.606316302253053,2.001614922962452,1,vacant,949.2743660009505,dhaka,"৳6,800,000","Section 10, Mirpur"
Suitable For Family Living A 1644 Sq Ft Flat Is Available For Sale In Sholokbahar,3.071783572153255,3.1386386940561835,1,vacant,992.4007570205627,chattogram,"৳9,864,000","Al-Madani Road, Sholokbahar"
"2050 Square Feet Flat Is Available For Sale In Bashundhara R-a, Block C",2.8315831765670616,2.0790073162676,6,vacant,881.7070433691786,dhaka,"৳21,525,000","Block C, Bashundhara R-A"
Check This Comfortable And Nice 650 Sq Ft Apartment For Sale At Mirpur Nearby Dutch-bangla Bank Limited | Atm Booth,,,,,,dhaka,"৳3,400,000","Section 12, Mirpur"
"Available For Sale In Double Mooring, A 1680 Sq Ft Lucrative Office Space",,,4,vacant,,chattogram,"৳30,000,000","28 No. Pathantooly Ward, Double Mooring"
"1650 SQ FT flat is now for sale in Khulshi, Khulshi Green Housing Society",,,8,vacant,,chattogram,"৳9,675,000","Yakub Future Park Housing, Khulshi"
1324 Sq Ft Large Flat For Sale In Hillview Residential Area,,,1,vacant,,chattogram,"৳9,400,000","Hillview Residential Area, 15 No. Bagmoniram Ward"
762 Sq Ft Nicely Planned Apartment Is Available For Sale In North Bashabo,,,,,,dhaka,"৳4,600,000","North Bashabo, Bashabo"
This 1270 Sq Ft Decent Apartment Is Ready For Sale At 26 No. North Halishahar Ward,,,7,vacant,,chattogram,"৳5,334,000","26 No. North Halishahar Ward, Halishahar"
This 1872 Sq.Ft Flat In Bijoy Rakeen City With A Convenient Price Is Up For Sale,,,5,vacant,,dhaka,"৳13,500,000","Section 15, Mirpur"
A Residential Building Of 5600 Sq Ft With 2.5 Katha Land Is Available For Sale In East Shewrapara,,,,vacant,,dhaka,"৳32,500,000","East Shewrapara, Mirpur"
"Buy This 1350 Sq Ft Amazing Flat In Gazipur, Joydebpur With Amazing Dwelling Characteristics",,,4,vacant,,gazipur,"৳4,500,000","Joydebpur, Gazipur Sadar Upazila"
We are offering you a very spacious 1090 SQ FT flat for Sale in Mirpur near to Holy Crescent School,,,1,vacant,,dhaka,"৳5,500,000","West Shewrapara, Mirpur"
Fill Up Your Days With Enjoyment By Buying This Peaceful Flat Of 950 Sq Ft In Mirpur,,,1,vacant,,dhaka,"৳4,275,000","East Shewrapara, Mirpur"
1440 Sq Ft Nice Apartment For Sale In Bakalia,,,6,vacant,,chattogram,"৳9,936,000","Dewan Bazar, Bakalia"
"1090 Sq Ft Apartment Is Available For Sale In Mirpur, West Shewrapara",,,6,vacant,,dhaka,"৳5,500,000","West Shewrapara, Mirpur"
Get This Cozy 1331 Sq Ft Flat For Sale In 4 No Chandgaon Ward- Chand Mia Road .,,,4,vacant,,chattogram,"৳7,600,000","Chand Mia Road, 4 No Chandgaon Ward"
Lucrative Office Space Of 3001 Sq.Ft Up For Sale In Double Mooring Near To Dutch-bangla Bank Limited.,,,7,vacant,,chattogram,"৳48,016,000","Commerce College Road, Double Mooring"
"Get Ready For Your Countless Peaceful Days With This 1096 Sq Ft Flat At 1st Colony, Mirpur Is Up To Sale",,,13,vacant,,dhaka,"৳6,600,000","1st Colony, Mirpur"
5 Katha Plot is now for sale in Bproperty Village Very Close To Rupganj Upazila Health Complex,,,,vacant,,narayanganj-city,"৳5,750,000","Rupganj, Narayanganj"
Look At This Nice 1563 Sq Ft Flat Is Up For Sale At West Khulshi,,,4,vacant,,chattogram,"৳9,200,000","West Khulshi R/A, 9 No. North Pahartali Ward"
"Apartment Of 1260 Sq Ft For Sale In Ashoktala, Near Agrani Bank Limited",,,6,vacant,,cumilla,"৳4,536,000","Nazrul Avenue, Ashoktala"
"Great Location! Check Out This 1239 Sq Ft Flat For Sale In Women Collage Road, Manoharpur",2.9548530107960223,3.0072566727058674,11,vacant,2890.557191887293,cumilla,"৳6,700,000","Manoharpur, Kandirpar"
"2187 Square Feet Apartment For Sale In Mohammadpur, Iqbal Road",2.674080787965769,2.9075005211290197,4,vacant,1877.8021857132535,dhaka,"৳39,366,000","Iqbal Road, Mohammadpur"
Buy This 110 Sq Ft Property As Your Shop Located At 9 No. North Pahartali Ward,,,5,vacant,,chattogram,"৳3,850,000","Dhaka Trunk Road, 9 No. North Pahartali Ward"
Residential Building For Sale In Lal Khan Bazaar Near CDA Avenue Mosque,,,1,vacant,,chattogram,"৳60,000,000","CDA Avenue, Lal Khan Bazaar"
1440 Sq Ft Ready Flat For Sale At Bayazid,,,3,vacant,,chattogram,"৳6,500,000","Hill View R/A, Bayazid"
A 1255 Sq.Ft Apartment For Sale In Mirpur Near Baitul Rahat Kendrio Jame Masjid,,,,,,dhaka,"৳5,020,000","Khilbari Tek, Badda"
"At Halishahar, 123 Sq Ft Well Fitted Shop is for sale Near To Halishahar Thana",,,1,vacant,,chattogram,"৳3,575,000","39 No. South Halishahar Ward, Halishahar"
Fairly Spacious Apartment Of 2200 Sq Ft Is Ready For Sale n 15 No. Bagmoniram Ward,,,2,vacant,,chattogram,"৳19,000,000","Mohammed Ali Road, 15 No. Bagmoniram Ward"
"Lovely Apartment Of 1262 Sq Ft Is Up For Sale In Dewan Bazar, Bakalia",,,7,vacant,,chattogram,"৳5,679,000","Dewan Bazar, Bakalia"
1200 Square Ft. And 3 Bedroom Residential Apartment For Sale At Mirpur 11 Close To Mercantile Bank Limited .,,,5,vacant,,dhaka,"৳5,800,000","Section 11, Mirpur"
"Looking For A Tasteful Home To Buy In Vashantek, Check This One",3.8462166065557986,3.960147720333055,3,vacant,4051.3543517807634,dhaka,"৳4,400,000","Vashantek, Cantonment"
A Beautiful Residential 10 Katha Plot Is Up For Sale At Rupganj Near Zinda Park,2.8877643656824827,2.960540205473694,,vacant,2173.7617833435306,narayanganj-city,"৳13,500,000","Rupganj, Narayanganj"
"Let Us Assist You To Buy This 900 Sq.Ft Flat At Sugandha Housing, Hemayetpur Summiting The Vision About Your Future Home.",4.2820016673798715,5.007336419146021,9,vacant,2404.276490227681,dhaka,"৳2,900,000","Hemayetpur, Savar"
Attention ! A 2009 Sq.ft Uttara - Sector 3 Apartment Is Up For Sale,3.118814272006956,3.1394798497288257,7,vacant,1808.695906802613,dhaka,"৳19,900,000","Sector 3, Uttara"
"Offering You An Excellent 1675 Sq Ft Flat For Sale In Shah Ali Bag, Mirpur",2.914565346903395,3.0794582745235934,9,vacant,2265.49023870558,dhaka,"৳9,712,500","Section 1, Mirpur"
Apartment Of 1500 Sq Ft For Sale In Hamjarbag,2.9476163191829285,2.903377878602887,3,vacant,2160.6708463152363,chattogram,"৳6,750,000","Hamjarbag, 7 No. West Sholoshohor Ward"
Ready 1400 Sq Ft Flat Is Now For Sale In Mirpur,2.6527986995558006,4.066377260552316,2,vacant,2232.9763367235887,dhaka,"৳8,000,000","1st Colony, Mirpur"
Buy This Great 1430 Sq Ft Apartment In 17 No West Bakalia Ward,3.086064777576789,4.0626493764081255,1,vacant,1958.993760428359,chattogram,"৳6,600,000","17 No West Bakalia Ward, Bakalia"
"An Amazing 1302 Sq Ft Apartment Is Up For Sale And All Set For You To Settle In Bakalia, Chattogram",3.610120447826518,3.921131598017685,7,vacant,3082.013494186063,chattogram,"৳5,859,000","Dewan Bazar, Bakalia"
Residential Plot For Sale In Purbachal Marine City,3.166557252639466,3.0830559488653666,,vacant,2032.2961704939723,narayanganj-city,"৳3,900,000","Rupganj, Narayanganj"
Ready Flat Of 1013 Sq Ft Is Now For Sale In South Agrabad,3.028495557041029,2.984308200719244,1,vacant,1209.628241372684,chattogram,"৳5,000,000","South Agrabad, Double Mooring"
In The Location Of Jhautola An Adequate 3 Bedroom House Is For Sale .,3.528818838590917,2.8620453220626247,9,vacant,1620.2782198017046,cumilla,"৳6,000,000","Shahid Khawaja Nizamuddin Road, Jhautola"
South Khulsi Is Offering A 3699 Sq Ft Flat For Sale To Pick It For Your Next Home.,32.75626973032429,10.044538593448845,9,vacant,16353.941613162415,chattogram,"৳33,000,000","South Khulshi, Khulshi"
Beautiful 612 SQ FT flat is available for sale in Mirpur 12,2.97725565813222,3.0212282878218493,3,vacant,472.73360164686403,dhaka,"৳2,900,000","Section 12, Mirpur"
Choose Your Destination At This Nice Flat Which Is Available For Sale In Uttara Near Uttara Model Town Post Office,18.398402855736013,9.977723241064105,4,vacant,11467.496514990862,dhaka,"৳8,800,000","Sector 3, Uttara"
Acquire This Flat For Your Next Residence In A Nice Location Of Bagmoniram Is Up For Sale.,3.263947217535192,2.99633546190479,5,vacant,780.2474904923665,chattogram,"৳10,500,000","Chatteshwari Road, 15 No. Bagmoniram Ward"
"Grab This 1260 Sq Ft Flat Available For Sale In Thakur Para, Madina Masjid Road",2.8457572337257915,2.9296422141921257,8,vacant,1329.0442581571963,cumilla,"৳6,800,000","Madina Masjid Road, Thakur Para"
"Plot For Sale In Rupganj Narayanganj, Bproperty Village",3.049619014248961,5.0596972579217745,,vacant,3547.5539286788517,narayanganj-city,"৳7,625,000","Rupganj, Narayanganj"
This 1915 Sq Ft Lovely Apartment Is Ready For Sale In Khulshi Green Housing Society,3.0004429487589754,2.995748641120217,2,vacant,1195.180193312539,chattogram,"৳11,490,000","Khulshi Green Housing Society, Khulshi"
"We Are Assisting You To Take A Tour Of This 1665 Sq Ft Apartment For Sale In Sholokbahar, Abdul Hamid Road",,,8,vacant,-236.12762365127338,chattogram,"৳7,000,000","Abdul Hamid Road, Sholokbahar"
"Near Senpara Jame Masjid, Apartment For sale In Mirpur",2.845210373845988,3.0349439889410923,7,vacant,1739.4481100864307,dhaka,"৳4,800,000","Section 10, Mirpur"
In An Urban Location This 4 Bedroom Home Is Vacant For Sale In Hill View R/A-Block A.,,,4,vacant,-310.44160320850796,chattogram,"৳12,200,000","Hill View R/A, Bayazid"
3474 Square Feet Spacious Apartment For Sale In Uttara-3,,,8,vacant,772.6370500919328,dhaka,"৳45,000,000","Sector 3, Uttara"
"Buy This 2000 Sq Ft Apartment In 26 No. North Halishahar Ward, Halishahar Housing Estate",3.0299360158408017,2.783771465977422,5,vacant,1117.950187553956,chattogram,"৳11,000,000","26 No. North Halishahar Ward, Halishahar"
Three Katha Residential Plot Is Available For Sale In Bproperty Village,,,,vacant,529.0357026905776,narayanganj-city,"৳4,575,000","Rupganj, Narayanganj"
We Bring You A Nice Residence Of 1200 Sq Ft For Sale In Mirpur -12,2.949616213578827,1.8813932199871857,5,vacant,104.17392435083048,dhaka,"৳6,600,000","Section 12, Mirpur"
Flat For Sale In Uttara Near Gausul Azam Jame Masjid,2.642192466401405,3.012971074409496,4,vacant,191.39812490800045,dhaka,"৳8,400,000","Sector 12, Uttara"
1801 SQ FT flat is now for sale which is in East Nasirabad,3.2190049550713757,3.036298758400584,1,vacant,1177.0383377426224,chattogram,"৳14,817,700","C & B Colony, East Nasirabad"
"Grab This Shop Arena Of 125 Sq Ft, Lucrative Enough For Your Business Endeavors In 9 No. North Pahartali Ward",3.080758944216248,3.058936264552407,2,vacant,329.9862720743736,chattogram,"৳4,375,000","Dhaka Trunk Road, 9 No. North Pahartali Ward"
950 Sq Ft Flat Featuring 3 Bedrooms For Sale In Malibagh,2.83915449786869,3.882194861918669,2,vacant,2555.745167637266,dhaka,"৳6,000,000","Gulbag, Malibagh"
"1445 Sq Ft Residential Apartment Is Available For Sale In Chotora, Cumilla",2.937834185662448,2.993624364131057,7,vacant,353.30533932488856,cumilla,"৳5,780,000","Mogbari Choumohoni, Chotora"
800 Sq Ft Residential Apartment Is On Sale In Firingee Bazaar Nearby Bridge Ghat Baitur Riduan Jame Masjid,2.66753318989111,3.1634259563501748,4,vacant,1180.8018713369177,chattogram,"৳4,000,000","Abhoy Mitra Lane, 33 No. Firingee Bazaar Ward"
In Mirpur 1100 SQ FT flat is available for sale which is now close to Life Aid Specialized Hospital,3.772824824972306,4.167734419068056,7,vacant,3749.2027520918027,dhaka,"৳4,950,000","Middle Monipur, Mirpur"
"Get This Well Defined 1600 Sq Ft Flat For Sale In Tajmahal Road, Mohammadpur",2.880850224285062,3.0966030726695997,3,vacant,1262.7202975137375,dhaka,"৳19,200,000","Tajmahal Road, Mohammadpur"
At Khilkhet Close To Kurmitola High School and College A 1125 Sq.Ft Residential Apartment For Sale,3.27215131338926,3.0330214844685055,7,vacant,385.18310138810045,dhaka,"৳5,925,000","School Road, Khilkhet"
"Explore This 2530 Sq Ft Apartment for Sale in 15 No. Bagmoniram Ward, Chattogram",2.858320792022514,2.9016569488653547,7,vacant,2464.0624815469146,chattogram,"৳29,095,000","Nasirabad, 15 No. Bagmoniram Ward"
1336 Sq Ft Serene Flat For Sale In 9 No. North Pahartali Ward,3.141836564876052,3.0703124007931923,4,vacant,676.5234528095075,chattogram,"৳8,000,000","West Khulshi R/A, 9 No. North Pahartali Ward"
"This 1110 Sq Ft Apartment Is Ready For Sale In Double Mooring, 12 No. Sarai Para Ward",1.8807383755119196,1.9845386618257774,4,vacant,781.7562030618437,chattogram,"৳4,440,000","12 No. Sarai Para Ward, Double Mooring"
"With An Awesome Environment A 1300 Sq Ft Flat Is Vacant For Sale In Uttar Cyabithy, Joydebpur",3.054931708794683,3.054844006017011,4,vacant,1153.9631396889342,gazipur,"৳5,200,000","Joydebpur, Gazipur Sadar Upazila"
Offering You A Nice Flat For Sale In Nasirabad Housing Society Near Southpoint School And College,2.968674438570979,2.938080429165075,,,2227.9557190606383,chattogram,"৳17,716,000","Nasirabad Housing Society, Muradpur"
Check This Nice 815 Sq Ft Flat For Sale At East Monipur Nearby Monipur Baitur Rowshon Jame Masjid,3.193421910474938,2.9830796320194253,6,vacant,1528.5637482188158,dhaka,"৳4,200,000","East Monipur, Mirpur"
"Get This Wonderful 3 Katha Plot In Bproperty Village, Which Is Ready For Sale",2.88151486310177,3.016060739842831,,vacant,953.8588291554163,narayanganj-city,"৳3,375,000","Rupganj, Narayanganj"
"Invest In This 3 Katha Plot Ready For Sale In Demra, Amulia Model Town",2.651613173350992,3.0240966918665655,,vacant,1229.6916450472,dhaka,"৳6,000,000","Amulia Model Town, Demra"
1100 Sq Ft Flat For Sale In Mirpur Section 6,2.6938351742636746,3.048307521167264,5,vacant,1363.2810052517145,dhaka,"৳8,000,000","Section 6, Mirpur"
1000 Square Feet Apartment For Sale Is Ready To Offer You A Suitable Home Experience In Mirpur,2.8821648436010885,2.9433295792244487,1,vacant,1911.242250943068,dhaka,"৳3,500,000","East Shewrapara, Mirpur"
115 Sq Ft Shop Is Up For Sale With Quality Features In 9 No. North Pahartali Ward,2.723276170410195,2.868568449043487,,vacant,946.0951667547422,chattogram,"৳3,450,000","Dhaka Trunk Road, 9 No. North Pahartali Ward"
"Well Organised Plot Is Ready For Sale In Bproperty Village, Narayanganj",3.090880696353576,3.1589745324823055,,vacant,2745.895856148174,narayanganj-city,"৳5,625,000","Rupganj, Narayanganj"
Let Us Assist You To Buy This Flat Of 2000 Sq Ft Summiting The Vision About Your Future Home,32.89681107928663,10.243557152504632,7,vacant,14282.597935589622,chattogram,"৳11,000,000","26 No. North Halishahar Ward, Halishahar"
A Commercial Shop Is Up For Sale In The Location Of Halishahar Near Navy Hospital,4.52608380199362,5.043777174604393,,vacant,2534.728556755959,chattogram,"৳4,400,000","39 No. South Halishahar Ward, Halishahar"
"See This 950 Sq Ft Apartment For Sale Is All Set For You In 12 No. Sarai Para Ward, Double Mooring",3.6150168536428193,4.870456079357446,5,vacant,1841.1154179947462,chattogram,"৳3,400,000","12 No. Sarai Para Ward, Double Mooring"
3 Bedroom And 3 Bathroom Apartment For Sale In South Agrabad.,4.045114049258605,4.924347941912809,2,vacant,1839.8693295115418,chattogram,"৳7,150,000","South Agrabad, Double Mooring"
Offering 1500 Sq Ft Flat For Sale In Niketan,3.750106890310121,5.049813806461067,1,vacant,2003.1637097201974,dhaka,"৳25,000,000","Block C, Niketan"
150 Sq Ft Shop For Sale In 9 No. North Pahartali Ward,3.8906890688672706,5.131219344181617,4,vacant,1945.267337706929,chattogram,"৳3,000,000","Dhaka Trunk Road, 9 No. North Pahartali Ward"
Verify This 1520 Sq Ft Apartment For Sale At East Nasirabad,4.031330872143893,4.881326626696199,7,vacant,2280.4133768271618,chattogram,"৳10,000,000","Al-Falah Housing Society, East Nasirabad"
1270 Sq Ft Apartment Is Up For Sale At 30 No. East Madarbari Ward Near M/s. Rainbow Cng Service Station Ltd,2.4848240379327775,2.9878348510225825,5,vacant,1610.1812124201406,chattogram,"৳6,604,000","Majhirghat Road, 30 No. East Madarbari Ward"
Grab This 1550 Square Feet Flat Up For Sale In Jhautola,3.052467801004694,3.01917066416687,11,vacant,2039.0649040283486,cumilla,"৳6,500,000","Shahid Khawaja Nizamuddin Road, Jhautola"
"5 Katha Plot Is Now Available For Sale In Rupganj, Kanchan, Purbachal American City",3.4215809109867408,4.084593316477068,,vacant,1328.2583154023034,narayanganj-city,"৳18,000,000","Rupganj, Narayanganj"
"1587 Sq Ft Flat Is Being Constructed For Sale In Motijheel, Gopibag",2.8995427078340152,3.966380892240319,6,vacant,1261.4831427291647,dhaka,"৳15,900,000","Gopibag, Motijheel"
Fascinating Shop At Chandgaon Ward Near Janali Hat Railway Station Is Ready For Sale,3.057559306022522,4.846991015219345,,vacant,1763.2393270646455,chattogram,"৳2,222,000","Mohara, 4 No Chandgaon Ward"
"Make This 925 Sq Ft Flat Your Next Residing Location, Which Is Up To Sale In Uttara Near City Bank",3.2270669644447607,3.0607800965469654,5,vacant,2798.177673858583,dhaka,"৳5,500,000","Sector 12, Uttara"
"Take A Look At This 854 Sq Ft Apartment Up For Sale In Bakalia Residential Area, Bakalia",1.9636768117887138,2.1100538891668457,6,vacant,1101.4612171782405,chattogram,"৳4,800,000","17 No West Bakalia Ward, Bakalia"
Worthy 1400 SQ FT residence is for sale at Bayazid,2.871290785083461,2.991918968543201,5,vacant,1389.9378364650206,chattogram,"৳7,000,000","Chattogram DOHS, Bayazid"
For Selling Purposes 2255 Square Feet Flat With 3 Balconies Is Available In Uttara-1,,,7,vacant,426.6017130990175,dhaka,"৳22,000,000","Sector 1, Uttara"
Residential Apartment For Sale in Aftab Nagar | 1350 SFT Apt. | Well Maintained,3.1420087191699944,2.953574153187812,2,vacant,631.52707343878,dhaka,"৳10,800,000","Block M, Aftab Nagar"
"A Nice Residential Plot Is For Sale At Bproperty Village, Rupganj .",,,,vacant,-620.2320090191762,narayanganj-city,"৳4,575,000","Rupganj, Narayanganj"
3 Katha plot is for sale in Fatulla,,,,vacant,987.3676603821791,narayanganj-city,"৳3,750,000","Kutubpur, Fatulla"
A Convenient 1400 Sq Ft Residential Flat Is Prepared To Be Sold At Shahjahanpur Nearby Dip-shikha Pre-cadet School,3.0280469531518945,3.037913920754057,,,1519.6601398675853,dhaka,"৳8,500,000","North Shahjahanpur, Shahjahanpur"
110 Square Feet Commercial Shop For Sale At 9 No. North Pahartali Ward,,,3,vacant,-404.1196304217077,chattogram,"৳3,850,000","Dhaka Trunk Road, 9 No. North Pahartali Ward"
"Situated In Dakshin Khan, 800 Sq Ft An Apartment Is Up For Sale Close To Haji Billet Ali School",49.88292947809525,10.146972090167546,5,vacant,24159.970490339103,dhaka,"৳4,000,000","Chalabon, Dakshin Khan"
A Well-constructed 2500 Sq Ft Flat Is For Sale In 31 No. Alkoron Ward,3.134321181130923,2.8967906136363855,8,vacant,867.7691114108753,chattogram,"৳17,500,000","Alkaran Road, 31 No. Alkoron Ward"
"At Bayazid, A 2000 Sq Ft Well Fitted Residential Property Is On Sale",1.7034871703428935,1.9459878594746243,11,vacant,616.2755325698296,chattogram,"৳13,000,000","Nasirabad, Bayazid"
Attention ! A 5 Katha Plot Is Now Available For Sale In Bproperty Village,2.2320281680253875,2.015452739702668,,vacant,1427.3277779866517,narayanganj-city,"৳7,625,000","Rupganj, Narayanganj"
"3 Katha Plot Is Now Available For Sale In Narayanganj, Bproperty Village",1.6903486808460881,1.9447856602912823,,vacant,876.7616716171508,narayanganj-city,"৳4,575,000","Rupganj, Narayanganj"
Visit this apartment for sale of 1316 SQ FT in Manoharpur near Comilla Victoria Government College,1.8531813716717902,2.076624760511353,9,vacant,2403.887319388692,cumilla,"৳5,658,800","Manoharpur, Kandirpar"
"Visit This 650 Sq Ft Flat For A Small Family Is Here Available For Sale In Section 6, Mirpur",3.4260204052719576,2.9816642184663413,5,vacant,2503.332033388869,dhaka,"৳3,500,000","Section 6, Mirpur"
A rightly planned 1325 SQ FT flat is found for sale in Mirpur near Islami Bank Hospital,3.249760567363825,2.9028871911234813,5,vacant,2140.951682726698,dhaka,"৳6,500,000","Section 11, Mirpur"
"To Live A Secure Life You Can Take This 1028 Sq Ft Flat For Sale At Munsef Bari Road, Kandirpar",3.0216237420305214,3.0064353259395973,9,vacant,1774.4873364855914,cumilla,"৳5,100,000","Manoharpur, Kandirpar"
Offering You A Nice Flat For Sale In Chatteshwari Road Near Chatteshwari Road,,,3,vacant,-54.64879050990464,chattogram,"৳8,500,000","Chatteshwari Road, 15 No. Bagmoniram Ward"
Deal with Your Business in 360 Sq Ft Office with a Convenient for sale in Shahjadpur,,,4,vacant,446.1643412990835,dhaka,"৳3,500,000","Shahjadpur, Badda"
Available In Middle Paikpara 1080 Square Feet Flat For Sale,,,2,vacant,-10.16897530541192,dhaka,"৳4,320,000","Middle Paikpara, Mirpur"
Vacant Now | 1185 Sq Ft | Three Bedrooms Apt. | Ready To Move,3.008313109694777,3.045120142155453,5,vacant,2732.228593880798,dhaka,"৳11,000,000","Lake Circus Road, Kalabagan"
Spaciously Designed And Strongly Structured This 2582 Sq.Ft Apartment Is Now Vacant For Sale In Baridhara .,,,,,443.5751722971757,dhaka,"৳22,000,000","Block J, Baridhara"
An Apartment For Sale In South Khulsi Near Ab Bank Limited,,,6,vacant,398.07006795295143,chattogram,"৳14,200,000","Zakir Hossain Road, Khulshi"
4.09 Katha Plot With Full Building For Sale In Eskaton,2.9525061224289093,2.92992266904013,1,vacant,1516.5602871262583,dhaka,"৳100,000,000","New Eskaton Road, Eskaton"
"Prominent Location And Splendid Outlook, This Open Floor Is Up For Sale In Mirpur Near To Life Aid Specialized Hospital Pvt. Ltd.",,,2,vacant,1183.4969371665186,dhaka,"৳11,600,000","East Monipur, Mirpur"
3 Katha Plot is now available for sale in Purbachal- Sector 17,2.8855692809389866,1.9674059320992423,,vacant,41.176616376438574,dhaka,"৳29,000,000","Sector 17, Purbachal"
1550 Sq Ft Flat Is Now To sale Which Is In Chawk Bazaar,3.202630999948544,3.1653380320877416,8,vacant,2387.554065651973,chattogram,"৳12,000,000","Panchlaish Residential Area, 16 No. Chawk Bazaar Ward"
A well-constructed 1335 SQ FT flat is for sale in Bakalia,2.6968514596045616,3.131323712108255,2,vacant,1222.8437842109352,chattogram,"৳5,340,000","18 No. East Bakalia Ward, Bakalia"
Are You In Hurry? No Worries! You Can Buy This 1390 Sq Ft Flat For Sale In Katalgonj,2.958004796963809,3.0619191479066727,3,vacant,477.8062191153043,chattogram,"৳11,000,000","Katalgonj, Panchlaish"
Check This 286 Sq Ft Shop Space Located In 4 No Chandgaon Ward Is Now Up For Sale,2.818387065620546,3.037030501424251,1,vacant,861.7995087794382,chattogram,"৳7,150,000","Chand Mia Road, 4 No Chandgaon Ward"
This 1250 Sq. Ft Apartment Is Ready To Sale In A Satisfactory Placement Like West Khulshi R/a .,3.024669205620918,2.991393785230702,1,vacant,280.4015111681449,chattogram,"৳6,500,000","West Khulshi R/A, 9 No. North Pahartali Ward"
1200 Square Feet Nice And Affordable Flat For Sale At Green View Residential Area .,2.9139000010447074,2.876607335327499,1,vacant,1724.823086470807,chattogram,"৳4,600,000","Green View Residential Area, 11 No. South Kattali Ward"
"Experience The Ultimate Luxury Lifestyle Here In Uttara-6, A 3218 Sq.Ft Home Is Up For Sale.",3.3273101711534108,2.978848969374811,1,vacant,604.4366028074999,dhaka,"৳27,500,000","Sector 6, Uttara"
110 Square Feet Commercial Shop For Sale At 9 No. North Pahartali Ward,3.1122313049205403,3.009921326519159,3,vacant,1331.6209521911221,chattogram,"৳3,850,000","Dhaka Trunk Road, 9 No. North Pahartali Ward"
A 3 Bedroom Apartment Is Up For Sale In Middle Monipur Near Monipur High School And College.,2.709375687137871,3.022450807247787,5,vacant,1953.3569064562555,dhaka,"৳5,400,000","Middle Monipur, Mirpur"
"This 1685 Sq Ft Apartment To Sale In Ghat Farhat Beg, Bakalia",3.1487076603702713,3.0459410461056344,2,vacant,745.115046611458,chattogram,"৳9,267,500","Dewan Bazar, Bakalia"
"Positioned At Thakur Para, 1350 Sq Ft Residential Apartment Is Quite Accessible For Owning",,,5,vacant,-4.530382106726847,cumilla,"৳5,130,000","South Thakur Para, Thakur Para"
156 Sq Ft Shop With Amazing Qualities For Sale In 9 No. North Pahartali Ward,2.8721689516154005,3.93227727530044,4,vacant,739.7317922035161,chattogram,"৳3,120,000","Dhaka Trunk Road, 9 No. North Pahartali Ward"
"Well built and properly designed residential flat of 3500 SQ FT in Gulshan 2 for sale, near Embassy of the Russian Federation in the People&amp;#039;s Republic of Bangladesh",,,,,4086.017873550726,dhaka,"৳59,000,000","Gulshan 2, Gulshan"
At Kazirhat 115 Sq Ft Shop Is Up For Sale,2.891055487828372,3.141956786095977,,vacant,3621.8291402174823,chattogram,"৳2,875,000","Mohara, 4 No Chandgaon Ward"
In Terry Bazar A 200 Square Feet Shop Is Ready And Vacant For Sale.,2.1978083411241616,2.0754354789615768,5,vacant,1493.6986584732426,chattogram,"৳4,600,000","Dewan Bazar, Bakalia"
1207 SQ FT flat is now for sale in Badda near to Southeast Bank,1.8284106485603926,1.961765632802019,6,vacant,857.5019892237466,dhaka,"৳12,870,000","Shahjadpur, Badda"
"View This Shop Space Of 110 Sq Ft, Appealing Enough For Your Next Business Deals In 9 No. North Pahartali Ward",2.862875070560854,2.9895100920783255,2,vacant,831.4627333180513,chattogram,"৳3,850,000","Dhaka Trunk Road, 9 No. North Pahartali Ward"
An Affordable 3 Bedroom Apartment Is Up For sell In West Khulshi R/A.,2.8545838698238684,2.9899501157069603,1,vacant,1539.3137119328512,chattogram,"৳7,646,400","West Khulshi R/A, 9 No. North Pahartali Ward"
Don’t Miss Out On This Attractive 3 Bedroom Flat For Sale In Middle Badda!,2.874685183831309,3.003089320251577,6,vacant,1643.3545629608116,dhaka,"৳9,600,000","Middle Badda, Badda"
"A 3 Katha Plot Is Up For Sale In The Beautiful Location Of Rupganj, Bproperty Village, Narayanganj",3.24352113096607,3.04624893247759,,vacant,1296.51377289514,narayanganj-city,"৳4,575,000","Rupganj, Narayanganj"
"5 Katha nice Plot for sale in Bproperty Village, Rupganj",3.1393070969244663,3.2480323715204262,,vacant,1919.3565275667613,narayanganj-city,"৳7,625,000","Rupganj, Narayanganj"
At 16 No. Chawk Bazaar Ward 1607 Sq Ft Splendid Flat For Sale,4.3788306810291,4.018566431777426,7,vacant,1325.55533028728,chattogram,"৳13,000,000","Chawk Bazar, 16 No. Chawk Bazaar Ward"
Nice-looking Apartment Including 3 Bedroom Is Ready To Sale In Kalamia Bazar,,,3,vacant,1422.5789074360055,chattogram,"৳5,100,000","18 No. East Bakalia Ward, Bakalia"
Plan The Calm Life You Always Desire About In This Flat Of 1150 Sq Ft For Sale In Mirpur-11,3.771649103329346,5.834989343620857,4,vacant,3223.039872957115,dhaka,"৳7,975,000","Section 11, Mirpur"
An Affordable 1050 Sq Ft Flat Is Ready For Sale At Chawk Bazaar Ward,,,14,vacant,795.9024664313075,chattogram,"৳6,000,000","Chawk Bazar, 16 No. Chawk Bazaar Ward"
"1500 Sq Ft Apartment To Sale In Khalifa Potty, Bakalia",2.7394179113676795,3.120231468020018,1,vacant,1601.2272038064339,chattogram,"৳8,250,000","Dewan Bazar, Bakalia"
"2200 Square Feet Flat Is Ready For Sale In Baridhara, Block J",2.8277247727974006,3.0393639156446803,8,vacant,1153.3960425118619,dhaka,"৳22,000,000","Block J, Baridhara"
Get This 555 Sq Ft Commercial Shop Ready For Sale At 22 No. Enayet Bazaar Ward,2.86040794734551,2.570553998218011,,vacant,60.6989652211289,chattogram,"৳35,000,000","Jubilee Road, 22 No. Enayet Bazaar Ward"
850 Sq Ft Flat For Sale In South Badda,2.765791913832395,3.065948738349445,1,vacant,1730.9723683500436,dhaka,"৳5,000,000","South Badda, Badda"
"Live Comfortably In This 1550 Sq Ft Residential Flat, Up For Sale In Mirpur, Baitur Rowshan Jame Masjid Road",2.7669589280847653,3.1876797732450317,1,vacant,934.7123137130525,dhaka,"৳8,600,000","Middle Monipur, Mirpur"
Flat For Sale At 24 No. North Agrabad Ward Near Hamidia Jame Masjid,,,1,vacant,1267.7451981154816,chattogram,"৳6,000,000","24 No. North Agrabad Ward, Double Mooring"
"1425 Square Feet Flat Is Available For Sale In Bashundhara R-a, Block D",2.730441301320735,3.1486620934237672,1,vacant,1190.1515582047134,dhaka,"৳19,950,000","Block D, Bashundhara R-A"
This 1800 Sq Ft Apartment With 3 Bedrooms Is Up For Sale At South Khulsi,2.186569582409145,1.7287823683632457,,vacant,2015.2637900324403,chattogram,"৳8,500,000","South Khulshi, Khulshi"
View This 240 Sq Ft Shop For Sale At Bakalia,3.7966756765442575,4.091777029020379,1,vacant,3281.457625574771,chattogram,"৳6,000,000","Dewan Bazar, Bakalia"
Take a Look at This 118 Sq Ft shop for sale in Chandgaon,3.622447843300675,2.999153788813199,1,vacant,710.9410452478166,chattogram,"৳2,360,000","Mohara, 4 No Chandgaon Ward"
900 Sq Ft Flat With 2 Bedrooms Is For sale At Bayazid,2.899997728835748,2.7700707686763115,7,vacant,582.5200068583083,chattogram,"৳5,000,000","Bangladesh Co-operative Housing Society, Bayazid"
Vacant Now | 1185 Sq Ft | Three Bedrooms Apt. | Ready To Move,3.015955196817728,3.043651652844176,5,vacant,1230.057387450149,dhaka,"৳11,000,000","Lake Circus Road, Kalabagan"
"1322 Sq Ft Nicely Planned Apartment Is Available For Sale In Shahjadpur, Badda",2.7130227678369603,3.1126021021801047,4,vacant,764.2012254998316,dhaka,"৳9,000,000","Shahjadpur, Badda"
156 Sq Ft Shop With Amazing Qualities For Sale In 9 No. North Pahartali Ward,3.377977243706237,3.0356039506078227,4,vacant,2599.9929447940503,chattogram,"৳3,120,000","Dhaka Trunk Road, 9 No. North Pahartali Ward"
Live With Your Family In This Cozy 650 Sq Ft Residential Flat For Sale In Mirpur-6,3.248020529752471,3.0572215387889203,4,vacant,2013.785498304673,dhaka,"৳2,800,000","Section 6, Mirpur"
Deal With This 1030 Sq Ft Apartment For Sale In Mirpur-7,3.065780425876178,2.9597201993580198,6,vacant,2312.3775428247955,dhaka,"৳6,000,000","Section 7, Mirpur"
This 1270 Sq Ft Amazing Apartment Is Ready For Sale At 26 No. North Halishahar Ward,2.7016217253385557,2.8178752519029437,6,vacant,1228.2711002703857,chattogram,"৳5,334,000","26 No. North Halishahar Ward, Halishahar"
"See This 1300 Sq Ft Apartment For Sale Is All Set For You In Taltola, Agargaon",3.046672334827957,3.067694345277296,2,vacant,1563.7517408777799,dhaka,"৳6,500,000","Taltola, Agargaon"
"Buy This Nice Flat Of 1250 Sq Ft, Which Is Located At Darussalam, Mirpur",2.751551806190431,3.1712019156209195,8,vacant,1080.342473639894,dhaka,"৳6,250,000","Darussalam, Mirpur"
Stunning 2553 Square Feet Apartment For Sale In Uttara 5,,,7,vacant,871.6813012982001,dhaka,"৳38,000,000","Sector 5, Uttara"
5200 Square Feet Residential Buildings For Sale In West Shewrapara,,,,vacant,325.7514826080878,dhaka,"৳40,000,000","West Shewrapara, Mirpur"
A Modern Well-planned Flat Of 1075 Sq Ft Is Up For Sale In 31 No. Alkoron Ward,,,5,vacant,-360.03538666146255,chattogram,"৳5,500,000","Alkaran Road, 31 No. Alkoron Ward"
"Buy This 350 Square Feet Apartment In Bashundhara R-a, Block C",,,3,vacant,1152.5521021070786,dhaka,"৳5,500,000","Block C, Bashundhara R-A"
"In The Location Of Firingee Bazaar, An Apartment Is For Sale Near Firingee Bazaar Temple",2.7821284469258876,2.844137826602177,1,vacant,1053.5809477129142,chattogram,"৳8,040,000","Kobi Kazi Nazrul Islam Road, 33 No. Firingee Bazaar Ward"
1100 SQ FT flat is now for sale in Mirpur near to Life Aid Specialized Hospital,,,3,vacant,-154.44731863654027,dhaka,"৳4,950,000","Middle Monipur, Mirpur"
"850 Sq Ft Flat For Sale In Taltola, Khilgaon",,,2,vacant,-1576.7548561880994,dhaka,"৳5,500,000","Taltola, Khilgaon"
"Plan Your Urban Life In This 1250 Sq Ft Flat For Sale In Mirpur, East Kazipara",,,2,vacant,7382.22080126035,dhaka,"৳7,600,000","East Kazipara, Mirpur"
"Appealing Property In 2nd Colony, Mirpur – 1375 Sq Ft Flat For Sale",,,6,vacant,1220.8593268452614,dhaka,"৳7,000,000","2nd Colony, Mirpur"
"At Halishahar, 163 Sq Ft Well Fitted Shop is for sale Near To Halishahar Thana",,,1,vacant,1220.2044280371113,chattogram,"৳4,575,000","39 No. South Halishahar Ward, Halishahar"
Check This 1145 Sq.Ft Apartment Which Is Up For Sale At Bakalia Near To Abdul Hamid Sawdagar High School.,,,7,vacant,5757.301280289985,chattogram,"৳3,400,000","6 No East Sholoshohor Ward, Bakalia"
"Buy This Great 1290 Sq Ft Residential Flat In Mirpur-1, North Bishil",,,2,vacant,-221.56425826555483,dhaka,"৳6,500,000","Section 1, Mirpur"
See This Comfortable 1000 Sq.Ft Flat Is Available For Sale In 6 No East Sholoshohor Ward. And This Is Just What You Are Looking For In A Home!,2.998248788836019,2.809224775757409,5,vacant,1027.3306779490906,chattogram,"৳4,000,000","6 No East Sholoshohor Ward, Bakalia"
Exquisite Flat For Sale In Bashundhara Nearby Ebenzer International School,3.060668597939966,2.967490332776231,1,vacant,1634.0508092078658,dhaka,"৳11,500,000","Block D, Bashundhara R-A"
1150 Sq.ft Apartment Is Available For Sale In West Manikdi Which Is Tailored To Your Highest Standards,2.9333669081728755,3.000722571159219,7,vacant,1740.0634690059449,dhaka,"৳6,700,000","Manikdi, Cantonment"
"Well Organised 3 Katha Plot Is Ready For Sale In Bproperty Village, Rupganj",2.589661558549068,3.016510842603874,,vacant,1215.8052715429114,narayanganj-city,"৳4,575,000","Rupganj, Narayanganj"
Buy This 1225 Square Feet Flat Available In Bashundhara R-a,2.9278429935907417,3.0370706145598567,3,vacant,2751.7274324842674,dhaka,"৳11,000,000","Bashundhara Road, Bashundhara R-A"
An Exemplary Flat For You Is Offered By Us Near To NCC Bank Limited,2.927486898762322,4.023897448578883,2,vacant,1752.4186724456706,dhaka,"৳22,500,000","Block B, Bashundhara R-A"
"1200 Sq Ft Nice Apartment For Sale In East Kazipara, Mirpur",2.967195199746268,3.974135707397918,7,vacant,1496.2075193033238,dhaka,"৳7,700,000","East Kazipara, Mirpur"
Grab This 2140 Sq Ft Residential Flat Up For Sale In Badda,2.8751653448445658,5.0280022932720865,5,vacant,2119.5438349586498,dhaka,"৳16,000,000","Nurer Chala, Badda"
1500 Sq Ft Flat Is Available For Sale At Pahartali,2.901852575154374,3.0980422417470277,11,vacant,1380.9802948517,chattogram,"৳4,950,000","12 No. Sarai Para Ward, Double Mooring"
1690 Sq Ft Beautiful Apartment Is Ready For Sale At 24 No. North Agrabad Ward,1.9912032450260453,1.990656141468229,8,vacant,1112.2109645143244,chattogram,"৳8,400,000","24 No. North Agrabad Ward, Double Mooring"
Your Desired Large 2 Bedroom Home In Mohammadpur Very Close To Mohammadpur Police Camp Is Now Vacant For Sale,3.098023902439526,4.03107457174264,2,vacant,930.8473204016359,dhaka,"৳5,100,000","Bash Bari Road, Mohammadpur"
"Offering You 650 Sq Ft Flat For Sale In Mirpur, Rupnagar R/a.",3.9325555684875617,3.9817843856744353,5,vacant,630.8025295180901,dhaka,"৳3,200,000","Rupnagar R/A, Mirpur"
Flat For Sale In Mohammadpur Near Mohammadpur Girls&#039; High School,2.909244053202813,2.9367188927450716,8,vacant,-66.24581371520026,dhaka,"৳5,800,000","Nurjahan Road, Mohammadpur"
Apartment Of 1500 Sq Ft For Sale In Hamjarbag,3.0204606373943625,3.0511603372455083,3,vacant,1294.4934030587206,chattogram,"৳6,750,000","Hamjarbag, 7 No. West Sholoshohor Ward"
"Check This 5 Katha Nice Plot Is Up For Sale At Narayanganj, Bproperty Village",2.5744293918528176,2.9456747922162374,,vacant,2293.791740101834,narayanganj-city,"৳7,625,000","Rupganj, Narayanganj"
"Select This 1250 Square Feet Apartment Up For Sale In Mohammadpur, Shekhertek",3.1056850674538112,3.037781935177413,3,vacant,1229.4622256525822,dhaka,"৳7,500,000","Shekhertek, Mohammadpur"
Set Up Your New 115 Sq.ft Office In The Location Of Jamal Khan For Sale,,,1,vacant,27747.755166985626,chattogram,"৳1,350,000","Momin Road, Jamal Khan"
240 Sq Ft Commercial Office Is Up For Sale At Bakalia,,,5,vacant,3145.250759888876,chattogram,"৳5,520,000","Dewan Bazar, Bakalia"
"Well Constructed 1628 Sq Ft Flat For Sale In South Khulsi, Near Khulshi Town Center",4.212846527033869,3.9678933815570137,5,vacant,2886.440494246973,chattogram,"৳13,000,000","South Khulshi, Khulshi"
110 Sq Ft Nice Shop For Sale In 9 No. North Pahartali Ward,,,1,vacant,2418.965716732118,chattogram,"৳3,850,000","Dhaka Trunk Road, 9 No. North Pahartali Ward"
"Buy This 1310 Square Feet Flat In The Prominent Location Of Bashundhara R-a, Block J",,,2,vacant,-273.10518405981674,dhaka,"৳9,825,000","Block J, Bashundhara R-A"
Express Your Individuality At This 1300 Sq.ft Apartment Which Is Vacant For Sale In The Location Of Uttar Cyabithy .,,,8,vacant,110.39656531608581,gazipur,"৳5,200,000","Joydebpur, Gazipur Sadar Upazila"
850 Sq Ft Ready Comfortable Flat For Sale At Bayazid Close To Bangla Bazar Boro Pahar Jame Mosjid,2.9984232915536237,3.02265533433189,1,vacant,818.6859168963505,chattogram,"৳3,900,000","Bangla Bazar, Bayazid"
"2119 Sq Ft Apartment For Sale In Bashundhara R-a, Near North South University",,,8,vacant,-218.24306070434739,dhaka,"৳19,000,000","Block B, Bashundhara R-A"
Buy This 6357 Square Feet Flat In West Dhanmondi,2.8976177469449813,2.9480004366707315,6,vacant,1793.607788984661,dhaka,"৳29,000,000","West Dhanmondi and Shangkar, Dhanmondi"
"An apartment is ready for sale at Enayet Bazaar Ward, near United Commercial Bank Limited",,,3,vacant,818.2511485183927,chattogram,"৳8,000,000","Goaltuli Lane, 22 No. Enayet Bazaar Ward"
"An Apartments Of 2000 Sq Ft Is Available For Sale In The Most Prime Location Of Sector 11, Uttara",,,5,vacant,-842.239864035791,dhaka,"৳20,000,000","Sector 11, Uttara"
Make Your Dream Of Owning A Decent 1396 Sq.Ft Apartment At Nadda Kacha Bazar Road In The Downtown To Count.,,,8,vacant,-336.9407475281402,dhaka,"৳11,500,000","Nadda Kacha Bazar Road, Nadda"
This 1500 Sq.Ft Convenient Flat Is For Sale Beside To Jhawtola Central Jame Mosque.,,,6,vacant,-123.55902088412762,cumilla,"৳6,000,000","Shahid Khawaja Nizamuddin Road, Jhautola"
Available At 29 No. West Madarbari Ward A 2 Bedroom Residential Apartment For Sale.,,,1,vacant,516.9464133013086,chattogram,"৳3,200,000",29 No. West Madarbari Ward
See This Flat Of 1000 Sq Ft As Your Dream Home Located In Double Mooring,,,3,vacant,793.6941187020184,chattogram,"৳4,000,000","12 No. Sarai Para Ward, Double Mooring"
An Adequate 1145 Sq Ft Residential Apartment Is Up For Sale In The Center Of Bakalia .,4.270668697397971,4.1341499288192765,7,vacant,3265.9145875982967,chattogram,"৳5,700,000","6 No East Sholoshohor Ward, Bakalia"
Look At This 138 Square Feet Commercial Shop For Sale At Enayet Bazaar Beside To Standard Bank Limited,3.1427991260193093,3.0587789640262204,,vacant,1269.4354742491603,chattogram,"৳10,350,000","Jubilee Road, 22 No. Enayet Bazaar Ward"
"An Apartment Up For Sale Is Located At Sholoshohor, Near To Sunnia Madrasha",2.8051190280009783,2.9123236023347636,7,vacant,1299.5266949780635,chattogram,"৳3,705,000","Jangalpara, 7 No. West Sholoshohor Ward"
2500 Square Feet Ready Flat For Sale In Panchlaish Residential Area,2.149276231205028,2.1772206327637833,1,vacant,1454.6088397740662,chattogram,"৳17,500,000","Panchlaish Residential Area, 16 No. Chawk Bazaar Ward"
Are you in hurry? No worries! You Can Take This 1250 Sq Ft Flat for Sale in East Shewrapara,4.19064663174949,2.965586592752342,4,vacant,1088.9697525264976,dhaka,"৳9,000,000","East Shewrapara, Mirpur"
2700 Square Feet Apartment For Sale In Gulshan 1,3.3453489919171844,2.973677591376913,3,vacant,1265.0715788649463,dhaka,"৳55,000,000","Gulshan 1, Gulshan"
In Mirpur 1100 SQ FT flat is available for sale which is now close to Life Aid Specialized Hospital,,,7,vacant,13749.942779435865,dhaka,"৳4,950,000","Middle Monipur, Mirpur"
Beautiful and well-constructed 1300 SQ Ft apartment is ready for sale at Bayazid nearby Surma Colony Jame Mosjid.,,,,,-1464.5260221135886,chattogram,"৳6,000,000","Hill View R/A, Bayazid"
1300 Sq Ft Flat Is Now Vacant For Sale In Shyampur,,,6,vacant,179.24705915115584,dhaka,"৳8,000,000","West Dolairpar, Shyampur"
Buy This Nice 2000 Square Feet Flat In Nasirabad,,,9,vacant,0.12894561340871746,chattogram,"৳13,000,000","Nasirabad, Bayazid"
"Buy This 1740 Sq Ft Apartment In Mirpur-2, Borobag",,,7,vacant,890.9067839667931,dhaka,"৳11,300,000","Section 2, Mirpur"
Well Defined Flat Of 1300 Sq Ft In Nasirabad Is Available For Sale,,,2,vacant,113.30792768001282,chattogram,"৳4,700,000","Nasirabad, Bayazid"
"1850 Sq Ft Apartment Is Ready For Sale In Aftab Nagar, Block E, Sector 1",,,2,vacant,-635.9755605496275,dhaka,"৳14,800,000","Block E, Aftab Nagar"
Nice 1250 Sq Ft Flat Is Available For Sale In 9 No. North Pahartali Ward,,,6,vacant,-50.502556131910126,chattogram,"৳5,600,000","Akbarshah Railway Colony, 9 No. North Pahartali Ward"
"Have A Look At This 2540 Sq Ft Apartment In 15 No. Bagmoniram Ward, Nasirabad",3.048648090080452,3.1119909320027137,4,vacant,315.1389109625229,chattogram,"৳29,210,000","Nasirabad, 15 No. Bagmoniram Ward"
"Grab This Three Katha Plot Is Available For Sale In Narayanganj, Bproperty Village",2.9426848273641366,3.058591986197939,,vacant,520.4314572725676,narayanganj-city,"৳4,575,000","Rupganj, Narayanganj"
Rarely Available A 1155 Sq Ft Apartment Is Up For Sale At Halishahar Nearby Khan Bari Baitush Sharaf Jame Mosque,3.3275062990540176,3.001987004907915,,,1782.8873847609386,chattogram,"৳3,696,000","26 No. North Halishahar Ward, Halishahar"
"Ready apartment 650 SQ FT is now for sale in Block C, Mirpur",3.8004555456026066,3.902652206801462,1,vacant,2850.979315780905,dhaka,"৳4,000,000","Section 12, Mirpur"
Available At 28 No. Pathantooly Ward A 1230 Sq.Ft Residential Apartment For Sale,,,7,vacant,775.8040127748972,chattogram,"৳16,605,000","28 No. Pathantooly Ward, Double Mooring"
Office For Sale In Jhautola Close To Jhautola Jame Masjid,3.002433792968081,3.0990971613605183,1,vacant,-360.0372266904408,cumilla,"৳5,000,000","Shaheed Shamsul Haque Sarak, Jhautola"
"Nearly Finished Apartment Is Up For Sale In Mirpur Section 10, Near To Darland International School",2.1947284600328185,2.0421430470781936,2,vacant,860.91890087738,dhaka,"৳4,702,500","Section 10, Mirpur"
Worthy 1000 SQ FT Residential Apartment is for sale at Gazipur,,,1,vacant,-129.49256820984965,gazipur,"৳4,000,000","Tongi, Gazipur Sadar Upazila"
View This Nice 1800 Square Feet Flat For Sale At Bayazid,,,7,vacant,695.8913092317498,chattogram,"৳12,500,000","Nasirabad, Bayazid"
"Good-looking Flat Is Vacant For Sale In Dewan Bazar, Which Is 1253 Sq Ft",,,1,vacant,534.3343159254684,chattogram,"৳5,638,500","Dewan Bazar, Bakalia"
"Start Residing In This 1230 Sq Ft, Properly Developed Apartment For Sale, In West Shewrapara",3.007243485624213,2.693563707129133,6,vacant,1656.951906713165,dhaka,"৳5,000,000","West Shewrapara, Mirpur"
Obtain This Well Fitted Flat Of 1510 Sq Ft Which Is Up For Sale In Shantibag R/a,2.7522441871049956,3.037458935234563,8,vacant,2328.687514991509,chattogram,"৳7,000,000","24 No. North Agrabad Ward, Double Mooring"
"A Plot Which Is Up For Sale In Bproperty Village, Rupganj",2.914804587760849,3.2514891048448242,,vacant,828.2303901117464,narayanganj-city,"৳4,575,000","Rupganj, Narayanganj"
Shop for Sale in Chandgaon nearby EBL,3.1465254750055394,2.8524155822639647,,vacant,2384.3757810149696,chattogram,"৳2,580,000","Mohara, 4 No Chandgaon Ward"
"Buy This 1350 Sq Ft Amazing Flat In Gazipur, Joydebpur With Modern Dwelling Advantages",2.857868987312018,2.9763835859671475,8,vacant,798.873945647394,gazipur,"৳4,500,000","Joydebpur, Gazipur Sadar Upazila"
"In The Location Of Bproperty Village, This 5 katha Large Residential Plot Is Up For Sale",3.0512395309682985,2.999225961634514,,vacant,756.7795935939351,narayanganj-city,"৳5,000,000","Rupganj, Narayanganj"
"9900 Sq Ft Residential Building For Sale In Mirpur, East Kazipara",3.933682982307495,3.954739313328778,,vacant,1953.5239330425513,dhaka,"৳37,000,000","East Kazipara, Mirpur"
In The Location Of West Bagichagoun An Adequate 985 Sq.Ft House Is For Sale Near By Diabetic Hospital.,4.148904017070254,4.101402405020715,8,vacant,593.4054518054769,cumilla,"৳3,940,000","West Bagichagoun, Bagichagaon"
935 Sq Ft Flat Ready For Sale In South Pirerbag,3.105262566592996,2.0462262251827217,3,vacant,1845.0868198510652,dhaka,"৳6,610,000","Pirerbag, Mirpur"
Visit This Plot For Sale In Purbachal Marine City,2.8467050848457465,2.01490159001223,,vacant,1661.0404083198127,narayanganj-city,"৳6,500,000","Rupganj, Narayanganj"
"Plot Is Of 5 Katha For Sale In Narayanganj, Bproperty Village",22.96263593409156,10.078007877694807,,vacant,9795.782901640252,narayanganj-city,"৳7,625,000","Rupganj, Narayanganj"
"We Have A Nice Plot Which Is Ready For Sale In Narayanganj City, Bproperty Village",3.2312368316226636,3.0016389467394355,,vacant,1124.1854751615504,narayanganj-city,"৳7,625,000","Rupganj, Narayanganj"
"1800 Square Feet Flat With Great Rooms For Sale At Bayazid, Nasirabad",3.0871509427603163,3.3111288312323337,5,vacant,1333.7690525992575,chattogram,"৳12,500,000","Nasirabad, Bayazid"
"An Amazing 1302 Sq Ft Apartment Is Up For Sale And All Set For You To Settle In Bakalia, Chattogram",2.69050910325571,2.014808302286064,7,vacant,1506.8281826810023,chattogram,"৳5,859,000","Dewan Bazar, Bakalia"
"View This 1050 Square Feet Commercial Space For Sale In Mirpur, Section 11",,,,vacant,-281.2411809645167,dhaka,"৳19,400,000","Section 11, Mirpur"
Buy This 1375 Sq Ft Apartment In Mirpur-6,2.759709211647053,2.832641948424388,5,vacant,774.5162127076796,dhaka,"৳12,100,000","Section 6, Mirpur"
Grab This 1493 Sq Ft Residential Apartment For Sale In Bakalia,,,2,vacant,485.84003389172125,chattogram,"৳9,800,000","17 No West Bakalia Ward, Bakalia"
Well Defined Flat Of 1200 Sq Ft Is Up For Sale In 33 No. Firingee Bazaar Ward,,,1,vacant,132.35432363287018,chattogram,"৳6,000,000","Yakub Nagar Road, 33 No. Firingee Bazaar Ward"
Adopt Your Destination At 1375 Sq Ft House Which Is Available For Sale In Lal Khan Bazaar,,,5,vacant,-89.40345549646042,chattogram,"৳8,562,500","Hill Side Residential Area, Lal Khan Bazaar"
"Be Satisfied In This 1180 Sq Ft Amazing Flat For Sale In Mirpur, Kallyanpur",,,6,vacant,106.12322618282994,dhaka,"৳5,500,000","Kallyanpur, Mirpur"
"Get This 1860 Sq Ft Apartment, Up For Sale In Muradpur, Nasirabad Housing Society",,,1,vacant,1116.7096556092788,chattogram,"৳13,820,000","Nasirabad Housing Society, Muradpur"
A 3 Bedroom Apartment Which Is Up For Sale At Dhanmondi Near To Eastern University.,,,,,-161.91513165578624,dhaka,"৳29,300,000","Road No 5, Dhanmondi"
An Office Space Of 150 Sq.Ft Is Vacant For Sale In Bahaddarhat Near To Bahaddarhat Jame Masjid,3.9178557015752085,4.004146724552811,6,vacant,1353.6118677993124,chattogram,"৳3,100,000","CDA Avenue, Sholokbahar"
We Are Offering You A Very Spacious 1960 Sq Ft Flat For Sale In Gulshan 1,3.0521894851085967,2.9671124177992065,3,vacant,521.2781837340679,dhaka,"৳39,000,000","Gulshan 1, Gulshan"
2400 Sq Ft Ready Flat For Sale In Uttara-7,3.1931732844846845,2.8181591756626476,9,vacant,1524.4826853868105,dhaka,"৳26,000,000","Sector 7, Uttara"
200 Sq Ft Commercial Shop Is Ready To Sale At Bakalia,1.8755341922224773,2.0442500921378564,1,vacant,1495.7671875881815,chattogram,"৳5,000,000","Dewan Bazar, Bakalia"
A well-constructed 2415 SQ FT flat is for sale in Bashundhara R-A,2.8634851658218654,3.0647014212312977,6,vacant,1725.8028369514727,dhaka,"৳25,500,000","Block A, Bashundhara R-A"
At Bayazid Bostami Road A 1000 Square Ft. Residential Apartment For Sale .,2.7353934978986447,2.8256691906329983,3,vacant,1291.200260186133,chattogram,"৳8,000,000","Bayazid Bostami Road, 15 No. Bagmoniram Ward"
Visit This 2343 Sq Ft Flat For Sale In Uttara Sector 6.,2.7641706709709815,3.1110065400582276,4,vacant,2003.8822661056965,dhaka,"৳22,000,000","Sector 6, Uttara"
"We Have This 820 Sq Ft Apartment Ready For Sale At Mirpur, Near Life Aid Specialized Hospital Pvt. Ltd.",2.594926933483045,3.074918272425747,1,vacant,1848.5606088127424,dhaka,"৳3,700,000","East Monipur, Mirpur"
Notable 1550 SFT Ready Apartment For Sale In 4 No Chandgaon Ward,4.161690408933394,4.11078966950596,7,vacant,2170.543825189325,chattogram,"৳7,300,000","Shamsher Para, 4 No Chandgaon Ward"
Flat For Sale In Mirpur Section 6 Near Mosque,4.400757186393619,4.057094093303334,1,vacant,2093.0346660069727,dhaka,"৳3,100,000","Section 6, Mirpur"
Graceful Flat Of 1410 Sq Ft Is Prepared For sale In West Khulshi,3.3157754574811817,2.0639585548076287,8,vacant,2445.8996071843044,chattogram,"৳8,800,000","West Khulshi, 9 No. North Pahartali Ward"
5 Katha nice Plot is now for sale in Bproperty Village,2.63974802051735,2.0509491159704303,,vacant,1497.7611918465707,narayanganj-city,"৳6,000,000","Rupganj, Narayanganj"
"Buy This Nice Flat Of 1050 Sq Ft, Which Is Located At Shiddheswari Lane",23.160588414742172,10.084974306073738,2,vacant,8350.4578891013,dhaka,"৳10,000,000","Shiddheswari Lane, Shiddheswari"
Deal with Your Business in 360 Sq Ft Office with a Convenient for sale in Shahjadpur,3.315061505830819,2.822046511418601,4,vacant,1559.8853617773498,dhaka,"৳3,500,000","Shahjadpur, Badda"
"This 2200 SQ Ft apartment up for sale in Chawk Bazaar Ward, near Chittagong Grammar School Lower",2.898795726200219,2.853131204542078,1,vacant,1770.277203210555,chattogram,"৳15,000,000",16 No. Chawk Bazaar Ward
"This 1445 Sq.Ft Smartly Priced Apartment Which Is Up For Sale In Mogbari Choumohoni, That You Should Check.",3.0224752391162517,1.92798646654011,5,vacant,2145.9099684075723,cumilla,"৳5,750,000","Mogbari Choumohoni, Chotora"
This Small 550 Square Feet Commercial Floor For Sale Very Close To Kuril Kazibari Jame Mosjid,2.555159986334523,2.9872979498262184,1,vacant,2321.9674372517006,dhaka,"৳8,000,000","Pragati Soroni, Kuril"
1040 Sq Ft Properly Developed Flat For Sale In Rajanigandha Residential Area,3.0590942433713066,3.037976645775766,1,vacant,2572.1319674075676,dhaka,"৳6,500,000","Section 15, Mirpur"
"This 2200 SQ Ft apartment up for sale in Chawk Bazaar Ward, near Chittagong Grammar School Lower",2.764372945866719,3.031767964844643,1,vacant,1697.457184282094,chattogram,"৳15,000,000",16 No. Chawk Bazaar Ward
A Convenient 9150 Sq Ft Residential Full Building Is Prepared To Be Sold At Bayazid,3.044228274040929,3.1093014581919354,,vacant,1437.856595442534,chattogram,"৳32,000,000","Shahid Nagar, Bayazid"
"Picture Yourself, Residing In This Well-constructed And Planned 1450 Sq Ft Apartment In Bashundhara R-a Which Is Now For Sale",2.6541222507031605,3.1123727131074506,6,vacant,740.5584812150978,dhaka,"৳12,000,000","Block E, Bashundhara R-A"
"See This Residential Plot Is Available For Sale At Bproperty Village, Rupganj",3.120267889715667,2.9146428534668902,,vacant,1735.6257569017891,narayanganj-city,"৳5,625,000","Rupganj, Narayanganj"
5 Katha Plot In Bproperty Village Is Up For Sale,3.226976348344162,3.023343103626225,,vacant,667.121040579797,narayanganj-city,"৳7,625,000","Rupganj, Narayanganj"
Checkout This 1340 Sq Ft Apartment Up For Sale In 22 No. Enayet Bazaar Ward,,,6,vacant,327.43313194882984,chattogram,"৳7,370,000","Jubilee Road, 22 No. Enayet Bazaar Ward"
See This Nicely Planned 1200 Sq Ft Flat Which Is Up For Sale In Jhautola Nearby Medi Hospital Private Ltd..,,,7,vacant,232.84376919661753,cumilla,"৳4,750,000","Shaheed Shamsul Haque Sarak, Jhautola"
Buy This 1485 Sq Ft Apartment In 10 No. North Kattali Ward,2.5223424278864552,5.031485169542477,8,vacant,1906.2158047133175,chattogram,"৳8,000,000","Proshanti R/A, 10 No. North Kattali Ward"
A Residential Building Of 5600 Sq Ft With 2.5 Katha Land Is Available For Sale In East Shewrapara,,,,vacant,110.35900731123434,dhaka,"৳32,500,000","East Shewrapara, Mirpur"
Buy This Amazing 1050 Sq Ft Apartment At Mirpur,,,3,vacant,757.3423657196613,dhaka,"৳4,800,000","2nd Colony, Mirpur"
&#039;At South khulsi 1450sqf ready flat for sale&#039;,2.6563783632261555,3.0554193646986914,,,359.32078468509053,chattogram,"৳7,500,000","Road No 1, South Khulsi"
"A Suitable 1337 Sq Ft Flat For Sale At Double Mooring, 24 No. North Agrabad Ward",,,8,vacant,9314.469645855559,chattogram,"৳7,754,600","24 No. North Agrabad Ward, Double Mooring"
"Buy This 1100 Sq Ft Flat In Cantonment, Matikata",2.900311009723594,3.1885804572506147,2,vacant,2602.4907047523398,dhaka,"৳6,000,000","Matikata, Cantonment"
7.5 Katha Plot Is Now Available For Sale In Bason-Gazipur Sadar Upazila,2.761675354993426,2.9660061444797465,,vacant,2761.6896278879844,gazipur,"৳4,400,000","Bason, Gazipur Sadar Upazila"
1360 SFT Flat is Ready To Sale At Uttara Sector 4.,2.877136884155892,3.0129661505303846,1,vacant,1621.0009923508715,dhaka,"৳13,000,000","Sector 4, Uttara"
1592 Square Feet -3 Bedroom Residential Apartment For Sale At 16 No. Chawk Bazaar Ward.,3.237342883151249,2.9523389209519815,7,vacant,2265.128868135856,chattogram,"৳8,560,000","Munshi Pukur Par, 16 No. Chawk Bazaar Ward"
1685 Sq Ft Apartment To Sale In Bakalia Beside To Majid Sawdagor Masjid,,,2,vacant,211.782618652729,chattogram,"৳9,267,500","Dewan Bazar, Bakalia"
"1275 Square Feet Flat Is Available For Sale In Bashundhara R-a, Block J",,,6,vacant,151.72467964947407,dhaka,"৳12,500,000","Block J, Bashundhara R-A"
5040 Sq. Ft Apartment Which Is Up For Sale At Bashundhara R-a Near To Ebenzer International School.,3.1371600368674524,3.014626036334054,9,vacant,1318.9687921832428,dhaka,"৳54,000,000","Block C, Bashundhara R-A"
Have A Look At This 1253 Sq Ft Property Which Is Up For Sale Located At Dewan Bazar,2.742804981402503,3.117782168279667,2,vacant,1398.0754694941716,chattogram,"৳5,638,500","Dewan Bazar, Bakalia"
"Buy This 1439 Sq Ft Apartment In Bashundhara R-a, Block B",3.007171455692819,3.057252048364848,3,vacant,608.6357329609856,dhaka,"৳13,000,000","Block B, Bashundhara R-A"
A 150 Sq.Ft Commercial Office For Sale In Bahaddarhat Near To Bahaddarhat Jame Masjid.,,,5,vacant,2690.5717751123375,chattogram,"৳3,700,000","CDA Avenue, Sholokbahar"
"At Bayazid, A Nice And Spacious 1700 Sq Ft Residential Flat Is Up For Sale",,,9,vacant,5858.936556065104,chattogram,"৳8,384,200","Oxygen Kuwaish Road, Bayazid"
"1445 Sq Ft Residential Apartment Is Available For Sale In Chotora, Cumilla",,,1,vacant,3956.3430749022173,cumilla,"৳5,780,000","Mogbari Choumohoni, Chotora"
"Visit This Apartment For Sale In Mirpur, 2nd Colony",2.8270983464533113,3.031056525302571,5,vacant,1561.863478101821,dhaka,"৳2,625,000","2nd Colony, Mirpur"
1450 Sq Ft Ready Flat For sale In Bashundhara R/a Nearby Dhaka Bank Limited | Atm Booth,3.11294857090281,3.011424206849713,1,vacant,1426.930427212021,dhaka,"৳12,000,000","Block D, Bashundhara R-A"
A 1550 Square Feet Apartment For Sale Is All Set For You In South Agrabad .,3.122261921953967,3.0166947381844653,1,vacant,1158.5774602990086,chattogram,"৳9,335,000","South Agrabad, Double Mooring"
"Buy This 1300 Square Feet Flat In Bayazid, Ali Nagar",2.3537158561938254,3.1282169100095603,4,vacant,1504.2925058836493,chattogram,"৳7,200,000","Ali Nagar, Bayazid"
We Are Offering You This 785 Sq Ft Ready Flat For Sale In Uttara-4,3.2637070760334264,3.9413724416140674,5,vacant,2120.2139362808957,dhaka,"৳8,250,000","Sector 4, Uttara"
1300 Square Feet Residential Flat With Nicely Built Rooms Is Up For Sale In Shyampur,1.3248101976967517,1.9727684568418318,3,vacant,218.8741424167149,dhaka,"৳8,000,000","West Dolairpar, Shyampur"
See This 4686 Sq Ft Vacant Commercial Space Up For Sale In Motijheel Road Near Eastern Bank Limited,2.863517005132735,2.8495713167874204,1,vacant,549.1800387176843,dhaka,"৳210,870,000","Motijheel Road, Motijheel"
1200 Sq Ft Flat For Sale In 9 No. North Pahartali Ward,,,4,vacant,704.0847969188914,chattogram,"৳5,200,000","Akbarshah Railway Colony, 9 No. North Pahartali Ward"
Well Planned 1150 Sq Ft Residential Flat For Sale In Mirpur,,,8,vacant,-652.5070412682246,dhaka,"৳8,200,000","West Monipur, Mirpur"
A Wonderful Flat Of 1162 Sq Ft Is Available For Sale In Khulshi Green Housing Society,,,3,vacant,439.856543444562,chattogram,"৳6,972,000","Khulshi Green Housing Society, Khulshi"
"1040 Sq Ft Apartment With 2 Bedrooms For Sale In Section 15, Mirpur",2.7576872885308803,3.173093170930409,5,vacant,2749.1751699140336,dhaka,"৳6,200,000","Section 15, Mirpur"
A Shop Nearer To Darul Ma&#039;arif Al Islamia Jame Masjid Is Available For Sale In 4 No Chandgaon Ward,3.2275065228416193,3.052443371574939,1,vacant,2675.576328554367,chattogram,"৳2,232,000","Chand Mia Road, 4 No Chandgaon Ward"
"Choose This 1550 Sq Ft Apartment Ready For Sale In Aftab Nagar, Block A",2.574298989039788,2.9107591150928354,7,vacant,1874.5624756837583,dhaka,"৳11,500,000","Block A, Aftab Nagar"
Let Us Assist You To Buy This 1510 Sq. Ft Flat At South Pirerbag Near To Fulki Nursery School,3.2501230912567176,3.928771896297039,1,vacant,2627.052199689205,dhaka,"৳8,200,000","Pirerbag, Mirpur"
"You Can Move Into This Well Planned And Comfortable Residential Flat In Uttara Sector 11 For Sale , Of 948 Sq Ft, Near Shaheed Monsur Ali Medical College And Hospital",2.987792368482402,4.134510119080575,5,vacant,3356.756659320332,dhaka,"৳7,000,000","Sector 11, Uttara"
"In Bproperty Village , Rupganj A Large Residential Plot For Sale",2.7358299761652676,2.1102314146578425,,vacant,-116.45516352962,narayanganj-city,"৳4,575,000","Rupganj, Narayanganj"
Visit This 1480 Sq Ft Flat For Sale In Pahartali,2.870813379911982,3.002754283617473,2,vacant,1057.2413799788042,chattogram,"৳6,660,000","12 No. Sarai Para Ward, Double Mooring"
Own The Flat In Mirpur That Is Available For Sale,2.7746383505759096,2.9567016951519802,3,vacant,1970.209715351877,dhaka,"৳7,375,000","West Shewrapara, Mirpur"
307 Sq Ft Shop Area Is For Sale In Luxmibazar,3.191908443546266,3.110067281048556,2,vacant,1156.7872107923963,dhaka,"৳9,210,000","Luxmibazar, Sutrapur"
Modern 1150 Sq Ft Flat For Sale In Badda,3.162266210729354,2.9028094722100666,3,vacant,2083.9567526572855,dhaka,"৳8,800,000","Middle Badda, Badda"
See This 1200 Sq Ft Apartment For Sale Is All Set For You In 33 No. Firingee Bazaar Ward,1.6191272926712403,3.038357596678691,2,vacant,1126.2894858789646,chattogram,"৳6,000,000","Yakub Nagar Road, 33 No. Firingee Bazaar Ward"
We Have A 1335 Sq.Ft-3 Bedroom Flat For Sale In Bakalia Nearby Moor Ali Baper Jame Masjid,3.9105859132061487,5.222364738532586,7,vacant,6588.374647400367,chattogram,"৳5,340,000","18 No. East Bakalia Ward, Bakalia"
Beautifully Decorated Flat Covering An Area Of 1570 Sq Ft Is Available For Sale In East Bakalia Ward,3.808764953054053,5.020092703204926,6,vacant,4343.510659028309,chattogram,"৳6,280,000","18 No. East Bakalia Ward, Bakalia"
"1800 Square Feet Flat With Great Rooms For Sale At Bayazid, Nasirabad",,,5,vacant,885.1912262784856,chattogram,"৳12,500,000","Nasirabad, Bayazid"
"Reside Conveniently In This Well Constructed 1760 Sq Ft Flat For Sale In Maghbazar, Near The Millennium University.",2.7008913846699047,3.040151879202803,10,vacant,1067.370518194999,dhaka,"৳14,500,000","Outer Circular Road, Maghbazar"
"Make this flat your next residing location, which is up for Sale in Dakshin Khan Near Ashkona Jame Masjid",3.3554100137777008,3.9540127373571337,5,vacant,1793.3755769955974,dhaka,"৳4,500,000","Aainusbag, Dakshin Khan"
A Beautiful Ready Flat With 3 Bedrooms Is Available For Sale At 16 No. Chawk Bazaar Ward,2.992623694585841,2.863594931609819,2,vacant,903.3306547013196,chattogram,"৳16,000,000","Panchlaish Residential Area, 16 No. Chawk Bazaar Ward"
1500 Sq Ft Apartment To Sale In Bakalia Near To Korbanigonj Masjid,2.7425784620324443,2.068591765611111,2,vacant,1852.2985011487226,chattogram,"৳8,250,000","Dewan Bazar, Bakalia"
Visit This Apartment For Sale In Hamjarbag Near Gausia Huq Bhandari Khankah Sharif.,,,7,vacant,574.5635201918464,chattogram,"৳8,200,000","Hamjarbag, 7 No. West Sholoshohor Ward"
Let Us Help You To Buy This 1240 Sq Ft Flat Which Is Now Available In Aftab Nagar,2.8224048158645525,2.969579826484976,3,vacant,2072.3898231350317,dhaka,"৳9,000,000","Block C, Aftab Nagar"
"1250 Sq Ft Residential Flat For Sale In West Monipur, Mirpur",2.7176138105843743,2.96308996977914,5,vacant,673.8318884158424,dhaka,"৳8,000,000","West Monipur, Mirpur"
This 178 Sq.Ft Shop Is Up For Sale In Chandgaon Near Chattogram International Medical College &amp; Hospital,2.021008480288036,1.9059171491915103,1,vacant,-10.921352544961564,chattogram,"৳2,848,000","Chand Mia Road, 4 No Chandgaon Ward"
Plan To Move In This 1450 Sq Ft Flat Which Is Up For Sale In Dolairpar,2.7279606251284605,2.985329787386364,5,vacant,1447.478114907792,dhaka,"৳7,000,000","Kadamtali, Shyampur"
"A 2160 Sq.Ft Plot Is For Sale In Narayanganj ,Bproperty Village.",,,,vacant,3036.504740301665,narayanganj-city,"৳4,575,000","Rupganj, Narayanganj"
"2 Katha Plot Is Ready Up For Sale In 4 No Chandgaon Ward, Shamsher Para",2.915884321421962,2.9010770995879605,,vacant,2082.8809041951513,chattogram,"৳8,000,000","Shamsher Para, 4 No Chandgaon Ward"
Buy This 1375 Sq Ft Apartment In Mirpur-6,,,5,vacant,-184.0495726129564,dhaka,"৳12,100,000","Section 6, Mirpur"
"Grab This Admirable 2600 Sq Ft Flat In North Khulshi, To Fulfill Your Desire.",,,8,vacant,455.7652470583388,chattogram,"৳25,000,000","North Khulshi, Khulshi"
We Have A 1320 Sq.Ft Flat For Sale In Bahaddarhat Nearby Bahaddarhat BWDB office.,2.7985921903422226,3.0560050975726223,4,vacant,1638.3654318575059,chattogram,"৳5,940,000","Bahaddarhat, 4 No Chandgaon Ward"
"Check Out This 800 Sq Ft Apartment For Sale In Tongi, Gazipur",,,1,vacant,-709.4432327749427,gazipur,"৳2,560,000","Tongi, Gazipur Sadar Upazila"
1400 Sq Ft Flat Is Available For Sale In Mirpur 12 Nearby City Bank,50.44330471341527,10.075440823909775,2,vacant,25325.188894165247,dhaka,"৳7,800,000","Section 12, Mirpur"
"Buy This Nice Flat Of 1004 Sq Ft, Which Is Located At Tongi",3.012497738512789,2.9595799074973663,6,vacant,1264.1282705799538,gazipur,"৳3,815,200","Tongi, Gazipur Sadar Upazila"
Check This 1300 Sq.Ft Apartment Up For Sale At 14 No. Lalkhan Bazaar Ward.,2.0543608848842085,2.0266674820051196,2,vacant,1095.3654990200537,chattogram,"৳7,500,000","14 No. Lalkhan Bazaar Ward, Lal Khan Bazaar"
"1050 Sq Ft Apartment With 2 Balconies For Sale In Mirpur, Ahmed Nagar",1.6064466470942984,1.9736771361081313,1,vacant,1164.3300716349308,dhaka,"৳5,500,000","Ahmed Nagar, Mirpur"
Well Organized Flat Of 864 Sq Ft Is Now Ready For Sale In 17 No. West Bakalia Ward,1.8551172986095132,2.042900782594395,5,vacant,1739.5764991274114,chattogram,"৳4,800,000","17 No West Bakalia Ward, Bakalia"
For Selling Purposes 2255 Square Feet Flat With 3 Balconies Is Available In Uttara-1,2.047699365664428,2.0334322064240657,7,vacant,695.008644982157,dhaka,"৳22,000,000","Sector 1, Uttara"
At Kazirhat 110 Sq Ft Shop Is Ready For Sale,2.7730200543110333,2.9625592096329276,,vacant,721.5638975086106,chattogram,"৳2,750,000","Mohara, 4 No Chandgaon Ward"
1700 Sq Ft Flat For Sale At 7 No. West Sholoshohor Ward,3.201177392171247,2.8699368606822895,7,vacant,1546.5780428350454,chattogram,"৳9,500,000","Tayab Bag R/A, 7 No. West Sholoshohor Ward"
"Start Your New Home, In This 3 Katha Residential Plot For Sale In Bproperty Village, Rupganj .",2.733547777610351,3.0143083344515,,vacant,138.7119568136136,narayanganj-city,"৳4,575,000","Rupganj, Narayanganj"
2700 Square Feet Apartment For Sale In Gulshan 1,,,3,vacant,18.587434483687247,dhaka,"৳55,000,000","Gulshan 1, Gulshan"
"Dwell In This Apartment Of 1380 Sq Ft, Perfect For Your Calm Living In North Bagichagaon",,,9,vacant,801.082494354535,cumilla,"৳5,520,000","North Bagichagaon, Bagichagaon"
"Set Up Your New Office In The Busiest Location Of West Rampura, An Open Space Is Prepared To Be Sale Nearby Rajdhani Ideal School &amp; College",,,5,vacant,2028.8995561912384,dhaka,"৳31,200,000","West Rampura, Rampura"
2071 Sq Ft Apartment Is Available For Sale In East Nasirabad,2.858102197125196,3.094452378136582,2,vacant,2173.0113924896577,chattogram,"৳14,459,000","C & B Colony, East Nasirabad"
2142 Sq Ft Properly Constructed Apartment For Sale In Bashundhara R-a,2.939984689563105,3.2473830560501358,5,vacant,1748.7568547872477,dhaka,"৳20,500,000","Block K, Bashundhara R-A"
A 220 Square Feet Commercial Shop Up For Sale At Nandan Kanan Close To Premier Bank Limited,2.9476864003233367,2.961723896594664,2,vacant,2827.2077133148005,chattogram,"৳3,000,000","Nandan Kanan, 22 No. Enayet Bazaar Ward"
Acquire This Shop Which Is Up For Sale In Chandgaon Near Hoque Super Market,2.8372995713577547,3.947290583188884,5,vacant,1425.5902164052652,chattogram,"৳4,550,000","CDA Avenue, Sholokbahar"
800 Sq Ft Flat Is Now For Sale In West Ahmed Nagar,3.1074704466977545,2.8914504470997633,3,vacant,1639.871227398928,dhaka,"৳4,000,000","Ahmed Nagar, Mirpur"
Ideal 8.08 Katha Plot For Sale In Gulshan 1,3.052813912512857,3.0204142386380135,,vacant,1280.0358362638447,dhaka,"৳300,000,000","Gulshan 1, Gulshan"
A Nicely Constructed Apartment Of 1175 Sq Ft Is Available Right Now For Sale In Shiddheswari,2.9803679640200094,3.0197955036371575,,vacant,2220.4652958938887,dhaka,"৳9,987,500","Outer Circular Road, Shiddheswari"
This 1387 Sq.Ft Home In Green Valley -Bayazid Is Up For Sale In A Wonderful Neighborhood,2.9046338195837187,2.9206199882691646,3,vacant,1608.9016178613174,chattogram,"৳8,000,000","Green Valley, Bayazid"
See This Apartment Is Up For sale At Bashundhara R-A Near Sunflower School And College.,3.176470881892673,2.9828842612863666,13,vacant,2375.5906217730726,dhaka,"৳32,000,000","Block C, Bashundhara R-A"
Well Defined And Nice Apartment Of 1240 Sq Ft Is Up For Sale In Joydebpur,2.947751944159055,2.806400575086582,5,vacant,1930.1875306632662,gazipur,"৳4,960,000","Joydebpur, Gazipur Sadar Upazila"
Let Us Help You To Buy This 1125 Sq Ft Apartment Which Is Now Available In Mirpur DOHS,2.9320525435092377,3.0906398734434135,3,vacant,2182.782747069046,dhaka,"৳9,500,000","Mirpur DOHS, Mirpur"
"Start A New Home, In This, 1325 Sq Ft Flat For Sale In Kalamia Bazar",3.023193622940928,2.9245941019941024,6,vacant,1682.3619368333555,chattogram,"৳5,300,000","18 No. East Bakalia Ward, Bakalia"
"1850 Square Feet Flat With Cozy Rooms Is Available For Sale In Bashundhara R-a, Block F",3.3758714354506916,2.9966091038949,5,vacant,1580.442459281097,dhaka,"৳15,725,000","Block F, Bashundhara R-A"
Notable 2000 Sq Feet Ready Flat For Sale In Nasirabad,2.7030498842287383,2.8604074298589164,10,vacant,1426.81727400677,chattogram,"৳13,000,000","Nasirabad, Bayazid"
Visit This Apartment For Sale In Tongi Near Paschim Arichpur Jame Mosjid.,3.1705584621103013,2.9430205295221694,3,vacant,2407.409753936626,gazipur,"৳2,000,000","Tongi, Gazipur Sadar Upazila"
1440 Sq Ft Nice Apartment For Sale In Bakalia,,,6,vacant,3814.459916106122,chattogram,"৳9,936,000","Dewan Bazar, Bakalia"
"Worthy 3355 Sq Ft Residential Apartment Is For Sale At Uttara, Sector 4",3.0481359276764413,2.998895264867137,10,vacant,1519.3617933911662,dhaka,"৳39,000,000","Sector 4, Uttara"
935 Sq Ft Flat Ready For Sale In South Pirerbag,3.3489527822594605,3.04693867219288,3,vacant,1185.29840111999,dhaka,"৳6,610,000","Pirerbag, Mirpur"
3 Bedroom Flat For Sale In Agargaon Near Agargaon Adarsha High School,3.1082623962540286,3.1408040343713814,4,vacant,1538.1222659415132,dhaka,"৳6,400,000","Kutum Goli, Agargaon"
"Grab This 5 Katha Plot Ready For Sale In Narayanganj City, Rupganj",,,,vacant,4035.9182901883455,narayanganj-city,"৳12,000,000","Rupganj, Narayanganj"
"1525 Sq Ft Apartment For Sale In Muradpur, Near N. Mohammad Convention Center",2.8758348462527636,3.094141473894392,3,vacant,2282.267297715825,chattogram,"৳14,000,000","East Nasirabad, Muradpur"
2000 SQ FT flat is now Vacant for sale in 15 No. Bagmoniram Ward,3.0068783728715376,3.141491778391269,1,vacant,955.8233490210984,chattogram,"৳16,000,000","Amirbag Residential Area, 15 No. Bagmoniram Ward"
"In Halishahar Near Cepz, A Shop Is For Sale.",2.9441565743734945,3.055742170128635,,vacant,1298.8693482732897,chattogram,"৳3,650,000","39 No. South Halishahar Ward, Halishahar"
A 105 Square Feet Commercial Shop For Sale Close To Haji Camp Shahaji Jame Masjid At North Pahartali .,1.8258702848377246,1.9964084422745385,2,vacant,1290.442078555319,chattogram,"৳3,675,000","Dhaka Trunk Road, 9 No. North Pahartali Ward"
"Make Sure To Buy This 1150 Sq Ft Apartment, If You Are Looking For A Permanent Residence In Middle Monipur",2.9357793122011886,3.0987349646751543,7,vacant,1830.7299693366956,dhaka,"৳6,500,000","Middle Monipur, Mirpur"
"1350 Sq Ft Flat Sale In Free School Street Road, Kathalbagan",3.043950487387101,4.104986903126242,2,vacant,576.78606180303,dhaka,"৳14,200,000","Free School Street, Kathalbagan"
Construct Your Relaxing Days In This 1250 Sq Ft Residential Flat For Sale In Mirpur-2,,,5,vacant,10444.662251685118,dhaka,"৳7,000,000","Section 2, Mirpur"
"Plan Your Urban Life In This 1250 Sq Ft Flat For Sale In Mirpur, East Kazipara",2.821371752849155,2.8576742544423377,2,vacant,1864.9925924397992,dhaka,"৳7,600,000","East Kazipara, Mirpur"
"In The Location Of Sholoshohor, Close To Sunnia Madrasha A Flat Is Up For Sale",2.69864395460486,2.917668656988028,6,vacant,1206.3392997689311,chattogram,"৳4,427,000","Jangalpara, 7 No. West Sholoshohor Ward"
"Choose This 1900 Sq Ft Apartment To Live In, Up For Sale In 10 No. North Kattali Ward",3.0865634381647835,2.9731073332065,7,vacant,2354.79466953235,chattogram,"৳8,930,000","Proshanti R/A, 10 No. North Kattali Ward"
"This Vacant Apartment Of 1459 Sq Ft Situated In Double Mooring, Is Up For Sale",3.120814008100837,3.076280790529996,1,vacant,840.8677582032676,chattogram,"৳8,462,200","24 No. North Agrabad Ward, Double Mooring"
We Are Manifesting You This 105 Sq Ft Shop For Sale In 9 No. North Pahartali Ward,3.051323368612001,2.997911393255982,1,vacant,464.4687148158423,chattogram,"৳3,675,000","Dhaka Trunk Road, 9 No. North Pahartali Ward"
1994 Sq Ft Ready Apartment To Sale In Panchlaish,3.213829344647053,3.1112351203749067,1,vacant,2227.215099326261,chattogram,"৳15,000,000","Sugandha Residential Area, Panchlaish"
"Grab This 1275 Sq Ft Flat Up For Sale In Banasree, Block B",3.0194666946349953,3.128687255866857,6,vacant,1116.4098056705977,dhaka,"৳10,600,000","Block B, Banasree"
Check This 1272 Sq.Ft Nice Flat For Sale At Lalbagh Nearby Rahamatullah Model High School,3.0868483262417366,3.1173309452900324,,,380.4930179293942,dhaka,"৳8,500,000","Lalbagh Road, Lalbagh"
"Available At Bashundhara R-A, Block L A 1550 Square Feet And 3 Bedroom Residential Apartment For Sale.",3.0673138664026607,3.1179542172781995,1,vacant,1344.4975221041668,dhaka,"৳12,000,000","Block L, Bashundhara R-A"
"1331 Sq Ft Apartment Is Now Available For Sale In Sector 4, Uttara",2.979719704955095,2.898536965117375,1,vacant,2181.401574198546,dhaka,"৳16,000,000","Sector 4, Uttara"
"1250 Sq Ft Residential Flat With Great Home Features For Sale In Mirpur, Dakkhin Paikpara",2.882398721792231,3.0472227100823615,7,vacant,678.9001592975329,dhaka,"৳8,200,000","Dakkhin Paikpara, Mirpur"
1400 Sq Ft Flat Is Up For Sale At 7 No. West Sholoshohor Ward,,,1,vacant,1536.4193263967454,chattogram,"৳8,500,000","Mohammad Pur Road, 7 No. West Sholoshohor Ward"
"A Plot Which Is Up For Sale In Rupganj, Bproperty Village",,,,vacant,-328.81711982007994,narayanganj-city,"৳4,575,000","Rupganj, Narayanganj"
"Live Pleasantly In This 970 Sq Ft Apartment For Sale In East Kazipara, Mirpur",,,1,vacant,162.4233603641048,dhaka,"৳4,000,000","East Kazipara, Mirpur"
5 Katha beautiful Plot For Sale In Bproperty Village,3.096152997649514,4.129616801361987,,vacant,1465.4822353539703,narayanganj-city,"৳7,625,000","Rupganj, Narayanganj"
Commodious 1590 Sq Ft Flat For Sale In Banasree,3.05579725548462,4.045080576109968,6,vacant,2025.0699102598703,dhaka,"৳11,200,000","Block B, Banasree"
This 1157 Square Feet Residential Apartment For Sale Close To Sabujbag Central Jame Masjid At Halishahar .,2.688774513669595,2.197429379032961,2,vacant,1209.417981487275,chattogram,"৳4,049,500","Sabujbag, Halishahar"
Pursue This 2530 Sq Ft Apartment For Sale In 15 No. Bagmoniram Ward,3.248724507464143,3.0173408043488057,8,vacant,499.5915515185002,chattogram,"৳29,095,000","Nasirabad, 15 No. Bagmoniram Ward"
"Start Residing In This 1390 Sq Ft, Properly Developed Apartment For Sale, In Bagichagaon",2.9791315995792274,4.239501404065939,7,vacant,3332.5386890907366,cumilla,"৳5,282,000","North Bagichagaon, Bagichagaon"
5000 Sq Ft Commercial Space For Sale In Shantinagar,2.7538780248384658,3.017369284637185,4,vacant,1071.5632224955048,dhaka,"৳60,000,000","Shantinagar Road, Shantinagar"
1900 Sq Ft Residential Duplex Property Is Now For Sale Which Is In Bashundhara R-a,,,1,vacant,,dhaka,"৳21,000,000","Block B, Bashundhara R-A"
Modest 1100 Sq Ft Flat For Sale In Banasree,,,3,vacant,,dhaka,"৳8,500,000","Block E, Banasree"
A 1750 Sq Ft Wonderful Flat Is For Sale At Hill View R/A,,,1,vacant,,chattogram,"৳10,000,000","Hill View R/A, Bayazid"
"Reasonably Priced A Residential Flat Of 1206 Sq Ft Is Ready For Track Down In Iqbal Road, Mohammadpur .",,,4,vacant,,dhaka,"৳14,000,000","Iqbal Road, Mohammadpur"
"In The Location Of Bproperty Village, Rupganj A Residential Plot Is For Sale",,,,vacant,,narayanganj-city,"৳4,575,000","Rupganj, Narayanganj"
"In East Monipur , 1265 Square Feet Apartment Is For Sale.",2.9977410947200784,3.125359986013139,6,vacant,1442.8785083486362,dhaka,"৳8,500,000","East Monipur, Mirpur"
920 Sq Ft Cozy Flat With Impressive Features Is Up For Sale In Gazipur Sadar Upazila,3.3523060926678343,3.1133244723213362,9,vacant,516.4877662200631,gazipur,"৳3,220,000","Chandana, Gazipur Sadar Upazila"
"Apartment Up For Sale In Mirpur, Near Baitur Rahmat Jame Masjid",3.0352917344413632,3.110763782548965,6,vacant,2043.2702723730322,dhaka,"৳4,000,000","Arambag Residential Area, Mirpur"
Buy This Cozy 200 Sq Ft Shop At Bakalia,2.993778316276338,2.9645619790977533,3,vacant,1214.8119115644486,chattogram,"৳4,600,000","Dewan Bazar, Bakalia"
A Nice Residential Flat For Sale Can Be Found In Mohammadpur Nearby Mac Master English Medium School.,2.8537133675935453,2.995012346768479,5,vacant,722.0774726835828,dhaka,"৳4,950,000","PC Culture Housing, Mohammadpur"
"1300 Sq Ft Apartment With 3 Bedrooms For Sale In Hazaribag, Jigatola",3.1289064461221665,3.9941436407542903,1,vacant,1898.0711188135451,dhaka,"৳6,000,000","Jigatola, Hazaribag"
"At Bagmoniram, A 1800 Sq Ft Well Fitted Residential Property Is On Sale",,,5,vacant,361.11297916201517,chattogram,"৳16,000,000","Mehidibag, 15 No. Bagmoniram Ward"
"2 Bedrooms Apartment For Sale In Nobodoy Housing Society, Mohammadpur",,,4,vacant,-47.21107362025788,dhaka,"৳4,500,000","Nobodoy Housing Society, Mohammadpur"
Nice 1440 Sq Ft Flat Is Available For Sale In West Khulshi,,,8,vacant,1026.2360565672222,chattogram,"৳8,200,000","West Khulshi, 9 No. North Pahartali Ward"
Apartment For Sale Is All Set For You To Settle In Uttara Close To Trust Bank Limited ATM Booth,2.028785396751897,2.1932301069300353,4,vacant,1555.7462023307507,dhaka,"৳9,130,000","Sector 10, Uttara"
"2119 Sq Ft Apartment For Sale In Bashundhara R-a, Near North South University",2.984536381158439,3.0877845743590404,8,vacant,2088.44163130637,dhaka,"৳19,000,000","Block B, Bashundhara R-A"
"Here Is A Well Defined Flat Of 1815 Sq Ft Waiting For Sale At Sector 4, Uttara",2.704574537010044,2.97702642319456,4,vacant,334.29555382189426,dhaka,"৳22,780,000","Sector 4, Uttara"
A Shop Is Up For Sale In Nandan Kanan Near Aparna Charan City Corporation Girl&#039;s High School &amp; College.,1.6739263447255386,2.0810839619499655,5,vacant,2073.8558922254,chattogram,"৳3,500,000","Nandan Kanan, 22 No. Enayet Bazaar Ward"
1130 Sq Ft Apartment Is Ready For Sale At 17 No West Bakalia Ward,,,1,vacant,-345.84048033273353,chattogram,"৳5,300,000","17 No West Bakalia Ward, Bakalia"
"1800 Sq Ft Flat For Sale In A Great Locality Of Panchlaish, Sugandha Residential Area",1.423562906819267,2.19551943739636,6,vacant,1910.855751821076,chattogram,"৳15,824,000","Sugandha Residential Area, Panchlaish"
Nice-looking Apartment Including 3-Bedroom Is Ready To Sale In Chadra Nagar,3.0455078130699547,3.1161295137395966,3,vacant,2658.3567356149892,chattogram,"৳6,400,000","Chadra Nagar, Bayazid"
"Look Into This 1262 Sq Ft Flat For Sale, Is Located In Dewan Bazar.",2.8940827680741186,3.0025120764696793,4,vacant,2108.8715587170077,chattogram,"৳5,679,000","Dewan Bazar, Bakalia"
Check This Nice Flat For Sale At North Agrabad Nearby Agrabad Housing Jame Mosque,3.289836372634016,3.978797989943498,4,vacant,2481.779834983985,chattogram,"৳4,800,000","24 No. North Agrabad Ward, Double Mooring"
Acquire This Shop Which Is Up For Sale In Bandartila Near Bandartila Eye Hospital,3.8906742543804724,4.056364613014676,4,vacant,-16.43509055523782,chattogram,"৳1,500,000","39 No. South Halishahar Ward, Halishahar"
Worthy 1335 SQ FT Residential Apartment is for sale at 18 No. East Bakalia Ward,3.1461058729011553,3.163787397248211,4,vacant,1182.512566945396,chattogram,"৳5,340,000","18 No. East Bakalia Ward, Bakalia"
"Take The Deal Of Buying This 103 Sq Ft Commercial Area At Double Mooring, South Agrabad",,,3,vacant,,chattogram,"৳3,200,000","South Agrabad, Double Mooring"
Grab this 1050 Sq Ft Flat For Sale At Nasirabad,4.025200411013386,5.044472954916613,6,vacant,3087.0102195077925,chattogram,"৳4,200,000","Nasirabad, Bayazid"
307 Sq Ft Shop Area Is For Sale In Luxmibazar,4.163242943817322,3.0050289420815677,2,vacant,915.1262105149729,dhaka,"৳9,210,000","Luxmibazar, Sutrapur"
Noticeable 1850 Sq Ft Apartment For Sale In Malibagh,1.8975227833532218,1.9679180155486056,9,vacant,803.0347639086482,dhaka,"৳17,500,000","Malibag Bazar Rd, Malibagh"
"5 Katha Plot is now available for sale in Bproperty Village, Narayanganj City",3.220782420787308,2.9841362046301487,,vacant,-223.14041685053417,narayanganj-city,"৳7,625,000","Rupganj, Narayanganj"
1504 Sq Ft Flat Is For Sale In The Thriving Arena Of Keraniganj,2.7798505368329973,3.0132505421712223,1,vacant,1448.8249621924374,dhaka,"৳7,100,000",Keraniganj
Nearly Finished 1600 Square Feet Apartment For Sale In Uttara,3.065265769039294,4.168104787373548,8,vacant,457.30934038666123,dhaka,"৳16,000,000","Sector 15, Uttara"
Offering You 2100 Sq Ft Flat For Sale In Pirerbag,3.204406836673288,2.9765455829936425,3,vacant,1981.104075250657,dhaka,"৳5,460,000","Pirerbag, Mirpur"
In Bproperty Village A Standard Residential Plot For Sale,3.146228449144776,3.0051477456805307,,vacant,1974.5824956891843,narayanganj-city,"৳4,575,000","Rupganj, Narayanganj"
Worthy 1397 Sq Ft Nice Flat Is Ready For Sale At Demra,3.4245800665600523,2.915328486165628,8,vacant,900.1976974451406,dhaka,"৳8,000,000","Matuail, Demra"
"An apartment is ready for sale at Enayet Bazaar Ward, near United Commercial Bank Limited",,,3,vacant,459.0646787794442,chattogram,"৳8,000,000","Goaltuli Lane, 22 No. Enayet Bazaar Ward"
1254 Sq Ft Flat For Sale In Kalachandpur,,,6,vacant,,dhaka,"৳8,300,000",
Beautiful 5 Katha Plot is now up for sale in Bproperty Village,,,,vacant,,narayanganj-city,"৳7,625,000","Rupganj, Narayanganj"
For Selling Purpose This 1055 Sq.Ft Flat Is Now Vacant In Army Housing Society Road-Moushair .,,,3,vacant,,dhaka,"৳5,300,000","Moushair, Dakshin Khan"
"In A Peaceful Location Of North Pahartali, A Fantastic Flat Of 2061 Sq Ft Is Waiting For Sale.",,,4,vacant,2895.046946038946,chattogram,"৳14,500,000","Foy's Lake Approach Road, 9 No. North Pahartali Ward"
"Residential plot Is available for sale In Bproperty Village, Narayanganj",,,,vacant,,narayanganj-city,"৳4,575,000","Rupganj, Narayanganj"
Cozy Flat Is Available For Sale In Mirpur Near To Mirpur Adhunik Hospital,,,3,vacant,,dhaka,"৳7,500,000","Section 12, Mirpur"
We Have A 1295 Sq.Ft Flat For Sale In Taltola .,3.1698961292322796,5.030719425713925,7,vacant,1518.5391410365344,dhaka,"৳6,500,000","Taltola, Agargaon"
An Apartment Is Up For Sale At Colonel Hat Near To Colonel Hat Bus Stop,2.72867195799701,2.0057007871787422,5,vacant,1022.7275730961913,chattogram,"৳5,000,000","Colonel Hat, 10 No. North Kattali Ward"
Offering you 750 SQ FT flat for sale in Uttara 10,3.2567602631303156,3.0134782929985735,2,vacant,1350.0596669451525,dhaka,"৳6,200,000","Sector 10, Uttara"
Find 1250 SQ FT flat available for sale in Bashundhara R-A,2.633053113405815,2.0442176238435037,2,vacant,462.67680748616135,dhaka,"৳11,500,000","Block C, Bashundhara R-A"
"This 1685 Sq Ft Apartment To Sale In Ghat Farhat Beg, Bakalia",3.081185665234157,2.9712191184312053,2,vacant,2586.1145080612673,chattogram,"৳9,267,500","Dewan Bazar, Bakalia"
This Apartment Up For Sale At Dampara Near Lalkhan Bazar Jame Mosjid.,3.1291850833043573,2.9762732834175765,5,vacant,1436.7632523448597,chattogram,"৳6,000,000","14 No. Lalkhan Bazaar Ward, Lal Khan Bazaar"
This 1744 Sq Ft Apartment With A Friendly Neighborhood Is Ready For Sale In 4 No Chandgaon Ward,,,7,vacant,265.3094535739855,chattogram,"৳12,000,000","Chand Mia Road, 4 No Chandgaon Ward"
"24,500 Sq Ft Ready Full Building Is Available For Sale At Bayazid .",,,,vacant,233.8318714395807,chattogram,"৳70,000,000","Baluchara, Bayazid"
"In The Beautiful Location Of Bproperty Village, Narayanganj, A Plot Is Up For Sale",2.866470134164086,2.8821606133251025,,vacant,2004.2453668665112,narayanganj-city,"৳4,575,000","Rupganj, Narayanganj"
"In Bproperty Village , Rupganj A Standard Plot Space Is For Sale .",,,,vacant,497.0459955705986,narayanganj-city,"৳3,375,000","Rupganj, Narayanganj"
"At Sholoshohor, flat for Sale close to Sholoshohor Jame Masjid",1.6794223998691047,1.9063488894972214,5,vacant,1216.3123339796564,chattogram,"৳6,075,000","Cosmopolitan R/A, 7 No. West Sholoshohor Ward"
"Covering 1300 Sq Ft Space A Flat Is Up For Sale In Uttar Cyabithy, Gazipur Sadar Upazila",3.3815813894207003,2.9898939077549573,7,vacant,2143.4246777518283,gazipur,"৳5,200,000","Joydebpur, Gazipur Sadar Upazila"
1150 Square Feet And 2 Bedroom Flat Is For Sale At Pahartali,3.06045150970503,3.0876462328565575,4,vacant,165.68392495830062,chattogram,"৳4,600,000","12 No. Sarai Para Ward, Double Mooring"
A Well-featured 1150 Sq Ft Residence Is Ready For Sale At Pahartali,3.0841181398985613,3.0578502126328715,7,vacant,423.43823947487385,chattogram,"৳4,600,000","12 No. Sarai Para Ward, Double Mooring"
Fairly Large Apartment Of 1300 Sq Ft Is Ready For Sale In Joydebpur,2.9315374326826085,4.016832115554044,8,vacant,1804.1751997053518,gazipur,"৳5,200,000","Joydebpur, Gazipur Sadar Upazila"
Visit This Apartment For Sale In Kallyanpur Near Kallyanpur Kazi Office.,2.961701160006662,3.0517528652873924,1,vacant,1133.9030288172014,dhaka,"৳10,000,000","Kallyanpur, Mirpur"
151 Sq Ft Shop Is Available To Sale In Chandgaon,7.213692028316169,7.93228392034293,1,vacant,11349.33090477731,chattogram,"৳3,020,000","Mohara, 4 No Chandgaon Ward"
1650 Square Ft Apartment For Sale Is Being Constructed In Mirpur,,,5,vacant,162.0600273044371,dhaka,"৳11,000,000","Middle Monipur, Mirpur"
Visit This Flat For Sale In Narayanganj Near Mizmizi Paschim Para High School.,3.117572944708634,2.998033880571868,,,1650.5690807039464,narayanganj-city,"৳2,500,000","Ati, Shiddhirganj"
"2187 Square Feet Apartment For Sale In Mohammadpur, Iqbal Road",,,4,vacant,,dhaka,"৳39,366,000","Iqbal Road, Mohammadpur"
Check This Apartment Up For sale At West Bagichagoun Near Diabetic Hospital.,2.9241975081651237,2.8863734325901405,7,vacant,1313.526480205809,cumilla,"৳5,186,500","West Bagichagoun, Bagichagaon"
A Standard Lifestyle Is Awaiting You In This 650 Square Feet Flat Up For Sale In Sutrapur,2.6883042568419304,2.8902621356911107,5,vacant,292.0237842847873,dhaka,"৳4,000,000","Gandaria, Sutrapur"
"Apartment For Sale In Mirpur-10, Senpara Parbata",2.561838256485971,3.0747629653418675,1,vacant,1845.0788854681912,dhaka,"৳6,100,000","Section 10, Mirpur"
A Spacious Commercial Property Is Up For Sale In Double Mooring,2.9420520930643606,3.0240063684017704,1,vacant,-166.65207526885206,chattogram,"৳19,400,000","28 No. Pathantooly Ward, Double Mooring"
Luxurious Residential Apartment For Sale Of 2250 Sq Ft At Lal Khan Bazaar,3.0125165975489843,3.059788320432728,1,vacant,2409.8541153024,chattogram,"৳29,000,000","14 No. Lalkhan Bazaar Ward, Lal Khan Bazaar"
"At Mohara, Kazirhat 145 Sq Ft Commercial Area Is Available To Sale",,,1,vacant,-716.0606593071699,chattogram,"৳2,900,000","Mohara, 4 No Chandgaon Ward"
"1239 Sq Ft Convenient Apartment Is Here Ready For Sale In Women Collage Road, Kandirpar",2.992362242885907,2.8548427548693316,2,vacant,1018.9274985778359,cumilla,"৳6,700,000","Manoharpur, Kandirpar"
"1337 Sq Ft Flat For Sale In Double Mooring, With Good Home Facilities",3.0119086476471777,3.064891269897663,3,vacant,1939.1869478819008,chattogram,"৳7,754,600","24 No. North Agrabad Ward, Double Mooring"
1400 Sq Ft Apartment To Sale In Ghat Farhat Beg Beside To Shri Shri Ramthakur O Joy Baba Loknath Kunjo,2.5223457591558587,2.728125446530527,4,vacant,1336.9946680980033,chattogram,"৳7,700,000","Dewan Bazar, Bakalia"
Worthy 1040 SQ FT residence is for sale at Banasree,2.797258093071573,4.119821930167785,6,vacant,1108.5025619850635,dhaka,"৳6,500,000","South Banasree Project, Banasree"
"1500 Sq Ft Nice Flat For Sale In Panchlaish, Katalgonj",,,4,vacant,-255.11204241321377,chattogram,"৳11,000,000","Katalgonj, Panchlaish"
"Visit This Plot For Sale In Bproperty Village, Rupganj",,,,vacant,-779.5688411499705,narayanganj-city,"৳4,575,000","Rupganj, Narayanganj"
Flat For Sale At 24 No. North Agrabad Ward Near Hamidia Jame Masjid,,,1,vacant,-896.0787659494997,chattogram,"৳6,000,000","24 No. North Agrabad Ward, Double Mooring"
"5 Katha Plot is now available for sale in Bproperty Village, Rupganj",3.035103479700437,3.1026283315290986,,vacant,1670.891145087967,narayanganj-city,"৳7,625,000","Rupganj, Narayanganj"
A 2961 Sq Ft Beautiful Apartment Is Up For Sale In Gulshan 1,3.226509894996035,3.3138974503663174,3,vacant,1577.5753780489526,dhaka,"৳52,500,000","Gulshan 1, Gulshan"
Very Well Designed 1314 Sq Ft Residential Flat Is There For Sale At Nasirabad,,,2,vacant,385.461627659177,chattogram,"৳7,570,000","Nasirabad, Bayazid"
Buy This 2687 Square Feet Flat In The Nice Area Of Banani,2.9788898463588898,3.068038081509443,4,vacant,1413.0779515835673,dhaka,"৳47,500,000","Road No 25, Banani"
An Attractively Designed 1250 Sq Ft Apartment For Sale In Mirpur Section 10,2.8963218735525427,2.823083167935107,6,vacant,1262.8238053228627,dhaka,"৳7,800,000","Section 10, Mirpur"
"1596 Sq Ft 3 Bed Apt. Is Available To Sale In Khilgaon, Dhaka",2.8605714537935873,3.041756532846763,1,vacant,1185.2845274126598,dhaka,"৳10,374,000","Riazbag, Khilgaon"
"Commercial space for sale in Rupnagar R/A, near Jaman Plaza",4.103643447811682,3.9797687034138103,2,vacant,1605.48410731659,dhaka,"৳23,000,000","Rupnagar R/A, Mirpur"
"In Shah Ali Bag, This 1090 Sq Ft Residence Is Waiting For Sale",3.043224440686365,3.0126983468773885,3,vacant,1084.8554332342094,dhaka,"৳7,085,000","Section 1, Mirpur"
"1240 Sq Ft Flat For Sale Is Ready To Offer You A Tranquil Home Experience In Gazipur, Joydebpur",4.139441732996389,4.91079749259708,8,vacant,1703.897912892889,gazipur,"৳4,960,000","Joydebpur, Gazipur Sadar Upazila"
Kazirhat Is Offering You A 115 Sq Ft Commercial Arena For Sale .,4.029216072443411,5.076370815165235,1,vacant,2030.7943676560105,chattogram,"৳2,300,000","Mohara, 4 No Chandgaon Ward"
200 Sq Ft Shop Is Available For Sale At Bakalia,4.181393608945155,4.858287709140512,1,vacant,2583.577745234958,chattogram,"৳5,000,000","Dewan Bazar, Bakalia"
In Bproperty Village Rupganj A Residential Plot Is For Sale,4.020956566205901,5.1214860418668735,,vacant,2551.022751904979,narayanganj-city,"৳4,575,000","Rupganj, Narayanganj"
A Convenient 1450 Sq Ft Residential Flat Is Prepared To Be Sale At North Forida Para,4.1738443883090675,4.959957548497858,6,vacant,4376.474718158032,chattogram,"৳7,500,000","North Forida Para, 4 No Chandgaon Ward"
See This Office Space Of 150 Sq.Ft Is For Sale Located In Chandgaon Near Bahaddarhat Jame Mosque.,3.192927015168891,1.862755940520478,4,vacant,489.16865840129776,chattogram,"৳3,700,000","CDA Avenue, Sholokbahar"
"Checkout This Incredible 1665 Sq Ft Flat With Great Features, Up For Sale In Sholokbahar",2.8217606076976947,3.1560540807570696,9,vacant,1224.6289972768782,chattogram,"৳7,000,000","Abdul Hamid Road, Sholokbahar"
Spacious 2120 Sq Ft Apartment For Sale At Khulshi Hill R/a,2.599413513485296,2.9934109642300046,5,vacant,742.2125173060145,chattogram,"৳19,000,000","North Khulshi, Khulshi"
Flat For Sale In West Agargaon Nearby Bangladesh Public Service Commission,3.3419541607990126,3.1866496361673504,2,vacant,1006.3620369626203,dhaka,"৳7,300,000","West Agargaon, Agargaon"
"Modern 1220 Sq Ft Flat For Sale In Free School Street Road, Kathalbagan",21.056861630768456,10.119501666302861,3,vacant,13090.879067344275,dhaka,"৳16,300,000","Free School Street, Kathalbagan"
1537 Square Feet Flat With 3 Bedrooms Is Available For Sale In Bashundhara R/a,3.6201630714962043,3.9219066909435547,5,vacant,3109.0336202842373,dhaka,"৳14,500,000","Block K, Bashundhara R-A"
A Finely Built 800 Sq Ft Flat Is Up For sale In North Pirerbag,3.8418563803633856,4.991684306823433,6,vacant,2139.079420424575,dhaka,"৳5,300,000","Pirerbag, Mirpur"
"We Are Happy To Presents This 129 Sq Ft Fitted Shop Located In Kazirhat, Mohara For Sale",3.171005408195532,2.0118427665187175,,vacant,734.7314344947653,chattogram,"৳3,225,000","Mohara, 4 No Chandgaon Ward"
To Settle Comfortably You Can Take This 1375 Sq Ft Flat For Sale In Lal Khan Bazaar,2.938038808723794,3.1493387320079314,1,vacant,1195.7367868699903,chattogram,"৳8,562,500","Hill Side Residential Area, Lal Khan Bazaar"
Well Organized 5 Katha Plot Is Ready For Sale In Purbachal Marine City,2.8865550091543977,3.042808231382752,,vacant,615.8772614584352,narayanganj-city,"৳6,500,000","Rupganj, Narayanganj"
1470 Sq Ft Flat Is For Sale In Mansurabad Housing Society Nearby Baitur Rahman Jame Mosque,3.3103593120338766,4.017249073773241,2,vacant,1363.1134116050384,dhaka,"৳7,000,000","Mansurabad Housing Society, Adabor"
"A Rightly Planned 1500 Sq Ft Flat Is Found For Sale In 24 No. North Agrabad Ward, Double Mooring",2.7679780662011098,2.98044309669809,10,vacant,1349.8861107352814,chattogram,"৳8,600,000","24 No. North Agrabad Ward, Double Mooring"
A Beautiful 972 sft Apartment Is Up For Sale At,,,2,vacant,4044.47951843362,chattogram,"৳5,000,000","South Khulshi, Khulshi"
"A Finely Built 1090 Sq Ft Flat Is Up For Sale In Ali And Nur Real Estate, Mohammadpur",3.0468317585000277,3.1276457573203764,3,vacant,2080.7613771539136,dhaka,"৳6,540,000","Ali And Nur Real Estate, Mohammadpur"
Pursue This 1383 Square Feet Apartment Ready For Sale In Dhanmondi,2.0865036000005053,2.0003625442112316,5,vacant,824.6574342671239,dhaka,"৳10,800,000","West Dhanmondi and Shangkar, Dhanmondi"
"1100 Sq Ft Apartment Is For Sale In Mirpur, Section 1",,,6,vacant,2848.0657695548875,dhaka,"৳6,400,000","Section 1, Mirpur"
Buy This 240 Sq Ft Shop At Bakalia,3.20188084421932,2.9447666857260812,4,vacant,713.2235054688044,chattogram,"৳5,520,000","Dewan Bazar, Bakalia"
Affordable 1300 Square Feet Flat Up For Sale In Uttar Cyabithy Close To Court Mosjid,3.043994233807541,2.945817720945089,7,vacant,1784.1858332316076,gazipur,"৳5,200,000","Joydebpur, Gazipur Sadar Upazila"
A 970 Sq.Ft Apartment For sale Is All Set For You In East Bashabo Close To Agrani Bank Limited,3.1084208932332245,2.862814126181296,6,vacant,995.7269554903784,dhaka,"৳5,000,000","East Bashabo, Bashabo"
3 Bedroom And 3 Bathroom Apartment For Sale In South Agrabad.,1.9425733106602814,1.9265807101259222,2,vacant,1304.1359186465622,chattogram,"৳7,150,000","South Agrabad, Double Mooring"
Properly Designed This 1000 Square Feet Apartment Is Now Up For Sale In Chandana Next To Joydebpur Govt. Girls High School.,3.0138905376745266,3.146610571204058,7,vacant,2313.1447918477616,gazipur,"৳4,300,000","Chandana, Gazipur Sadar Upazila"
Check This Fine Looking Flat Of 2643 Sq Ft Offered For Sale In South Khulsi,3.0238237320983776,2.979785620833921,9,vacant,1461.7826633684033,chattogram,"৳23,000,000","South Khulshi, Khulshi"
Obtain This Well Fitted Flat Of 1000 Sq Ft Which Is Up For Sale In Tongi,3.0476540608768046,4.06892204995357,6,vacant,868.4629417760394,gazipur,"৳3,800,000","Tongi, Gazipur Sadar Upazila"
"Buy This Beautiful 1350 Sq Ft Ready Flat In Dakshin Khan, Sobur Khan Road",3.171152850210084,2.757469973631062,9,vacant,1419.9392159725426,dhaka,"৳6,500,000","Sobur khan Road, Dakshin Khan"
Modest 1493 Sq Ft Ready Apartment For Sale In Bakalia,3.122990122727753,3.0556055246870257,2,vacant,1695.090231678402,chattogram,"৳9,800,000","17 No West Bakalia Ward, Bakalia"
5050 Sq Ft Full Commercial Building Is For Sale At Hathazari.,3.0097960855865713,2.9842126988420463,,vacant,1473.901662342783,chattogram,"৳90,000,000","Chowdhury Hat, Hathazari"
"An Apartment Up For Sale Is Located At Sholoshohor, Near To Sunnia Madrasha",2.8207416405699393,3.952894259438769,7,vacant,1460.171261491637,chattogram,"৳3,705,000","Jangalpara, 7 No. West Sholoshohor Ward"
Grab This 1400 Sq Ft Flat Up For Sale In Chattogram DOHS,3.0149922742893662,5.017705741942834,6,vacant,2339.523757754131,chattogram,"৳7,000,000","Chattogram DOHS, Bayazid"
Buy This 1537 Square Feet Flat Available In Bashundhara R-a,2.9937927810393563,2.9514867591822798,2,vacant,1799.7870261788848,dhaka,"৳14,500,000","Block K, Bashundhara R-A"
2280 Square Feet Flat With Various Features Is Available For Sale In Bashundhara R/a,3.0427985427658024,2.792192804494945,2,vacant,1361.363194998744,dhaka,"৳25,000,000","Block D, Bashundhara R-A"
188 Sq Ft Commercial Space Is Up For Sale At South Agrabad,3.4888461302200318,3.090235896860313,1,vacant,573.4380478300268,chattogram,"৳5,675,125","South Agrabad, Double Mooring"
"In Bproperty Village, Rupganj A Standard Residential Plot For Sale.",2.8839604082147132,3.023777670431223,,vacant,1609.9642939935577,narayanganj-city,"৳4,575,000","Rupganj, Narayanganj"
Visit This Apartment For Sale In East Monipur Near Life Aid Specialized Hospital Pvt. Ltd.,3.0935563041882252,2.9692827951117984,5,vacant,862.6913560597948,dhaka,"৳4,500,000","East Monipur, Mirpur"
In 26 No. North Halishahar Ward A Standard Flat Is For Sale,,,8,vacant,233.13882466580853,chattogram,"৳5,400,000","26 No. North Halishahar Ward, Halishahar"
"You can buy this lovely apartment of 2180 sq ft to live a relaxed life at Bashundhara R-A, Block J",,,7,vacant,215.07105208389817,dhaka,"৳17,500,000","Block J, Bashundhara R-A"
A Well Defined Commercial Office Of 1950 Sq Ft In South Kattali Is Available For Sale,3.5179394661202417,3.021906429194189,2,vacant,332.9239211973111,chattogram,"৳14,625,000","Port Connecting Road, 11 No. South Kattali Ward"
"600 Sq Ft Apartment For Sale In Mirpur, Section 12",20.91624703136827,10.157864588878445,7,vacant,24048.851081897134,dhaka,"৳3,250,000","Section 12, Mirpur"
"To Live A Secure Life You Can Take This 1275 Sq Ft Flat For Sale At Kallyanpur, Mirpur",3.0718005642919617,3.0198785038407148,8,vacant,2002.00182986108,dhaka,"৳8,600,000","Kallyanpur, Mirpur"
Wonderful Flat Of 1450 Sq Ft Is Available For Sale In Jamal Khan,2.823028045078471,2.864705869105832,2,vacant,1783.8793563204038,chattogram,"৳11,500,000","Darul Uloom Road, Jamal Khan"
"Buy This 1162 Sq Ft Flat With 3 Bedrooms, In The Area Of Khulshi",2.922121216604525,3.0220261914998208,7,vacant,1532.7119488246124,chattogram,"৳6,972,000","Khulshi Green Housing Society, Khulshi"
"Look At This Nice 2225 Sq Ft Flat Is Up For Sale At Block I, Bashundhara R/A",3.055150230266633,2.9947807418974524,3,vacant,128.760843342028,dhaka,"৳23,500,000","Block I, Bashundhara R-A"
A Nice Apartment For Sale In Mirpur Near Brac Bank,3.187495001534692,3.0845409873468173,5,vacant,2089.431370486582,dhaka,"৳3,200,000","Section 6, Mirpur"
An Apartment Which Is Up For Sale At Proshanti R/A Near To Proshanti Jame Masjid,,,2,vacant,427.6379485628298,chattogram,"৳5,040,000","Proshanti R/A, 10 No. North Kattali Ward"
Grab This Lovely Flat Of 1632 Sq Ft Is Up For Sale In Firingee Bazaar Before It&#039;s Sold Out,,,8,vacant,-524.9905022827841,chattogram,"৳9,160,000","Kobi Kazi Nazrul Islam Road, 33 No. Firingee Bazaar Ward"
"We Are Offering A Reasonably Priced Flat For Sale Which Is Featuring 1200 Sq Ft Space In Monoharpur, Kandirpara",,,9,vacant,-364.62108205553744,cumilla,"৳5,500,000","Manoharpur, Kandirpar"
A well-constructed 1650 SQ FT flat is for sale in Bochila,,,1,vacant,259.3107810576544,dhaka,"৳7,500,000","Bochila, Mohammadpur"
1285 Sq.ft Apartment For Sale In Jigatola.,,,8,vacant,524.5646697548104,dhaka,"৳7,788,000","Jigatola, Hazaribag"
1400 Sq Ft Apartment To Sale In Dewan Bazar Next To Shri Shri Ramthakur O Joy Baba Loknath Kunjo,,,3,vacant,-139.99381168749113,chattogram,"৳7,700,000","Dewan Bazar, Bakalia"
"A Plot Is Up For Sale In The Beautiful Location Of Bproperty Village, Narayanganj",2.8406019779704437,3.0402108207038947,,vacant,1897.3726135157012,narayanganj-city,"৳4,575,000","Rupganj, Narayanganj"
A Strongly Structured Apartment Of 1570 Sq Ft Is Available For Sale In Kalamia Bazar,2.84618886879353,2.839464906930721,4,vacant,569.8719806277716,chattogram,"৳6,280,000","18 No. East Bakalia Ward, Bakalia"
"1105 Square Feet Flat Is Waiting For Sale At Begum Rokeya Sharani, East Kazipara",1.7911533455956534,2.0689381695111435,7,vacant,521.9265837294531,dhaka,"৳7,500,000","East Kazipara, Mirpur"
"Take The Decision Of Buying This 1440 Sq Ft Flat In Bayazid, Hill View R/a",,,2,vacant,-1068.763200556988,chattogram,"৳6,192,000","Hill View R/A, Bayazid"
"Plot For Sale In Narayanganj, Rupganj, Bproperty Village",1.9192737880710025,2.0045963119188803,,vacant,609.3204069774043,narayanganj-city,"৳4,575,000","Rupganj, Narayanganj"
"Look At This Nice 1200 Sq Ft Flat Is Up For Sale At Section 1, Mirpur",2.0282166051567314,1.9151087327869216,6,vacant,2058.6047309452074,dhaka,"৳8,700,000","Section 1, Mirpur"
125 Sq Ft Shop For Sale At 9 No. North Pahartali Ward.,1.985929928093693,1.9041743021285766,1,vacant,2389.8097821890674,chattogram,"৳4,375,000","Dhaka Trunk Road, 9 No. North Pahartali Ward"
Take A Look At This 1160 Square Feet Commercial Office Space For Sale In Jamal Khan Next To Red Crescent Maternity Hospital,2.162058976504866,2.100380713122888,1,vacant,1291.3389257879853,chattogram,"৳23,200,000","Nabab Siraj Ud Daula Road, Jamal Khan"
"View This 700 Sq Ft Residential Flat For Sale In Mirpur-1, Block C",1.8124075115959293,1.8521367970761493,5,vacant,665.3513864920844,dhaka,"৳4,000,000","Section 1, Mirpur"
Take A Look At This 1590 Sq Ft Flat Which Is Up For Sale In Jamal Khan,1.7617116159277888,2.1041514352325583,10,vacant,1016.4636899600906,chattogram,"৳10,000,000","Momin Road, Jamal Khan"
Tastefully Designed This 650 Sq Ft Home Is Now Vacant For Sale In Mirpur,,,2,vacant,414.1835891184765,dhaka,"৳4,225,000","Section 10, Mirpur"
"See This 2160 Sq.Ft Residential Plot For Sale In Bproperty Village, Rupganj .",,,,vacant,-741.683761766715,narayanganj-city,"৳4,575,000","Rupganj, Narayanganj"
Commodious 1621 Sq Feet Flat For Sale At Muradpur.,,,4,occupied,-144.92628433736917,chattogram,"৳10,500,000","Mirzapul Road, Muradpur"
"3 Katha Residential Plot For Sale At S. K. Mannan Road, Dattapara .",,,,vacant,1064.5118759224154,gazipur,"৳9,000,000","Tongi, Gazipur Sadar Upazila"
Nice 1050 SQ FT flat is available for sale in Taltola,,,3,vacant,-430.0321534776259,dhaka,"৳5,000,000","Taltola, Agargaon"
"1250 Square Feet Residential Flat For Sale In Dakshin Khan, Faydabad",2.835200831617089,2.869241060384204,4,vacant,1292.7183454270366,dhaka,"৳7,000,000","Faydabad, Dakshin Khan"
A 1450 Sq.Ft Residential Apartment For Sale At 9 No. North Pahartali Ward,2.8844553708770126,4.048788240861795,4,vacant,2067.949074733084,chattogram,"৳7,500,000","Rose Valley Residential Area, 9 No. North Pahartali Ward"
A 1500 Sq.Ft -3 Bedroom Residential Apartment For Sale At 24 No. North Agrabad Ward,,,5,vacant,1570.591001013166,chattogram,"৳6,000,000","24 No. North Agrabad Ward, Double Mooring"
Apartment for sale is all set for you to settle in Mirpur close to Mirpur 10 No Market Masjid,,,2,vacant,523.439941233238,dhaka,"৳6,500,000","Section 10, Mirpur"
Offering You 1720 Sq Ft Flat For Sale In Hazaribag,3.1403318004680045,3.083624141664022,2,vacant,1296.370440090006,dhaka,"৳14,000,000","Jigatola, Hazaribag"
At Alkaran Road 2252 Square Feet Large Residential Apartment For Sale,3.1340336634945074,2.7845236559563897,3,vacant,1896.2788232230082,chattogram,"৳11,260,000","Alkaran Road, 31 No. Alkoron Ward"
3 katha Residential Plot Is For Sale In Bproperty Village,3.2763142914421683,3.0339204316871022,,vacant,3028.759411824485,narayanganj-city,"৳4,575,000","Rupganj, Narayanganj"
Worthy 1397 Sq Ft Nice Flat Is Ready For Sale At Demra,3.623130265589242,3.158451081723394,8,vacant,1423.9387469121082,dhaka,"৳8,000,000","Matuail, Demra"
Acquire This 930 Sq Ft With 2 Bedrooms Flat Which Is Up For Sale In Middle Monipur Beside To Baitur Rowshan Jame Masjid .,,,3,vacant,1925.1186898931073,dhaka,"৳5,200,000","Middle Monipur, Mirpur"
"This 1240 Square Feet Apartment Is Ready For Sale At Lake View Society, 9 No. North Pahartali Ward",2.836415864781239,3.0381400244551084,6,vacant,2220.2781144586434,chattogram,"৳5,000,000","Foys Lake, 9 No. North Pahartali Ward"
A 3 Bedroom Residential Apartment For Sale At Bashundhara Next To Sunnydale School .,2.8634890773915096,2.9704825197385754,4,vacant,999.131857416118,dhaka,"৳21,200,000","Block F, Bashundhara R-A"
"Picture Yourself, Residing In This Well Constructed And Planned 2258 Sq Ft Apartment In Uttara Sector 13 For Sale, Near Milestone College",,,2,vacant,642.0876362683497,dhaka,"৳28,000,000","Sector 13, Uttara"
Banasree Is Offering You A 1940 Sq Ft Apartment Ready For Sale,,,9,vacant,2310.7730542761733,dhaka,"৳13,968,000","Block J, Banasree"
Graceful Flat Of 850 Sq Ft Is Prepared For Sale In Pallabi Eastern Housing.,,,5,vacant,904.3870514993301,dhaka,"৳2,500,000","Pallabi, Mirpur"
"Attention ! A 900 Sq.Ft Flat Is Up For Sale At 33 No. Firingee Bazaar Ward, This Is What You’ve Been Searching For As Your New Home!",2.73046671329535,2.9210165016166925,3,vacant,1727.5280804581764,chattogram,"৳4,500,000","Kobi Kazi Nazrul Islam Road, 33 No. Firingee Bazaar Ward"
Check Out This 200 Sq Ft Shop Ready To Sale At Bakalia,3.074227186201042,3.074108940203529,1,vacant,1351.548823676531,chattogram,"৳5,000,000","Dewan Bazar, Bakalia"
"A Very Beautiful 1400 Sq Ft Flat Is Now Available For Sale In Chikha Bazar, Ibrahimpur",3.0114535393215145,3.208715730223738,8,vacant,587.3542995096465,dhaka,"৳9,500,000","Chikha Bazar, Ibrahimpur"
Convenient 3 Katha Plot Available For Sale In Purbachal,4.106569818408006,3.9939451323521067,,vacant,2464.8329853829214,dhaka,"৳21,000,000","Sector 23, Purbachal"
"1609 Sq Ft Suitable Apartment For Sale In Banasree, Block H",3.1124850406123965,2.8684598084822435,2,vacant,2942.966216532302,dhaka,"৳12,800,000","Block H, Banasree"
"An Adequate And Cozy 810 Sq.Ft Flat Is For Sale At West Kazipara, Near Baitur Rob Jaame Masjid",,,3,vacant,-659.5459075430648,dhaka,"৳3,402,000","West Kazipara, Mirpur"
An Apartment Which Is Up For Sale At Mirpur Near To Aloron International School &amp; College,,,1,vacant,52.5417383922904,dhaka,"৳7,000,000","Ahmed Nagar, Mirpur"
With An Awesome Environment A 1080 Sq Ft Flat Is Vacant For Sale In South Thakur Para Close To Thakurpara Jame Masjid,,,4,vacant,-33.45652624176341,cumilla,"৳3,780,000","South Thakur Para, Thakur Para"
Offering You A Full Building Up For Sale In Patenga Near Patenga Model Thana,,,4,vacant,-180.36155720716312,chattogram,"৳30,000,000","40 No. North Patenga Ward, Patenga"
1850 Sq Ft Apartment Is Ready To Sale In Muradpur,,,7,vacant,389.3716748219475,chattogram,"৳10,000,000","Nasirabad Housing Society, Muradpur"
"This Five Katha Residential Plot Is Now Available For Sale In Narayanganj City, Bproperty Village",,,,vacant,467.08794721258374,narayanganj-city,"৳7,625,000","Rupganj, Narayanganj"
112 Sq Ft Shop Is Up For Sale In 9 No. North Pahartali Ward,2.6143990970467,2.984511466764208,,vacant,1260.774831292588,chattogram,"৳3,920,000","Dhaka Trunk Road, 9 No. North Pahartali Ward"
A 1452 Sq. Ft. Flat Is Now Up For Sale Located Near To Metropolitan Hospital In Bagmoniram,,,4,vacant,-468.5202571528073,chattogram,"৳9,300,000","Chatteshwari Road, 15 No. Bagmoniram Ward"
Lovely apartment up for sale spanning over 1410 SQ. FT. located on Jhautola near to Mercantile Bank Limited is waiting for you to make it home!,,,,,-861.6923265319289,cumilla,"৳5,642,000","Shahid Khawaja Nizamuddin Road, Jhautola"
Sophisticated Style! This 1175 Sq.Ft Flat For Sale In Senpara Parbata Is All About It .,2.8962223143452044,2.882876102477499,3,vacant,1458.0869846852095,dhaka,"৳7,000,000","Section 10, Mirpur"
A well-constructed 1325 SQ FT flat is for sale in Bakalia,3.4455119753325603,3.1946457518984923,4,vacant,1195.1877269429233,chattogram,"৳5,300,000","18 No. East Bakalia Ward, Bakalia"
"In A Great Location Of Bashundhara R-a, Block H, 1610 Sq Ft Apartment Is Up For Sale",3.121624779322095,2.990569673295858,4,vacant,2677.5688580511896,dhaka,"৳13,100,000","Block H, Bashundhara R-A"
Check This 1250 Sq Ft Apartment For Sale At Bashundhara Nearby Modinatul Ulum Madrasa Mosjid,3.160863948853663,3.0630614656156796,4,vacant,2570.402380501453,dhaka,"৳10,500,000","Block D, Bashundhara R-A"
FUll Building Up For Sale In Lal Khan Bazaar Near To Police Institution,2.7937246991647564,2.9474708854978258,,,2534.375060885485,chattogram,"৳350,000,000","14 No. Lalkhan Bazaar Ward, Lal Khan Bazaar"
1150 Sq Ft Apartment With 3 Bedrooms Is Ready For Sale In Mirpur-11,2.7786437744105146,2.897075779504539,4,vacant,1003.5905210637271,dhaka,"৳7,000,000","Section 11, Mirpur"
A Shop Is Up For Sale In Mohara Near Kazirhat Post office,3.0081540990017834,2.977116329873277,,vacant,1913.0404300057178,chattogram,"৳2,184,000","Mohara, 4 No Chandgaon Ward"
"Visit This Residential Plot For Sale In Bproperty Village, Rupganj",3.038328982878983,3.1077444485688765,,vacant,1859.74209258896,narayanganj-city,"৳7,625,000","Rupganj, Narayanganj"
4.53 Katha Plot with full building is now available for sale in Rajashon,2.588742207882212,2.949049818250837,,vacant,1781.902505649321,dhaka,"৳4,500,000","Rajashon, Savar"
A Decent 1125 Sq Ft Flat Which Is Now For Sale In Dakshin Khan,,,3,vacant,-109.52199478380234,dhaka,"৳4,775,000","Faydabad, Dakshin Khan"
A Nice Flat Of 985 Sq Ft Is Up For Sale In West Bagichagoun,,,8,vacant,894.6868682883248,cumilla,"৳3,940,000","West Bagichagoun, Bagichagaon"
625 Sq Ft Residential Apartment For Sale In Mirpur,,,4,vacant,159.28617557786842,dhaka,"৳2,500,000","East Kazipara, Mirpur"
"A 3 Katha Plot Is Up For Sale In The Beautiful Location Of Narayanganj, Bproperty Village",2.8197968751380165,3.160741890877426,,vacant,1548.182940218399,narayanganj-city,"৳4,575,000","Rupganj, Narayanganj"
At Pahartali 1150 Sq.ft Flat Is For Sale.,2.880468315977974,3.034612158244716,3,vacant,698.4673503379589,chattogram,"৳4,600,000","12 No. Sarai Para Ward, Double Mooring"
5 Katha Plot Is Now For Sale In Bproperty Village Close To Mushory Baitul Nur Jame Moszid,2.9608176112496336,3.063010449060908,,vacant,1701.465860836469,narayanganj-city,"৳5,000,000","Rupganj, Narayanganj"
"Five Katha Plot For Sale In Bproperty Village, Narayanganj",21.020116352176892,10.07037635238355,,vacant,23843.10397546597,narayanganj-city,"৳7,625,000","Rupganj, Narayanganj"
This 1325 Sq.Ft Flat In Bakalia Near By Moor Ali Baper Jame Masjid With A Convenient Price Is Up For Sale,3.133988957100451,2.8871850264580528,2,vacant,1702.0256361384663,chattogram,"৳5,300,000","18 No. East Bakalia Ward, Bakalia"
"An Adequate Residence Is up For Sale In Section 11, Mirpur With Satisfactory Price",3.2394590134111354,2.9057442912340257,2,vacant,1574.6541687268402,dhaka,"৳4,000,000","Section 11, Mirpur"
This 115 Sq.Ft Shop Is Up For Sale In Kazirhat.,2.9347885360209847,2.8939478751540015,1,vacant,1549.0128749659666,chattogram,"৳2,300,000","Mohara, 4 No Chandgaon Ward"
"With An Availability Of Essential Civic Needs, This 1375 Sq.Ft Apartment At North Bagichagaon Is Promising You A Refined Form Of Lifestyle",2.8989405693534183,3.8696582972462448,9,vacant,1482.457929449949,cumilla,"৳5,500,000","North Bagichagaon, Bagichagaon"
"Visit This Residential Plot For Sale In Bproperty Village, Rupganj .",3.096960719953562,3.0778305182596677,,vacant,2217.920199574398,narayanganj-city,"৳4,575,000","Rupganj, Narayanganj"
"Covering 1259 Sq Ft Space A Flat Is Up For Sale At Shahid Barkat Sarani, Chandana",3.1353300470136074,3.0283794942631546,9,vacant,1804.168799173169,gazipur,"৳4,900,000","Chandana, Gazipur Sadar Upazila"
1310 Sq. Ft Apartment For Sale In Mayor Goli Near Amin Jute Mills Limited,2.9038047735724604,3.007778167052133,9,vacant,623.2549147184726,chattogram,"৳5,500,000","Mayor Goli, 7 No. West Sholoshohor Ward"
Completely suitable and ready flat of 1050 SQ FT for Sale in Kallyanpur,3.175108253377256,2.7463197372123465,6,vacant,1986.791311311719,dhaka,"৳8,200,000","Kallyanpur, Mirpur"
900 Sq Ft Flat With 2 Bedrooms Is For sale At Bayazid,3.217022891917322,4.201114894956963,7,vacant,1312.580486709145,chattogram,"৳5,000,000","Bangladesh Co-operative Housing Society, Bayazid"
"This Very New Nice Flat Of 920 Sq Ft Is Up For Sale In Chandana Chowrasta, Gazipur",3.2861675450317662,2.9125013646229205,8,vacant,902.1425775797029,gazipur,"৳3,220,000","Chandana, Gazipur Sadar Upazila"
1013 Sq Ft Nice Flat Is Available For Sale In Manoharpur,2.393979298912273,2.2007563866028357,7,vacant,434.10637127969255,cumilla,"৳5,000,000","Manoharpur, Kandirpar"
Close To East Madarbari City Corporation Girls High School A 1270 Square Feet Residential Apartment For Sale.,2.808049255010471,3.8582012505145196,3,vacant,1930.705546739961,chattogram,"৳6,604,000","Majhirghat Road, 30 No. East Madarbari Ward"
This 1550 Sq. Ft.-3 Bedroom Flat Is Up For Sale In The Location Of Chandgaon Residential Area .,2.003079088115237,1.9205118885279902,9,vacant,841.8481746054255,chattogram,"৳7,500,000","Chandgaon Residential Area, 4 No Chandgaon Ward"
Plot For Sale in Turag close to DBBL ATM,3.0024985248671237,2.7844656726190675,,,515.0751233245987,dhaka,"৳7,500,000",Turag
"A Plot Is Up For Sale In The Beautiful Location Of Bproperty Village, Rupganj",2.978272225431161,3.0354315477659783,,vacant,780.8502893051306,narayanganj-city,"৳4,575,000","Rupganj, Narayanganj"
Buy This 900 Sq Ft Commercial Space In 32 No. Andarkilla Ward,2.8561586106809247,2.8922492613286166,4,vacant,1904.452685491754,chattogram,"৳5,400,000",32 No. Andarkilla Ward
"This 1620 Sq Ft Apartment Is For Sale At Khulshi, Yakub Future Park Housing",2.6708801688648753,2.8950139903665364,8,vacant,1448.0978812837614,chattogram,"৳10,854,000","Yakub Future Park Housing, Khulshi"
Full Building Ready For Sale Which Is Available In Khulshi Near To Khulshi Jame Masjid,3.020532730078193,2.8657085087304384,5,vacant,1175.3016683457943,chattogram,"৳130,000,000","Nasirabad Properties Residential Area, Khulshi"
Uncover Your Place In A 1200 Sq Ft Structurally Well Built House For Sale In Mirpur DOHS,1.8297741296747532,2.0760590814395528,6,vacant,1606.394198919786,dhaka,"৳11,500,000","Mirpur DOHS, Mirpur"
A Nice Flat With Three Bedroom Is Up For Sale In Nasirabad Housing Society,,,1,vacant,2979.2760681140066,chattogram,"৳14,250,000","Nasirabad Housing Society, Muradpur"
"See This Large 5 Katha Plot For Sale In Rupganj, Bproperty Village",2.8240830905815693,3.17729560132712,,vacant,2160.59705405225,narayanganj-city,"৳7,625,000","Rupganj, Narayanganj"
"Check This Fine Looking Plot Offered For Sale At Narayanganj, Bproperty Village",2.7563754536643694,2.93290811594879,,vacant,68.55809376854177,narayanganj-city,"৳3,000,000","Rupganj, Narayanganj"
1290 Sq Ft Ready Commercial Office For Sale In Muradpur,3.0519077875139264,3.021410036623911,2,vacant,2219.434097984962,chattogram,"৳11,000,000","Mirzapul Road, Muradpur"
An Apartment Of 1300 Sq Ft Is Up For Sale In Joydebpur Nearby Gazipur Central Mosque,3.033436010956914,2.8738470288767566,9,vacant,1558.4262943114627,gazipur,"৳5,200,000","Joydebpur, Gazipur Sadar Upazila"
3 Bedroom &amp; 3 Bathroom Apartment Which Is Up For Sale At Aftab Nagar,3.128337413158185,2.9672186346533813,5,vacant,2819.0203240350083,dhaka,"৳8,300,000","Block E, Aftab Nagar"
"Take A Look At This 1497 Sq Ft Apartment For Sale In Agargaon, Taltola",3.484268655312299,2.9492343977301774,1,vacant,1528.6546736545258,dhaka,"৳9,500,000","Taltola, Agargaon"
At Saha Waliullah R/A 1110 Square Feet Flat Is Now Up For Sale Close To Bahaddarhat BWDB office.,3.0614322953125885,3.0454433743794285,2,vacant,530.5347764012658,chattogram,"৳4,995,000","Bahaddarhat, 4 No Chandgaon Ward"
"Obtain This Well Fitted Flat Of 1250 Sq Ft Which Is Up For Sale In Darussalam, Mirpur",3.1074677656776615,3.099508896395066,4,vacant,1703.349063826333,dhaka,"৳6,250,000","Darussalam, Mirpur"
"At Bashundhara, A 1650 Sq Ft Well Fitted Residential Property Is On Sale",2.7612709521223593,3.096969359001139,6,vacant,1254.0903210040942,dhaka,"৳13,200,000","Block F, Bashundhara R-A"
1700 Sq.Ft. Apartment For Sale In Dakshin Khan Close To Nogoriabari Mohammadia Jame Masjid,2.7148912272967,2.9175363610226204,5,vacant,1743.8274473268855,dhaka,"৳6,500,000","South Chalabon, Dakshin Khan"
"1570 Sq Ft Convenient Apartment Is Here Ready For Sale In Shah Ali Bag, Mirpur",3.350669012201918,3.0976935191044213,7,vacant,2448.635936229301,dhaka,"৳12,500,000","Section 1, Mirpur"
"Grab This Great 1610 Sq Ft Flat Up For Sale In Lalmatia, Block B",2.7954070523025654,2.9956865592130497,4,vacant,1337.40595916826,dhaka,"৳23,000,000","Block B, Lalmatia"
Offering You 1520 Sq Ft Flat For Sale In 4 No Chandgaon Ward,1.768718709977108,1.9682403281029606,12,vacant,854.9752814753073,chattogram,"৳6,000,000","Bahaddarhat, 4 No Chandgaon Ward"
Plan To Move In This 650 Sq Ft Flat Which Is Up For Sale In Mirpur 12,1.9913378032553544,1.9306768097875104,4,vacant,1314.934610667662,dhaka,"৳3,200,000","Section 12, Mirpur"
"Offering You 1100 Sq Ft Nice Apartment For Sale In Ranavola, Sector 10, Uttara.",2.9800182612399393,2.945213964344338,1,vacant,1095.5639799394723,dhaka,"৳5,500,000","Sector 10, Uttara"
Residential Apartment Is For Sale In Mirpur Nearby Baitul Jannah Jame Masjid And Madrasha Complex,,,1,vacant,3195.1634382659945,dhaka,"৳4,700,000","Section 6, Mirpur"
Let Us Assist You To Buy This 1300 Sq Ft Flat For The Relaxing Life You Desire To Have In The Area Of Mirpur,,,1,vacant,1068.8657042005525,dhaka,"৳6,500,000","Dakkhin Paikpara, Mirpur"
Grab This 3 Bedroom Apartment Up For Sale At Muradpur Beside Doctors Hospital .,,,10,vacant,909.0063243802972,chattogram,"৳9,000,000","Mirzapul Road, Muradpur"
We are offering you a very spacious 1090 SQ FT flat for Sale in Mirpur near to Holy Crescent School,,,1,vacant,783.081199989546,dhaka,"৳5,500,000","West Shewrapara, Mirpur"
Worthy 1250 SQ FT residence is for sale at Mirpur 11,,,5,vacant,73.64291136121466,dhaka,"৳7,200,000","Section 11, Mirpur"
At Alkaran Road 2252 Square Feet Large Residential Apartment For Sale,,,3,vacant,-1154.2061609464336,chattogram,"৳11,260,000","Alkaran Road, 31 No. Alkoron Ward"
"Grab This Plot Is Ready For Sale At Bproperty Village, Narayanganj",3.109066249791654,2.929448813365545,,vacant,1135.706989913036,narayanganj-city,"৳4,575,000","Rupganj, Narayanganj"
"In Halishahar Housing Estate , Make This 1400 Sq Ft Flat Your Next Residing Location Which Is Up For Sale.",2.8625267856879066,2.9732285660357443,8,vacant,843.3229595019195,chattogram,"৳8,000,000","26 No. North Halishahar Ward, Halishahar"
"A Beautifully Constructed Apartment Of 1690 Sq Ft Is Vacant Right Now For Sale In 24 No. North Agrabad Ward,",2.6494777464402746,2.979037580182683,6,vacant,1251.8416887391543,chattogram,"৳9,119,000","24 No. North Agrabad Ward, Double Mooring"
Buy This 1431 Sq Ft Flat In Uttara-10,,,3,vacant,1035.6729759811353,dhaka,"৳9,000,000","Sector 10, Uttara"
Offering You 3 Katha Plot For Sale In Bashundhara R-a,,,,vacant,2147.504398986805,dhaka,"৳34,800,000","Block G, Bashundhara R-A"
An Adequate 3 Bedroom Apartment Is For Sale In The Location Of Bashundhara R-a Near The Aga Khan School.,,,4,vacant,6573.844546450503,dhaka,"৳12,500,000","Block G, Bashundhara R-A"
1200 Sq Ft Commercial Office Is Ready For Sale At 32 No. Andarkilla Ward,,,4,vacant,-646.622257754748,chattogram,"৳7,200,000",32 No. Andarkilla Ward
1248 Sq.ft Flat For Sale Very Next To Khilkhet Bazar Masjid At Dumni .,,,2,vacant,846.6620733581154,dhaka,"৳3,244,800","Bazar Road, Dumni"
"Built With Modern Amenities, Check This Flat for Sale Which Is 1860 Sq Ft in Muradpur",3.1495753768426367,2.889618259833491,5,vacant,965.7888575383271,chattogram,"৳13,820,000","Nasirabad Housing Society, Muradpur"
"1300 Sq Ft Apartment With 3 Bedrooms For Sale In Hazaribag, Jigatola",,,1,vacant,120.19980162813407,dhaka,"৳6,000,000","Jigatola, Hazaribag"
"In Bashundhara R-a, With A convenient Price, A 2350 Sq Ft Flat Is Up For Sale",,,5,vacant,685.087743697257,dhaka,"৳29,000,000","Block K, Bashundhara R-A"
We Bring You A Beautiful And Distinct Flat Of 2000 Sq Ft For Sale In Baitul Aman Housing Society,,,4,vacant,670.8610985757034,dhaka,"৳14,800,000","Baitul Aman Housing Society, Adabor"
1370 square feet apartment is ready to sale in Shukrabad,,,6,vacant,588.889838511629,dhaka,"৳12,500,000","Shukrabad, Dhanmondi"
Take This Residential Plot Is For Sale At Rupganj Area Nearby Zinda Park,,,,vacant,297.47471067216725,narayanganj-city,"৳7,625,000","Rupganj, Narayanganj"
"A Nice 600 Square Feet Apartment Is Up For Sale At Block C, Mirpur-11",3.240285420085904,2.9741335552097126,3,vacant,1862.2063414913562,dhaka,"৳2,300,000","Section 11, Mirpur"
Visit This Apartment For Sale In Kattali Near Uttar Kattali Alhaj Mostafa-hakim Degree College,,,1,vacant,15355.274880939089,chattogram,"৳5,400,000","City Gate, 10 No. North Kattali Ward"
Visit This Residential Plot For Sale In Ashulia Near Baitul Lattif Jame Masjid.,2.4733215823401697,2.857960170860744,,,1806.0727949607867,dhaka,"৳11,700,000","Ashulia, Savar"
A Nicely Planned Flat Is Up For Sale In South Khulsi Nearby South Khulsi Jame Mosjid,,,4,vacant,-991.9000719108726,chattogram,"৳8,500,000","South Khulshi, Khulshi"
Buy This 1200 Sq Ft Ready Flat For Sale At Bayazid,,,6,vacant,-193.43713073266446,chattogram,"৳4,500,000","Sangbadik Co-operative Housing Society, Bayazid"
2230 Sq Ft Ready Flat For Sale In Bashundhara R-a,,,5,vacant,544.5575320281905,dhaka,"৳16,000,000","Block I, Bashundhara R-A"
See This 682 Sq Ft Apartment Which Is Up For Sale In Badda Near Badda Girls High School,,,2,vacant,-265.82040466126216,dhaka,"৳3,600,000","Uttar Badda, Badda"
A Well-constructed 2500 Sq Ft Flat Is For Sale In 31 No. Alkoron Ward,,,8,vacant,1101.1013017317873,chattogram,"৳17,500,000","Alkaran Road, 31 No. Alkoron Ward"
"1400 Sq Ft Flat With 3 Bedrooms Is Up For Sale In Mohammadpur, Mohammadia Housing Society",,,7,vacant,76.93464674045903,dhaka,"৳11,500,000","Mohammadia Housing Society, Mohammadpur"
"1240 Sq Ft Flat With 3 Bedrooms Is For Sale In Gazipur, Joydebpur",,,8,vacant,153.36171925302762,gazipur,"৳4,960,000","Joydebpur, Gazipur Sadar Upazila"
1644 Sq Ft Flat With Great Facilities Is For Sale In 7 No. West Sholoshohor Ward,,,7,vacant,787.6495995688962,chattogram,"৳9,000,000","Bibirhat, 7 No. West Sholoshohor Ward"
At Kazirhat 136 Sq.ft Shop Is up To Sale Beside To Akbar Shah Jame Masjid,2.8990901009972885,3.072018252795464,1,vacant,1089.8343642813654,chattogram,"৳2,720,000","Mohara, 4 No Chandgaon Ward"
Move In And Inhabit This 1436 Sq Ft Properly Constructed Flat For Sale In Bagmoniram Near Chatogram Al Boraj School,3.092244560851374,2.9979946440086693,2,vacant,1306.2055379267917,chattogram,"৳11,500,000","Mohammed Ali Road, 15 No. Bagmoniram Ward"
A Beautiful Apartment For Sale Is All Set For You In Mirpur Nearby Senpara Jame Masjid.,,,6,vacant,670.7148801389111,dhaka,"৳8,800,000","Section 10, Mirpur"
5 Katha nice Plot now for sale in Bproperty Village,3.139856183804916,2.7960350342968794,,vacant,540.9684471803055,narayanganj-city,"৳7,625,000","Rupganj, Narayanganj"
An Apartment Is Up For Sale At Aftab Nagar Near Dhaka Imperial College.,3.201250602768945,2.986646944667016,6,vacant,1228.1100843298898,dhaka,"৳9,500,000","Block D, Aftab Nagar"
"Buy This Nice Flat Of 1265 Sq Ft, Which Is Located At Diabetic Hospital Road, Bagichagaon",3.0281068294182916,2.141649196067655,8,vacant,1999.5583877147699,cumilla,"৳5,060,000","West Bagichagoun, Bagichagaon"
9 No. North Pahartali Ward Is Offering You A 115 Sq Ft Commercial Shop Ready For Sale,2.321232833067361,3.163856882856897,1,vacant,1174.523577271549,chattogram,"৳4,025,000","Dhaka Trunk Road, 9 No. North Pahartali Ward"
We Have This Wonderful Apartment Covering 1400 Sq Ft In Total That You Have Been Looking To Buy Is Located In Banani Near To Pathao Operations,2.7168450558128288,3.034771225460136,,,2184.057167095536,dhaka,"৳14,000,000","Road No 2, Banani"
5.445 Katha Large Plot For Sale In Ashulia,3.417877043167966,3.1919693531620608,,,600.5184790733597,dhaka,"৳5,500,000","Ashulia, Savar"
An Affordable Lovely Home Including 3 Bedroom Is Now Up For Sale In Hatirpool,2.8789169177999736,2.995798497389074,3,vacant,531.7871277418537,dhaka,"৳12,150,000","Elephant Road, Hatirpool"
Get Comfortable In A Nice Flat For Sale In North Pahartali Nearby Masjid E Quba,2.560421657848136,5.093274484140671,4,vacant,2463.7301177390036,chattogram,"৳7,800,000","Rose Valley Residential Area, 9 No. North Pahartali Ward"
A Finely Built 1638 Sq Ft Flat Is Up For Sale In 10 No. North Kattali Ward,3.2736637117579432,2.95585002456085,4,vacant,2057.642088108529,chattogram,"৳8,000,000","Dhaka- Chattogram Highway, 10 No. North Kattali Ward"
There Is 3 Bedroom Apartment Up For Sale In The Location Of Adabor Near Baitul Aman Housing Society Jame Mosque.,3.0029588734929966,2.949649887288364,1,vacant,1433.5683794820627,dhaka,"৳4,000,000","Baitul Aman Housing Society, Adabor"
1517 Sq.Ft Flat For Sale Covering A Beautiful Area In Colonel Hat .,22.244794782277133,9.933710187831837,3,vacant,8241.234500365108,chattogram,"৳8,000,000","Colonel Hat, 10 No. North Kattali Ward"
"A 1000 Sq Ft, Ready Flat Is Up For Sale At Adabor Nearby Padakhep Manabik Unnayan Kendra.",,,1,vacant,598.9813865952547,dhaka,"৳6,800,000","Baitul Aman Housing Society, Adabor"
We Are Offering This Family Friendly Apartment Of 900 Sq Ft For Sale In Kuratoli,,,4,vacant,-344.34622813598327,dhaka,"৳4,050,000","Kuratoli, Kuril"
"Verify This 2150 Square Feet Flat Available For Sale In Bashundhara R-a, Block J",,,8,vacant,-307.87062798439075,dhaka,"৳18,575,000","Block J, Bashundhara R-A"
1685 Sq Ft Apartment To Sale In Bakalia Near Majid Sawdagor Masjid,2.1545255162281207,1.9215844852112687,1,vacant,1234.308541877552,chattogram,"৳9,267,500","Dewan Bazar, Bakalia"
2000 Sq Ft Apartment Is Ready For Sale At Halishahar Housing Estate,3.5045548573674616,2.8845475297838146,3,vacant,2024.7065406026286,chattogram,"৳11,000,000","26 No. North Halishahar Ward, Halishahar"
4000  Sq Ft Office Space Up For Sale In Double Mooring Near To Dutch-bangla Bank Limited.,3.215122250452656,2.9800047728875527,11,vacant,982.5200538641781,chattogram,"৳58,000,000","Commerce College Road, Double Mooring"
This Shop Is Up For Sale In Bagmoniram Near Sunshine Grammar School & College,2.6498826650827993,3.172546126855443,1,vacant,1380.7380970292106,chattogram,"৳10,000,000","Bayazid Bostami Road, 15 No. Bagmoniram Ward"
Get Ready For Your Countless Peaceful Days With This 1300 Sq Ft Flat At Joydebpur Road Is Up To Sale,3.098955925207711,3.2048624930417926,6,vacant,1537.849336021311,gazipur,"৳5,200,000","Joydebpur, Gazipur Sadar Upazila"
Find Your Place In A 1390 Sq Ft Structurally Well Built Home For Sale In Panchlaish,3.252890122946748,2.837495097128499,3,vacant,1501.8170980076761,chattogram,"৳11,000,000","Katalgonj, Panchlaish"
"Lead Your Life In This 1450 Sq Ft Flat Up For Sale In Badda, Khilbari Tek",3.2664531574530886,2.965319594244236,2,vacant,1256.7592999731455,dhaka,"৳10,150,000","Khilbari Tek, Badda"
3 Bedrooms Apartment With A View Is Up For Sale,2.905487512685141,2.898794893550825,5,vacant,973.1094021765566,dhaka,"৳11,500,000","Shiddheswari Lane, Shiddheswari"
"See This Residential Plot For Sale At Bproperty Village, Rupganj .",3.2580883990356617,3.0967023492248607,,vacant,2054.2511360288436,narayanganj-city,"৳7,625,000","Rupganj, Narayanganj"
"Make This 900 Sq Ft Flat Your Next Residing Location, Which Is Up For Sale In Mirpur",3.2055373126218107,3.028041294124857,6,vacant,985.1015770148408,dhaka,"৳5,500,000","Section 2, Mirpur"
"19200 SQ FT Full-Building is now for sale in Mirpur 1, Shah Ali Bag",3.569930102281935,2.937715877037478,G+7,vacant,1086.0142215178366,dhaka,"৳75,000,000","Section 1, Mirpur"
A Standard Lifestyle Is Awaiting You In This 650 Square Feet Flat Up For Sale In Sutrapur,2.8338403619315202,3.007100798736102,5,vacant,294.1350983193644,dhaka,"৳4,000,000","Gandaria, Sutrapur"
"3.15 Katha Residential Plot For Sale In Narayanganj, Purbachal American City",2.8875875987272424,2.9532877271313884,,vacant,823.0459800914496,narayanganj-city,"৳11,000,000","Rupganj, Narayanganj"
There Is 3 Bedroom Apartment Up For Sale In The Location Of Dhanmondi Near Sunnydale.,2.9321806499376963,3.157943365960868,1,vacant,1496.931807267581,dhaka,"৳29,000,000","Road No 12A, Dhanmondi"
"At Momin Bagh R/A , A 3 Bedroom Large Residential Apartment For Sale",3.891393404725926,5.053516392046412,,,2603.160175937797,chattogram,"৳4,800,000","Ali Nagar, Bayazid"
Discover Your Ideal Home: 2540 Sq Ft Apartment Up For Sale In 15 No. Bagmoniram Ward,2.802819755599665,3.065537817354877,9,vacant,2011.2043064098586,chattogram,"৳29,210,000","Nasirabad, 15 No. Bagmoniram Ward"
We Are Offering To You This 1445 Sq Ft Lovely Flat For Sale In Banasree,2.3879412007503684,3.7390596609227047,4,vacant,1903.962526061678,dhaka,"৳13,000,000","Block B, Banasree"
Look At This 1592 Square Feet Residential Apartment For Sale At 16 No. Chawk Bazaar Ward.,2.903694213317846,2.99346516694136,3,vacant,3092.831409213941,chattogram,"৳8,560,000","Munshi Pukur Par, 16 No. Chawk Bazaar Ward"
This Residential Plot In Rupganj Is Up For Sale In A Wonderful Neighborhood,3.0818296792543376,3.203828494321224,,vacant,969.4208945924613,narayanganj-city,"৳4,575,000","Rupganj, Narayanganj"
We Bring You A Beautiful And Distinct Flat Of 2000 Sq Ft For Sale In Baitul Aman Housing Society,3.8907288351802234,4.129753009624755,4,vacant,1124.309836545489,dhaka,"৳14,800,000","Baitul Aman Housing Society, Adabor"
For Selling Purpose This 1102 Sq.Ft Flat Is Now Vacant In 9 No. North Pahartali Ward.,3.4287753233589675,2.819274429439155,1,vacant,703.0500209657282,chattogram,"৳4,408,000","Akbarshah, 9 No. North Pahartali Ward"
Stunning 2553 Square Feet Apartment For Sale In Uttara 5,3.002963353406162,1.9693333431837698,7,vacant,576.055261940626,dhaka,"৳38,000,000","Sector 5, Uttara"
"3 Katha Plot is now available for sale in Bproperty Village, Narayanganj City",3.286021898586922,2.8824392207755687,,vacant,1084.9756267315297,narayanganj-city,"৳4,575,000","Rupganj, Narayanganj"
"Looking For A Tasteful Home To Buy In Bakalia, Check This One Out",3.0579165608071754,3.1674200364407636,5,vacant,1306.4299295464639,chattogram,"৳9,267,500","Dewan Bazar, Bakalia"
1370 square feet apartment is ready to sale in Shukrabad,3.1830869621660587,3.0239010236842088,6,vacant,2954.7148017990276,dhaka,"৳12,500,000","Shukrabad, Dhanmondi"
1255 Sq Ft Apartment With Modern Home Features Is Up For Sale In Khilkhet,3.0618647574969167,2.9248762530717154,3,vacant,2353.632572179049,dhaka,"৳6,902,500","Kha Para, Khilkhet"
Ready For Move In! Check This 1259 Sq.ft Home Which Is Up For Sale In Chandana Beside To Joydebpur Govt. Girls High School.,3.3032483100218215,4.003342130172056,8,vacant,1923.8419354989696,gazipur,"৳4,900,000","Chandana, Gazipur Sadar Upazila"
A 1220 Sq Ft Home Is Available To Sale In West Shewrapara,3.0123931208723307,3.7448864275487757,6,vacant,2936.099794057429,dhaka,"৳5,000,000","West Shewrapara, Mirpur"
Ready Plot Is Up For Sale In Purbachal Marine City,3.1099133952764553,3.89384367055162,,vacant,1405.2880154303637,narayanganj-city,"৳6,500,000","Rupganj, Narayanganj"
Create your home in a 800 SQ FT apartment for sale in Rupnagar R/A,3.0811594756731155,4.003565778938676,5,vacant,702.4200213863976,dhaka,"৳5,300,000","Rupnagar R/A, Mirpur"
Pursue This 1300 Square Feet Flat To Buy In Bayazid,2.9361316046780868,3.082743774117935,6,vacant,1809.5315643112854,chattogram,"৳6,200,000","Ali Nagar, Bayazid"
Invest In This Wonderful Plot In Bproperty Village Which Is Ready For Sale,3.089722079675774,2.8100551782885113,,vacant,631.2612318828044,narayanganj-city,"৳5,625,000","Rupganj, Narayanganj"
Delightful Commercial Shop Is Up For Sale In 9 No. North Pahartali Ward,3.4950186006641157,2.962706459404082,,vacant,985.1165727234593,chattogram,"৳3,800,000","Dhaka Trunk Road, 9 No. North Pahartali Ward"
"1873 Square Feet Flat Is For Sale In Mohammadpur, Mirpur Road",,,2,vacant,868.3635597999516,dhaka,"৳25,500,000","Mirpur Road, Mohammadpur"
"Buy This 1650 Sq Ft Fat In 15 No. Bagmoniram Ward, Nasirabad",3.092930631237679,2.8579848361501656,3,vacant,1138.3159575074292,chattogram,"৳12,000,000","Nasirabad, 15 No. Bagmoniram Ward"
1445 Square Feet Nice Flat For Sale In Mogbari Choumohoni,,,3,vacant,3884.952451034819,cumilla,"৳5,785,000","Mogbari Choumohoni, Chotora"
"Buy This 1350 Sq Ft Amazing Flat In Gazipur, Joydebpur With Refreshing Balconies",3.2526181784802155,3.0064551713177248,7,vacant,523.5832230148467,gazipur,"৳4,500,000","Joydebpur, Gazipur Sadar Upazila"
"Buy This 1400 Square Feet Flat In Bayazid, Shahid Nagar",2.0025957216278547,2.1677408415468697,3,vacant,996.4916446948239,chattogram,"৳8,000,000","Shahid Nagar, Bayazid"
Offering You 1301 Sq Ft Flat For Sale In Nasirabad,2.4719705500405977,2.977482686750097,3,vacant,1707.6988144145182,chattogram,"৳11,000,000","Nasirabad, 15 No. Bagmoniram Ward"
A Standard Apartment In Mirpur Near To M.A Zabbar Memorial High School Is Up For Sale,,,2,vacant,864.030513834231,dhaka,"৳4,000,000","Pirerbag, Mirpur"
Well Planned Residential Apartment In Mirpur Is Available For Sale Near Adarsha Abason Road,1.508285085632233,2.083652190113054,3,vacant,389.7953886404958,dhaka,"৳6,500,000","Paikpara, Mirpur"
A 1125 Sq Ft Flat Can Be Found In Dakshin Khan For Sale,3.3256582304706135,2.870225504153659,3,vacant,568.3678163478689,dhaka,"৳4,775,000","Faydabad, Dakshin Khan"
1050 Square Feet Residential Apartment For Sale At West Kazipara Nearby Baish Bari Masjid,3.037546202546664,2.9783880306426376,1,vacant,782.2255838361285,dhaka,"৳6,200,000","West Kazipara, Mirpur"
"1215 Square Feet Apartment Is Ready For Sale At Ranavola, Turag",3.2214734517272543,2.955410304280416,6,vacant,1506.3780230923244,dhaka,"৳7,500,000","Ranavola, Turag"
A well-constructed 2100 SQ FT flat is for sale in Bashundhara R-A,2.800141182382489,2.986408392532698,6,vacant,1814.0176807547748,dhaka,"৳15,750,000","Block J, Bashundhara R-A"
"800 Sq Ft Apartment Is Available For Sale In Tongi, Gazipur",2.6560486897637383,3.083010992387743,3,vacant,499.7007210169164,gazipur,"৳2,560,000","Tongi, Gazipur Sadar Upazila"
Uttara Is Offering You A 1450 Sq Ft Residential Apartment Up For Sale,2.057769005056422,2.0542210574612825,3,vacant,-526.9652935415504,dhaka,"৳9,500,000","Sector 10, Uttara"
3 Katha Plot now up for sale in Bproperty Village,2.9925553033398336,2.9267463590239235,,vacant,1355.0544113000883,narayanganj-city,"৳3,375,000","Rupganj, Narayanganj"
Grab This 1493 Sq Ft Residential Apartment For Sale In Bakalia,2.8911012577401642,3.0133751181885495,2,vacant,709.1383000333557,chattogram,"৳9,800,000","17 No West Bakalia Ward, Bakalia"
Near Bahaddarhat Bwdb Office 1320 Sq.ft Flat For Sale In Bahaddarhat .,3.0187563402657362,3.145829911634598,2,vacant,1535.1547644687632,chattogram,"৳5,940,000","Bahaddarhat, 4 No Chandgaon Ward"
"A Nicely Constructed Apartment Of 1200 Sq Ft Is Available Right Now For Sale In Section 1, Mirpur",3.6131134422406648,1.918656332965573,2,vacant,844.4498431569012,dhaka,"৳8,700,000","Section 1, Mirpur"
1370 square feet apartment is ready to sale in Shukrabad,3.1848855225367054,3.0142036149268088,6,vacant,704.7976886682621,dhaka,"৳12,500,000","Shukrabad, Dhanmondi"
"750 Sq Ft Apartment Is Available For Sale At Section 11, Mirpur",4.232511873073639,3.9811004978774434,2,vacant,3053.2848783936956,dhaka,"৳4,000,000","Section 11, Mirpur"
Set Up Your New Office In The Busiest Location Of Sheikh Mujib Road As An Office Space Is Prepared To Be Sale Nearby Bangladesh Small &amp; Cottage Industry Corporation.,3.186970565101037,2.9938353734858922,11,vacant,2756.4953808086702,chattogram,"৳71,825,000","Sheikh Mujib Road, Double Mooring"
Your Desired 3-Bedroom Home In Uttar Badda Very Near To Sadhinata Sarani Ideal School Is Now Vacant For Sale,3.3277684336947226,1.8404508739495815,6,vacant,1451.2847223758697,dhaka,"৳6,050,000","Uttar Badda, Badda"
120 Sq Ft Commercial Space Is Available For You To Buy At Tongi,2.9578904436485285,3.138033868911987,4,vacant,1754.0710643811606,gazipur,"৳5,000,000","Tongi, Gazipur Sadar Upazila"
"Feel Satisfied Living In This 1227 Sq Ft Flat In Bashabo, Madartek",2.5447765269075133,2.9242347582003365,4,vacant,1466.2052493097515,dhaka,"৳5,800,000","Madartek, Bashabo"
136 Sq Ft Commercial Area Is Up For Sale At South Agrabad,2.958219558581622,3.1003943954077866,2,vacant,536.966363468988,chattogram,"৳4,187,500","South Agrabad, Double Mooring"
2200 Sq Ft Flat Is Up For Sale In Mirpur DOHS Nearby Mirpur Dohs Central Mosque,3.179836532719156,2.939202384725375,4,vacant,973.7986881255985,dhaka,"৳21,000,000","Mirpur DOHS, Mirpur"
Flat For Sale In Mirpur Near Progoti High School,1.785144920521097,2.9387984827785165,3,vacant,-312.8150397278314,dhaka,"৳3,120,000","Section 11, Mirpur"
A Fine Flat Is Now For Sale Which Is In Mirpur Near Popular Diagnostic Center Limited,2.9609268871196313,3.1186961332423744,5,vacant,2312.235517292897,dhaka,"৳11,000,000","Section 6, Mirpur"
Grab A 3 Bedroom Flat For Sale At Lalmatia,2.8467414079613507,3.097245073224584,4,vacant,2270.2381590900263,dhaka,"৳32,960,000","Block C, Lalmatia"
"This 1379 Sq Ft Commercial Office For Sale Is Available In 15 No. Bagmoniram Ward, Near Premier University",4.332768078781923,4.020416586144124,4,vacant,2488.67009552279,chattogram,"৳20,685,000","O. R. Nizam Road, 15 No. Bagmoniram Ward"
You Will Love To Live In This 1375 Sq Ft Apartment In 12 No. Sarai Para Ward,3.1660389575239263,3.074473576400957,1,vacant,1431.40579483773,chattogram,"৳4,812,500","12 No. Sarai Para Ward, Double Mooring"
"Make This 1100 Sq Ft Flat Your Next Residing Location, Which Is Up For Sale In North Shahjahanpur",4.144346004123437,4.971767007812578,3,vacant,1565.1791359188442,dhaka,"৳9,000,000","Amtola Masjid Goli Road, North Shahjahanpur"
A Beautiful Apartment Is Up For sale At Uttara Near Atlantic Maritime Academy,4.137713080142589,4.999181282648516,5,vacant,2407.8734859050924,dhaka,"৳29,000,000","Sector 13, Uttara"
This Wonderful Flat Is Set For Sale With An Amazing Floor Plan Which Is 1800 Sq Ft In Pirerbag,3.9917475893411374,4.9352644036670155,9,vacant,3609.9021145047536,dhaka,"৳7,500,000","Pirerbag, Mirpur"
For Selling Purpose This 1055 Sq.Ft Flat Is Now Vacant In Army Housing Society Road-Moushair .,4.043767739215003,5.08845681066679,3,vacant,2701.1771130193247,dhaka,"৳5,300,000","Moushair, Dakshin Khan"
Acquire This 930 Sq Ft With 2 Bedrooms Flat Which Is Up For Sale In Middle Monipur Beside To Baitur Rowshan Jame Masjid .,3.7374274865940573,4.9321540650410425,3,vacant,2189.8049119967827,dhaka,"৳5,200,000","Middle Monipur, Mirpur"
Ready Apartment For Sale At Ashkona Nearby Chad Jame Masjid,2.5156032442482954,4.145312782799985,2,vacant,700.7761516542325,dhaka,"৳7,500,000","Ashkona, Dakshin Khan"
"In the location of Mirpur, very close to Medicine Point is up for sale",3.0332498247587716,2.9690977033776242,5,vacant,2264.623425657831,dhaka,"৳3,700,000","Section 6, Mirpur"
"A Five Katha Residential Plot Is Available For Sale In Bproperty Village, Narayanganj City.",3.0717786387924515,3.002006628136225,,vacant,1827.7750569871516,narayanganj-city,"৳7,625,000","Rupganj, Narayanganj"
"150 Sq Ft Vacant Shop For Sale In 9 No. North Pahartali Ward, Dhaka Trunk Road",3.267907330486524,3.0742365478526237,4,vacant,536.5815672195788,chattogram,"৳3,000,000","Dhaka Trunk Road, 9 No. North Pahartali Ward"
"5 Katha Plot In Bproperty Village, Narayanganj Is Up For Sale",2.3481226480758073,2.0023349766943994,,vacant,258.13714179398664,narayanganj-city,"৳7,625,000","Rupganj, Narayanganj"
"Buy This 1300 Sq Ft Residential Flat In Cantonment, Manikdi",3.3478263681632963,2.9708516303245753,7,vacant,280.2933175897949,dhaka,"৳7,400,000","Manikdi, Cantonment"
For Selling Purpose This Flat Is Now Vacant In The Location Of South Monipur .,21.77889219313678,9.997062403049235,9,vacant,7920.62555420896,dhaka,"৳6,300,000","South Monipur, Mirpur"
Attention Plot Finders! A 5 Katha Plot Is Up For Sale In Bproperty Village,,,,vacant,274.92011060857163,narayanganj-city,"৳7,625,000","Rupganj, Narayanganj"
A 3 katha Residential Plot Is For Sale In Bproperty Village,,,,vacant,-157.18435288446415,narayanganj-city,"৳4,575,000","Rupganj, Narayanganj"
"Start A New Home, In This 2900 Sq Ft Flat For Sale In Bashundhara R/A Block C, Near Independent University, Bangladesh",,,5,vacant,586.1645084010013,dhaka,"৳35,000,000","Block C, Bashundhara R-A"
A Decent Apartment In Tongi Near College Road Is Up For Sale,2.3279095715493914,2.001006488630243,2,vacant,1167.477734718192,gazipur,"৳2,800,000","Tongi, Gazipur Sadar Upazila"
"For Selling Purpose This Residential Plot Is Now Available In Bproperty Village, Rupganj.",3.247997595609437,3.0845939763567793,,vacant,2120.034919228448,narayanganj-city,"৳12,500,000","Rupganj, Narayanganj"
A 1420 Sq. Ft Brand New Apartment Which Is Up For Sale At Pallabi Near To Popular Hospital.,2.914087257099315,2.990230786693659,2,vacant,1469.7933563772688,dhaka,"৳8,200,000","Pallabi, Mirpur"
Lovely Apartment Covering An Area Of 1260 Sq Ft Is Up For Sale In Uttara Near Uttara South Lake,2.804330944900207,3.1769301760391917,1,vacant,3334.784895977542,dhaka,"৳7,000,000","Sector 5, Uttara"
Reasonable 1550 SQ FT flat is available for sale in Chandgaon,3.1747791265497747,2.984683729480155,2,vacant,1344.8999507649787,chattogram,"৳7,750,000","Chandgaon Residential Area, 4 No Chandgaon Ward"
Available In Darussalam 1485 Sq Feet Flat For Sale,2.7561532614364808,2.976744218855866,5,vacant,705.7507317755712,dhaka,"৳8,167,000","Darussalam, Mirpur"
Celebrate Life Each Day In Your New Apartment Of 1017 Sq Ft At 33 No. Firingee Bazaar Ward With Your Beloved Family,2.947175458580367,2.983265631510669,9,vacant,643.6619303404037,chattogram,"৳4,500,000","Huseyn Shaheed Suhrawardy By Lane, 33 No. Firingee Bazaar Ward"
Close To Tan Mushri Madhya Para Jame Masjid 5 Katha Plot Now For Sale In Bproperty Village,2.9745714422478584,2.8711752936987582,,vacant,1174.9098589511502,narayanganj-city,"৳7,625,000","Rupganj, Narayanganj"
"Set Up Your New Office In The Busiest Location Of West Rampura, An Open Space Is Prepared To Be Sale Nearby Rajdhani Ideal School &amp; College",3.352902777968838,2.8985630949768706,5,vacant,265.9929287412433,dhaka,"৳31,200,000","West Rampura, Rampura"
A Flat With All Facilities Is Up For Sale At West Shewrapara Near Baitul Arafa Masjid,2.921418347938174,2.9480777342058033,2,vacant,1487.4718139135123,dhaka,"৳5,000,000","West Shewrapara, Mirpur"
A Fascinating Apartment In kafrul Near High-tech Multicare Hospital Is Up For Sale,2.4595948015651015,3.111133482132217,7,vacant,114.06935251283676,dhaka,"৳6,300,000","South Kafrul Road, Kafrul"
"1175 Sq Ft Flat For Sale In Manoharpur, With Splendid Features And Price",3.111757528056448,2.996758832909748,7,vacant,1350.4054696670523,cumilla,"৳5,000,000","Manoharpur, Kandirpar"
"Offering You An Excellent Plot For Sale In Rupganj, Bproperty Village",2.8451347343611744,2.952580752793505,,vacant,438.8813726731963,narayanganj-city,"৳7,625,000","Rupganj, Narayanganj"
"Have A Look At This Plot Which Is Up For Sale Located At Rupganj, Bproperty Village",3.0094447189235805,3.1200083598554906,,vacant,956.2736986048204,narayanganj-city,"৳7,625,000","Rupganj, Narayanganj"
2000 Sq Ft Apartment Is Available For Sale At Halishahar,2.9807909488545645,3.1517724827857836,1,vacant,1814.230871157447,chattogram,"৳11,000,000","26 No. North Halishahar Ward, Halishahar"
"Buy The Shop For Your Business Or Store, Ready For Sale In Korbanganj",19.93936206453273,10.12283091911137,1,vacant,15788.164718159942,chattogram,"৳1,240,000","Korbanigonj, Kotwali"
This 3 Bedroom Apartment Is For Sale At Firingee Bazaar Near Firingee Bazaar Masjid,7.175096534678774,7.916530753210188,1,vacant,3238.5131015961488,chattogram,"৳6,175,000","Kobi Kazi Nazrul Islam Road, 33 No. Firingee Bazaar Ward"
1300 Sq Ft Flat Is Now Vacant For Sale In Shyampur,2.6604004216457233,2.9515431789902196,6,vacant,2159.434910167595,dhaka,"৳8,000,000","West Dolairpar, Shyampur"
Buy This 800 Sq Ft Ready Apartment In 33 No. Firingee Bazaar Ward,,,3,vacant,-336.0589515598918,chattogram,"৳4,500,000","Abhoy Mitra Lane, 33 No. Firingee Bazaar Ward"
"Live Permanently In A 1550 Sq Ft Property, Which Is Up For Sale Located At Uttar Badda",,,2,vacant,-361.09007873592884,dhaka,"৳14,500,000","Uttar Badda, Badda"
"1350 Sq Ft Flat Sale In Free School Street Road, Kathalbagan",,,2,vacant,-269.7658498967116,dhaka,"৳14,200,000","Free School Street, Kathalbagan"
Unlock The Potential Of This 1487 Sq ft Apartment For Sale In Bakalia,,,8,vacant,618.4936185301553,chattogram,"৳9,000,000","17 No West Bakalia Ward, Bakalia"
20 Katha Plot is now available for sale in Gazipur Sadar Upazila,,,,vacant,5230.950151789258,gazipur,"৳8,000,000","Maleker Bari Bazar Road, Gazipur Sadar Upazila"
Check Out This 141 Sq Ft Flat For Sale At South Agrabad,3.2488167537374677,2.944087417015399,1,vacant,3000.1933415409826,chattogram,"৳4,330,000","South Agrabad, Double Mooring"
"Built With Modern Amenities, Check This 1050 Sq Ft Flat Which Is Up For Sale At Shah Shuja Mosque Road, Moghultoli",2.9900315065213388,2.0214707570373074,1,vacant,1474.624254351599,cumilla,"৳4,410,000","Shah Shuja Mosque Road, Moghultoli"
A 1300 Sq Ft Flat Is Up For Sale In A Well Secured Location Of South Khulshi,2.565583145740997,3.090657810235401,2,vacant,791.4764612493685,chattogram,"৳9,700,000","South Khulshi, Khulshi"
Modern Shop In Chandgaon Ward Near CIDC &amp; CIMC Female Hostel Is Reay For Sale,3.1564045413888255,2.8864735321630164,1,vacant,1151.062990426536,chattogram,"৳3,312,000","Chand Mia Road, 4 No Chandgaon Ward"
This 1335 Sq.ft Home Which Is For Sale Will Ensure Your Good Quality Of Living In Bahaddarhat,2.6322590251716926,3.0012079218323686,10,vacant,1516.893448086505,chattogram,"৳4,672,500","Bahaddarhat, 4 No Chandgaon Ward"
Modern 1520 Sq Ft Apartment For Sale in South Khulshi,3.0684131430595754,2.890964300048096,3,vacant,2682.0351176973118,chattogram,"৳10,000,000","South Khulshi, Khulshi"
This 1630 Sq.Ft Brand new Flat In Muradpur With A Convenient Price Is Up For Sale,2.8033862312697835,2.903763115847437,4,vacant,1212.6480499855252,chattogram,"৳8,150,000","1 No Railway Gate, Muradpur"
"3 Katha Plot For Sale In Bproperty Village, Rupganj, Narayanganj",2.7430426269349515,2.944904360047713,,vacant,1192.0872613693075,narayanganj-city,"৳4,575,000","Rupganj, Narayanganj"
Buy This Flat At South Monipur For The Ideal Urban Lifestyle You Dream About.,2.9020967486501035,3.0466830095119786,6,vacant,1643.5980813341257,dhaka,"৳4,500,000","South Monipur, Mirpur"
"1500 Sq Ft Flat For Sale At 11 No. South Kattali Ward, Maij Para",2.9593912198295254,2.9684922032273096,5,vacant,1839.4701114697466,chattogram,"৳9,000,000","Maij Para, 11 No. South Kattali Ward"
"Take A Quick Look At This 1485 Sq Ft Flat For Sale In Proshanti R/A, 10 No. North Kattali Ward .",1.857278450766849,1.93655655010446,2,vacant,1732.9091897463225,chattogram,"৳8,000,000","Proshanti R/A, 10 No. North Kattali Ward"
950 Sq. Ft. Flat Ready For Sale At North Pirerbag.,3.130424662917773,3.005044275027557,3,vacant,2001.76589279472,dhaka,"৳3,500,000","Pirerbag, Mirpur"
"5 Katha Plot In Rupganj, Bproperty Village Is Up For Sale",,,,vacant,434.20127989457865,narayanganj-city,"৳7,625,000","Rupganj, Narayanganj"
3 Katha Residential Plot Is Ready For Sale In 4 No Chandgaon Ward,2.217157044581896,2.0419555752964453,,vacant,900.0597014180545,chattogram,"৳18,000,000","Shamsher Para, 4 No Chandgaon Ward"
Notable 2500 Square Feet Apartment For Sale In Banani Dohs,,,3,vacant,628.7558487054093,dhaka,"৳65,000,000","Road No 5, Banani DOHS"
"See This Plot Up For Sale In Narayanganj, Bproperty Village",,,,vacant,-574.5526875055363,narayanganj-city,"৳4,575,000","Rupganj, Narayanganj"
Apartment For Sale In Chandgaon Nearby Ebl,,,1,vacant,-955.3915760239265,chattogram,"৳7,000,000","Chandgaon Residential Area, 4 No Chandgaon Ward"
A Nice And Cozy Flat Of 1162 Sq Ft Is Ready For Sale In Khulshi,,,4,vacant,368.0707319627906,chattogram,"৳6,972,000","Khulshi Green Housing Society, Khulshi"
Covering 1438 Sq Ft Space A Flat Is Up For Sale In Thakur Para Nearby Thakurpara Jame Masjid,,,5,vacant,-495.91339554491833,cumilla,"৳5,033,000","South Thakur Para, Thakur Para"
Covering 1020 Sq Ft Space A Flat Is Up For Sale In Moghultoli Nearby Shah Suja Masjid,3.921442663840243,4.052524058318662,7,vacant,3659.6532036846206,cumilla,"৳4,080,000","Shah Shuja Mosque Road, Moghultoli"
"View This 1015 Sq Ft Flat For Sale At Double Mooring, 24 No. North Agrabad Ward",1.4744503494854655,2.3034991296413296,9,vacant,972.074343199984,chattogram,"৳5,887,000","24 No. North Agrabad Ward, Double Mooring"
1672 Sq Ft Secured Flat Is Up For Sale At 7 No. West Sholoshohor Ward,2.8813146889332395,2.987996938413705,11,vacant,1949.4900974697744,chattogram,"৳8,000,000","Bibirhat, 7 No. West Sholoshohor Ward"
Check this 1584 SQ FT apartment up for sale at Mirpur very near to Aklima General Hospital LTD,2.8003798112024922,3.9883443987500278,2,vacant,2325.0120811302104,dhaka,"৳12,000,000","Section 2, Mirpur"
"In The Suitable Location of Shantinagar, an Eye-catching Flat of 1150 Sq Ft Is Up For Sale",3.349084549773547,3.072757055418671,1,vacant,1927.3188053849813,dhaka,"৳9,000,000","Shantinagar Bazar Rd, Shantinagar"
600 Sq Ft Ready Commercial Space Is Available For Sale In O.r. Nizam Road Near Asian University For Women,,,,vacant,14645.486018208518,chattogram,"৳30,900,000",15 No. Bagmoniram Ward
Worthy 1397 Sq Ft Nice Flat Is Ready For Sale At Demra,2.6806749696187797,3.0953941927381097,8,vacant,1283.689244091318,dhaka,"৳8,000,000","Matuail, Demra"
Visit This 1332 Sq Ft Apartment For Sale In Ibrahimpur Near Baitul Abrar Jame Masjid,,,4,vacant,179.9258171871635,dhaka,"৳5,791,500","Anando Road, Ibrahimpur"
We Have A 2000 Sq Ft Ready Flat For sale In North Pahartali Ward Nearby Foy’s Lake Amusement World,,,4,vacant,-234.2121217545067,chattogram,"৳10,500,000","Foy's Lake Approach Road, 9 No. North Pahartali Ward"
In The Location Of Purbachal Marine City A 3 katha Plot Is For Sale.,,,,vacant,6.653107905595007,narayanganj-city,"৳3,900,000","Rupganj, Narayanganj"
Lovely Apartment Of 2200 Sq Ft Is Up For Sale In Halishahar Housing Estate,,,8,vacant,1689.4290490438873,chattogram,"৳12,100,000","26 No. North Halishahar Ward, Halishahar"
Amazing 1400 Sq Ft Apartment Is Up For Sale And All Set For You To Settle In Bakalia,,,6,vacant,234.7678725259151,chattogram,"৳7,700,000","Dewan Bazar, Bakalia"
"We Have A 5 Katha Nice Plot Which Is Ready For Sale In Rupganj, Bproperty Village",,,,vacant,386.2691079458874,narayanganj-city,"৳7,625,000","Rupganj, Narayanganj"
Visit This Apartment For Sale In Dakshin Khan Near Nogoriabari Mohammadia Jame Masjid,,,5,vacant,-323.0465837350782,dhaka,"৳3,300,000","South Chalabon, Dakshin Khan"
"1350 Sq Ft Flat Sale In Free School Street Road, Kathalbagan",,,2,vacant,724.5862702377609,dhaka,"৳14,200,000","Free School Street, Kathalbagan"
Modest 1500 Sq Ft Apartment For Sale At South Khulsi,3.343371545780575,2.9064731741073344,4,vacant,1658.0581996192673,chattogram,"৳11,200,000","Paharicka R/A Road, South Khulsi"
3 Katha Residential Plot With Building Is Available For Sale In 24 No. North Agrabad Ward,2.9034658851491746,3.0072642514702617,,vacant,1662.3239238734832,chattogram,"৳12,500,000","24 No. North Agrabad Ward, Double Mooring"
"Make This 1300 Sq Ft Flat Your Next Residing Location, Which Is Up For Sale In Pallabi Near Pallabi Mazedul Islam Model High School .",,,7,vacant,258.47029862926865,dhaka,"৳7,800,000","Pallabi, Mirpur"
"Buy This 1505 Sq Ft Flat In Middle Badda, Adarsha Nagar",,,3,vacant,773.0914593369673,dhaka,"৳11,500,000","Middle Badda, Badda"
A Commercial Space Is Available For Sale Which Is Located In Bahaddarhat Nearby Bahaddarhat Jame Masjid,,,5,vacant,916.180403614163,chattogram,"৳3,354,000","CDA Avenue, Sholokbahar"
"3 Bedroom, 2 Bathroom Apartment With A View Is Up For Sale Nearby Darul Ma&#039;Arif Al Islamia.",,,1,vacant,295.56488890786227,chattogram,"৳2,500,000","Kalu Shah Bazar, 4 No Chandgaon Ward"
A must see 1085 SQ Ft South facing apartment for sale is all set for you to settle in Dakshin Khan close to Hazi Billat Ali high school,,,,,40.94694841897932,dhaka,"৳4,500,000","South Chalabon, Dakshin Khan"
Here Is A Well Defined Flat Of 1150 Sq Ft Waiting For Sale At Bashundhara R/A,3.403668447000493,2.8879469734232632,1,vacant,2088.972038112446,dhaka,"৳9,000,000","Block I, Bashundhara R-A"
Best Location | Spacious and Bright 3 Bed Apartment | For Sale in Khulshi,,,1,vacant,-424.7284391851691,chattogram,"৳17,500,000","North Khulshi, Khulshi"
"At Aftab Nagar Near To Gazi Jame Mosjid, A 1300 Sq. Ft Apartment Which Is Up For Sale",,,6,vacant,-322.56546434328783,dhaka,"৳8,300,000","Block E, Aftab Nagar"
See This 1300 Sq Ft Ready Comfortable Flat For Sale At Bayazid Near To Rahman Nagar Jaame Masjid,,,6,vacant,87.88695949878482,chattogram,"৳7,500,000","Nasirabad, Bayazid"
Persuade This Serene Locality To Live In While Transcending Your Routined Mode Of Life,,,5,vacant,-939.1540399015394,chattogram,"৳11,500,000","Jamal Khan By-Lane, Jamal Khan"
"This 1686 Sq Ft Apartment Is Ready For Sale At Khulshi, Yakub Future Park Housing",,,7,vacant,613.6196917334465,chattogram,"৳11,296,200","Yakub Future Park Housing, Khulshi"
Worthy 900 SQ FT residence is for sale at North Pirerbag,2.7877566768923105,3.15366736431964,2,vacant,847.8518997495605,dhaka,"৳5,000,000","Pirerbag, Mirpur"
"You Can Buy This Lovely Apartment Of 1350 Sq Ft For Live A Relaxed Life At Banasree, Block C",2.782198023565645,2.929797301563889,8,vacant,1115.9303402204882,dhaka,"৳11,300,000","Block C, Banasree"
"Look At This Nice 2225 Sq Ft Flat Is Up For Sale At Block I, Bashundhara R/A",3.0612384058616557,1.9767121179473253,3,vacant,1371.500708561343,dhaka,"৳23,500,000","Block I, Bashundhara R-A"
An Apartment For Sale Is All Set For You To Settle In Khulshi Close To Green Crescent Medical Diagnostic,3.220557428677255,2.894370516603858,6,vacant,1158.6700033052973,chattogram,"৳7,000,000","Khulshi Green Housing Society, Khulshi"
5 Katha fine Plot now for sale in Bproperty Village,2.97125750578391,3.0969395210359623,,vacant,1092.951583670307,narayanganj-city,"৳7,625,000","Rupganj, Narayanganj"
Contact us to get 1350 SQ FT Flat which is now available in Jamal Khan for sale,3.0155332668124504,3.205227621535076,11,vacant,1509.4094699730283,chattogram,"৳9,450,000","Momin Road, Jamal Khan"
Residential Plot Is Available For Sale In Dakshin Khan Nearby Dobadiya Molla Bari Jame Mosjid,3.1265411418962037,2.827617795089065,,,1514.0748169654391,dhaka,"৳6,000,000",Dakshin Khan
3200 Square Feet Flat With 4 Amazing Bedrooms Is Ready For Sale In Gulshan 1,2.7847420667691902,4.966130317751016,1,vacant,1730.667337758469,dhaka,"৳58,000,000","Gulshan 1, Gulshan"
840 SQ FT flat is now Vacant for sale in Kafrul,3.163875673267951,3.123750391553471,8,vacant,1070.156375183425,dhaka,"৳5,000,000","North Kafrul Rd, Kafrul"
Ideal for a Family Home: Explore This Charming 2530 Square Feet Apartment,3.1815219163922634,2.8584258950278203,4,vacant,2201.5795969424717,chattogram,"৳29,095,000","Nasirabad, 15 No. Bagmoniram Ward"
"In The Location Of Sholoshohor, Close To Sholashohor Rail Station, A Flat Is Up For Sale",3.5768221359458243,3.0554462941027145,6,vacant,-255.8880076589944,chattogram,"৳6,800,000","Chasma Hill R/A, 7 No. West Sholoshohor Ward"
Express Your Individuality At This 1400 Sq.ft Apartment Which Is Vacant For Sale In The Location Of Jamal Khan Close To Ashkar Dighir Purba Par Masjid.,2.916675744656261,3.119513023076645,6,vacant,1076.0582226037275,chattogram,"৳10,000,000","Shahid Saifuddin Khaled Road, Jamal Khan"
1248 Sq.ft Flat For Sale Very Next To Khilkhet Bazar Masjid At Dumni .,2.8985139597787377,4.007654175096166,2,vacant,1711.4917286342313,dhaka,"৳3,244,800","Bazar Road, Dumni"
A Convenient 2252 Sq Ft Residential Flat Is Prepared To Be Sold At 31 No. Alkoron Ward,3.1703610601580925,4.05383962327126,1,vacant,1862.3186014741655,chattogram,"৳11,260,000","Alkaran Road, 31 No. Alkoron Ward"
Buy This 1460 Sq Ft Flat For Sale In Bayazid,3.1814689828954297,3.172292719779644,1,vacant,843.7999429742906,chattogram,"৳7,000,000","Green Valley, Bayazid"
Reasonable 1465 Sq Ft Flat Is Available For Sale In 16 No. Chawk Bazaar Ward,2.881453757447426,3.1906407265624765,1,vacant,1222.8832334544704,chattogram,"৳9,962,000","Katalganj Residential Area, 16 No. Chawk Bazaar Ward"
An Adequate And Cozy 1500 Sq. Ft Flat Is Ready For Sale At 15 No. Bagmoniram Ward.,3.910681054131294,3.9939369156660898,10,vacant,1638.329059338232,chattogram,"৳10,000,000","Chatteshwari Road, 15 No. Bagmoniram Ward"
"A Perfect Residential Plot Is Available For Sale At Bproperty Village, Narayanganj",3.119885194767349,3.9479103280631507,,vacant,2794.7109967625065,narayanganj-city,"৳7,625,000","Rupganj, Narayanganj"
Obtain This Well Fitted Flat Of 1860 Sq Ft Which Is Up For Sale In Bashundhara R-a,2.816652293900711,2.9099859954028253,7,vacant,1650.1388493059412,dhaka,"৳12,000,000","Block J, Bashundhara R-A"
"Choose Your Destination, 1150 Sq Ft Apartment Which Is Available To Sale In Double Mooring",3.9090479720692515,4.095589518153094,2,vacant,2061.957591803627,chattogram,"৳6,200,000","24 No. North Agrabad Ward, Double Mooring"
Buy This Great 2350 Square Feet Flat Available For Sale In Bashundhara R-a,3.019848889782516,2.8657807816940988,1,vacant,1356.2990824377882,dhaka,"৳19,500,000","Block M, Bashundhara R-A"
A Convenient And Well-constructed 1050 Sq.Ft Flat Is For Sale At Moghultoli Very Close To Shah Shuja Mosque,3.2206459044164544,2.9752872911672696,7,vacant,2033.8390230545688,cumilla,"৳4,200,000","Shah Shuja Mosque Road, Moghultoli"
A 1517 Sq. Ft Apartment Which Is Up For Sale At Uttara Near To Trust Bank Limited | Atm Booth.,2.86605379376374,3.010047518857761,5,vacant,676.5425170810311,dhaka,"৳11,500,000","Sector 10, Uttara"
"An Apartment Is Up For Sale In Ibrahimpur, Near Ibrahimpur Central Jame Masjid.",1.5918276977260604,1.9507845115918714,5,vacant,826.617442238898,dhaka,"৳4,800,000","North Ibrahimpur, Ibrahimpur"
"Build Your Residence In This 2100 Sq Ft Apartment For Sale In Banasree, Block E",2.575386127612551,3.027378572991559,6,vacant,1444.5049985513572,dhaka,"৳14,000,000","Block E, Banasree"
"A Finely Built 1090 Sq Ft Flat Is Up For Sale In Ali And Nur Real Estate, Mohammadpur",2.7209824868015158,3.2509207653988375,3,vacant,1287.5687179973538,dhaka,"৳6,540,000","Ali And Nur Real Estate, Mohammadpur"
"A Plot Is Up For Sale In The Beautiful Location Of Bproperty Village, Narayanganj ,",2.7090733764554726,2.9881023774984774,,vacant,3144.1694048607587,narayanganj-city,"৳4,575,000","Rupganj, Narayanganj"
"Pursue This 1756 Sq Ft Ready Flat Up For Sale At Bayazid, Polytechnic",2.9657466557047214,2.957398422338562,4,vacant,1176.3325176540404,chattogram,"৳9,000,000","Polytechnic, Bayazid"
1650 Square Ft Well Designed Apartment For Sale In Mirpur,2.7366087483787895,4.0993435427651805,3,vacant,2170.979997445852,dhaka,"৳11,000,000","Middle Monipur, Mirpur"
"Offering You A 650 Sq Ft Nice Flat For Sale In Section 6, Mirpur",2.844307680727783,3.0234416842124485,5,vacant,738.309557166107,dhaka,"৳3,500,000","Section 6, Mirpur"
1605 Sq Feet | Flat For Sale | Uttara,1.8285046230347426,2.140829540951152,3,vacant,1181.9640453366142,dhaka,"৳17,000,000","Sector 11, Uttara"
A 3 Bedroom And 1550 Sq Ft Properly Developed Flat For Sale In South Agrabad Near To Bangladesh Bank Colony High School,1.9024073902936007,2.016113600706268,6,vacant,1398.6427293356764,chattogram,"৳9,300,000","South Agrabad, Double Mooring"
"Buy This 2295 Sq Ft Flat In 15 No. Bagmoniram Ward, Nasirabad",3.292995109810074,2.9756934225912217,4,vacant,1405.7562577775832,chattogram,"৳25,000,000","Nasirabad, 15 No. Bagmoniram Ward"
"In Bproperty Village,rupganj This 5 Katha Residential Plot Is For Sale",3.1466516230085535,2.825474248470817,,vacant,1574.042583358308,narayanganj-city,"৳7,625,000","Rupganj, Narayanganj"
Deal With This 1030 Sq Ft Apartment For Sale In Mirpur-7,3.003573402133604,2.8415196106741774,6,vacant,1110.6009276055065,dhaka,"৳6,000,000","Section 7, Mirpur"
"5 Katha Plot, now for sale in Bproperty Village",1.897861623221647,1.8203889536630475,,vacant,460.50563698130236,narayanganj-city,"৳7,625,000","Rupganj, Narayanganj"
Find 750 Sq Ft Flat Available For Sale In Kadamtali,,,5,vacant,3144.6611543804083,dhaka,"৳4,000,000","Kadamtali, Shyampur"
Residential Apartment Is On Sale In Chasma Hill R/a Nearby Jamuna Bank Limited,3.0726108116733655,2.8667128457807873,8,vacant,1026.2187548907352,chattogram,"৳6,500,000","Chasma Hill R/A, 7 No. West Sholoshohor Ward"
Grab This 10 Katha Plot Up For Sale At ajandrapur Chowrasta - Bhawal Mirzapur Road.,3.1294201294580115,3.122849989285173,,vacant,45.81741383941153,gazipur,"৳9,000,000","Bhawal Mirzapur, Gazipur Sadar Upazila"
"Tastefully Designed This Apartment Is Now Vacant For Sale In O.r Nizam Road, Panchlaish",2.7989212704058044,3.0029594274867693,2,vacant,2463.6133031070694,chattogram,"৳13,300,000","O. R Nizam Road, Panchlaish"
An Apartment For Sale Is Available In South Agrabad,3.0080821534889313,2.976107915601638,3,vacant,840.74382937898,chattogram,"৳7,150,000","South Agrabad, Double Mooring"
A 1190 Sq Ft Apartment For Sale Is All Set For You In Cumilla Near Bagichagaon Primary School,,,4,vacant,,cumilla,"৳5,260,000","South Bagichagaon, Bagichagaon"
1790 Sq Ft Residential Apartment For Sale At 24 No. North Agrabad Ward,,,7,vacant,,chattogram,"৳7,518,000","24 No. North Agrabad Ward, Double Mooring"
"Buy This 900 Sq Ft Apartment In Mirpur-10, Block D",4.16885086537461,4.921285178282614,3,vacant,2514.601494755784,dhaka,"৳6,000,000","Section 10, Mirpur"
"Residential Plot For Sale Covering A Beautiful Area In Bproperty Village, Rupganj .",2.937952008071828,2.903587241592883,,vacant,1076.5909722538547,narayanganj-city,"৳4,575,000","Rupganj, Narayanganj"
Discover Your Ideal 2650 Sq Ft Flat For Sale In Bashundhara R-A Today!,3.402443692637333,2.116272225811035,1,vacant,260.0353283407393,dhaka,"৳21,000,000","Block A, Bashundhara R-A"
Residential Apartment Is On Sale In Zakir Hossain Road Nearby Chattogram Diabetic General Hospital,2.8047654366636228,3.0346973487926863,1,vacant,415.0254582365304,chattogram,"৳7,755,000","West Khulshi, 9 No. North Pahartali Ward"
Reasonable And Cozy Flat Of 1275 Sq Ft Is Up For Sale At Lal Khan Bazaar,3.0481729827573067,2.9770137002095933,9,vacant,1201.7535744683744,chattogram,"৳7,393,750","Hill Side Residential Area, Lal Khan Bazaar"
A Convenient 1175 Sq Ft Residential Apartment Is Prepared For Sale At South Pirerbag,2.992063182453837,3.062759999853926,6,vacant,1988.590056620522,dhaka,"৳6,300,000","Pirerbag, Mirpur"
A Delightful Apartment Of 1554 Sq Ft Is Ready For Sale In A Great Location Of Pallabi,,,1,vacant,374.07667337543813,dhaka,"৳11,500,000","Pallabi, Mirpur"
"We Are Happy To Present This Modern 1722 Sq Ft Apartment For Sale In Block G, Bashundhara R/A",,,5,vacant,-127.95604403784154,dhaka,"৳18,200,000","Block G, Bashundhara R-A"
A Comfortable And Convenient 1415 Sq.Ft House Is For Sale At Mogbari Choumohoni,3.0237286557637924,2.9200768038845935,2,vacant,1174.2051659648541,cumilla,"৳5,665,000","Mogbari Choumohoni, Chotora"
Suitable 1000 Sq Ft Residential Flat For Sale In Mirpur,2.187861588982036,2.202574890106005,4,vacant,33.09531991928043,dhaka,"৳6,500,000","Section 1, Mirpur"
"See This Residential Plot In Bproperty Village, Rupganj Is For Sale",4.305231499220673,4.943287997417541,,vacant,2817.2470376940764,narayanganj-city,"৳4,575,000","Rupganj, Narayanganj"
5 Katha Ready Plot For Sale In Purbachal Marine City,2.9995014680709318,4.152245966104515,,vacant,2097.245761465854,narayanganj-city,"৳6,500,000","Rupganj, Narayanganj"
We are offering you a very spacious 1090 SQ FT flat for Sale in Mirpur near to Holy Crescent School,3.1806297464604327,2.9815204249908027,1,vacant,2442.1152814424527,dhaka,"৳5,500,000","West Shewrapara, Mirpur"
Flat For Sale In Agargaon Close To Agargaon Jame Masjid,3.8445265708538656,5.0789691457504915,1,vacant,2504.5064285839485,dhaka,"৳8,500,000","West Agargaon, Agargaon"
Settle Down In This 1450 Sq Ft Apartment Up For Sale At Khulshi,3.1696941148938866,3.0718389415392457,6,vacant,594.0490742415727,chattogram,"৳8,500,000","Yakub Future Park Housing, Khulshi"
"In Halishahar Near Navy Hospital, A 110 Sq. Ft Shop Is Vacant For Sale.",2.831184076394739,3.1122119031898117,,vacant,1619.4397076795497,chattogram,"৳2,750,000","39 No. South Halishahar Ward, Halishahar"
"1255 Sq Ft Residential Apartment For Sale In Jhigatola Road, Dhanmondi",3.241630987606337,2.91775049772233,12,vacant,1802.5031794461354,dhaka,"৳19,452,500","Jhigatola Road, Dhanmondi"
"1616 Sq Ft Flat For Sale In Ecb Main Road, Manikdi",3.4897579169941233,3.1052438512421743,8,vacant,1561.9080974050391,dhaka,"৳7,272,000","Manikdi, Cantonment"
Buy This 1239 Sq Ft Flat With 3 Bedrooms For Sale In Uttara-12,2.972952843095022,3.1806619982625195,6,vacant,1716.202257257649,dhaka,"৳11,000,000","Sector 12, Uttara"
Valuable 1705 Square Feet Apartment Is Ready To Sale In Kalabagan,2.514251480664245,2.974688593000607,1,vacant,542.8919483379623,dhaka,"৳16,900,000","Lake Circus Road, Kalabagan"
850 Sq Ft Flat For Sale In South Badda,2.8785768141303145,3.003395760462294,1,vacant,524.4774382259083,dhaka,"৳5,000,000","South Badda, Badda"
A Fine 1654 Sq Ft Flat Is Now For Sale Which Is In Uttara Sector 18.,3.272916603477365,2.9487841879238084,1,vacant,1708.400139704305,dhaka,"৳8,500,000","Sector 18, Uttara"
Offering You A Nice Flat For Sale In Uttara Near Asian University Of Bangladesh,2.1225317680141234,1.9661034906934858,5,vacant,1953.3157137673513,dhaka,"৳13,500,000","Sector 6, Uttara"
"An Apartment Of 900 Sq Ft Is Up For Sale In Ashkona Medical Road, Dakshin Khan",3.0551457302926313,3.167451467522517,4,vacant,1747.8064807151625,dhaka,"৳4,600,000","Ashkona, Dakshin Khan"
An Apartment Up For Sale At Pallabi Near To Pallabi Jhil Jame Mashjid,3.2234661079518494,2.901742254899156,6,vacant,2055.005306764531,dhaka,"৳9,800,000","Pallabi, Mirpur"
With An Awesome Environment This 1390 Sq Ft Flat Is Vacant For Sale In North Bagichagaon,3.1073285623699882,2.9078198681249896,9,vacant,1885.2096089545994,cumilla,"৳5,560,000","North Bagichagaon, Bagichagaon"
Get comfortable in a 1650 SQ FT flat for sale in Bashabo,3.2697817440074677,3.1576160642503073,4,vacant,1310.7400043916996,dhaka,"৳9,500,000","Bashabo Madartek Road, Bashabo"
"An Apartment Is Ready For Sale At Uttara -9, Near Uttara Ideal College",,,5,vacant,,dhaka,"৳6,200,000","Sector 9, Uttara"
At Kazirhat 125 Sq Ft Shop Is Ready For Sale,,,,vacant,,chattogram,"৳3,500,000","Mohara, 4 No Chandgaon Ward"
Well Developed Apartment Of 1253 Sq Ft Is Up For Sale In Dewan Bazar,,,8,vacant,,chattogram,"৳5,638,500","Dewan Bazar, Bakalia"
This Residential Plot At Bproperty Village Is Up For Sale.,,,,vacant,,narayanganj-city,"৳3,375,000","Rupganj, Narayanganj"
"At Bayazid, Green Valley 1370 Sq Ft Apartment For Sale",2.931957326445367,2.93535710529164,1,vacant,1840.8119779077242,chattogram,"৳6,500,000","Green Valley, Bayazid"
"In South Agrabad, Flat Of 3 Bedroom Is Up For Sale",,,2,vacant,-158.6804997710845,chattogram,"৳7,150,000","South Agrabad, Double Mooring"
Buy This 1375 Sq Ft Apartment In Mirpur-6,3.378126982502132,2.826416303632037,5,vacant,1178.0834394196625,dhaka,"৳12,100,000","Section 6, Mirpur"
Find 1250 SQ FT flat available for sale in Bashundhara R-A,7.047899210135411,8.067018299493064,2,vacant,7488.467722022406,dhaka,"৳11,500,000","Block C, Bashundhara R-A"
1275 Sq.Ft. Apartment Available For Sale In North Manikdi,3.178317805210696,3.0316498120862243,3,vacant,1659.069254239589,dhaka,"৳5,737,500","Manikdi, Cantonment"
"Buy This Nicely Designed 1750 Sq Ft Flat In East Nasirabad, Zakir Hossain By Lane",3.0274140645487417,2.994368654724775,7,vacant,1865.6857677788162,chattogram,"৳12,250,000","Zakir Hossain By Lane, East Nasirabad"
Impressive Apartment Of 1360 Sq Ft Is Up For Sale In Double Mooring,,,5,vacant,-814.1538482084259,chattogram,"৳7,888,000","24 No. North Agrabad Ward, Double Mooring"
A 1400 Sq Ft Ready Flat Is Vacant For Sale At 15 No. Bagmoniram Ward,4.002433212309034,2.9124542057346274,6,vacant,1868.3990901145366,chattogram,"৳11,200,000",15 No. Bagmoniram Ward
"Buy This 1500 Sq Ft Flat In 15 No. Bagmoniram Ward, Bayazid Bostami Road",,,8,vacant,5352.104054229043,chattogram,"৳12,000,000","Bayazid Bostami Road, 15 No. Bagmoniram Ward"
"We Are Offering A Reasonably Priced Flat For Sale Which Is Featuring 1600 Sq Ft Space In Yakub Future Park Housing, Khulshi",,,2,vacant,,chattogram,"৳12,000,000","Yakub Future Park Housing, Khulshi"
Amazing 1300 Square Feet Apartment Is Up For Sale At Mirpur,,,6,vacant,,dhaka,"৳5,460,000","Section 11, Mirpur"
Reasonable 1654 Sq Ft Apartment For Sale In Uttara 18,2.952313522392847,4.202971428557367,5,vacant,1155.4942901341788,dhaka,"৳12,500,000","Sector 18, Uttara"
Plan to move in this 1654 SQ FT flat which is up for sale in Uttara 18,3.3948594746044503,3.145348509710682,8,vacant,1084.8906159254364,dhaka,"৳9,500,000","Sector 18, Uttara"
A Nicely Build 1275 Sq Ft And 3 Bedroom Apartment Is Vacant For Sale In Uttar Badda .,2.952634230738108,2.852733127683845,3,vacant,2473.8766669817715,dhaka,"৳8,000,000","Uttar Badda, Badda"
"1775 Sq Ft Apartment With 3 Bedrooms Is Available To Sale In Kotwali, Patharghata",,,8,vacant,25088.50123952946,chattogram,"৳12,137,500","Patharghata, Kotwali"
"Check This Plot For Sale In Rupganj, Narayanganj, Bproperty Village",2.4193967859609375,2.0412361837404895,,vacant,1406.1238961262343,narayanganj-city,"৳4,575,000","Rupganj, Narayanganj"
"Contact Us To Get 1500 Sq Ft Flat Which Is Now Available In Double Mooring, For Sale",3.1511811066175515,2.993123376065256,6,vacant,2829.41513060375,chattogram,"৳8,300,000","24 No. North Agrabad Ward, Double Mooring"
"2530 Sq Ft Apartment For Sale In 15 No. Bagmoniram Ward, Nasirabad",2.984488954200741,2.8630773521703934,2,vacant,1350.7815720445135,chattogram,"৳29,095,000","Nasirabad, 15 No. Bagmoniram Ward"
This 1400 Sq Ft Commercial Space Is Ready For Sale At 32 No. Andarkilla Ward,2.917714008359093,3.0377006322308646,4,vacant,2509.609194328971,chattogram,"৳8,400,000",32 No. Andarkilla Ward
Large 3600 Sq.ft Plot Is For Sale In Bproperty Village,3.239790384774955,2.9990199126783343,,vacant,2683.2997358540715,narayanganj-city,"৳7,625,000","Rupganj, Narayanganj"
"930 Sq Ft Flat For Sale In Mirpur, Middle Monipur, Baitur Rowshan Jame Masjid Road",2.879925923810304,3.1873041537054982,1,vacant,948.4020281665573,dhaka,"৳5,200,000","Middle Monipur, Mirpur"
Grab This 1370 Sq Ft Flat For Sale In Bayazid,,,2,vacant,-693.550692785199,chattogram,"৳6,500,000","Green Valley, Bayazid"
"1000 Sq Ft Commercial Space Is For Sale In Luxmibazar, Sutrapur",2.1201210185045847,2.1142814511213723,1,vacant,2501.5154712009503,dhaka,"৳35,000,000","Luxmibazar, Sutrapur"
"1215 Square Feet Apartment Is Ready For Sale At Ranavola, Turag",3.0542082214159105,2.8760237314138726,6,vacant,1066.3392853883051,dhaka,"৳7,500,000","Ranavola, Turag"
"In Bproperty Village , Rupganj A 3600 Sq.ft Plot Is For Sale",3.032238175219579,2.8994160498113404,,vacant,939.0759093620528,narayanganj-city,"৳7,625,000","Rupganj, Narayanganj"
Offering you 750 SQ FT flat for sale in Uttara 10,2.9612365888652463,3.0706098775245083,2,vacant,1848.219819100926,dhaka,"৳6,200,000","Sector 10, Uttara"
"For Sale, Residential Plot Is Situated In Bproperty Village, Rupganj",3.2316570422795445,3.1060359308788112,,vacant,1212.9132360617878,narayanganj-city,"৳4,575,000","Rupganj, Narayanganj"
"If You Want To Reside In Mirpur DOHS, Check This 1100 Sq Ft Flat Which Is Up For Sale.",2.8082870414321937,2.9063254170293056,1,vacant,1799.721475016352,dhaka,"৳9,500,000","Mirpur DOHS, Mirpur"
Select Your Next Residing Place At This Nice Flat Of 805 Sq Ft In 9 No. North Pahartali Ward,2.6406695091183328,3.002355815904978,7,vacant,1521.1450308581518,chattogram,"৳3,220,000","Akbarshah, 9 No. North Pahartali Ward"
"A Comfy 2100 Sq Ft Flat For A Family Is Here For Sale In Rose Valley R/a, Right Close To Ktc",2.136126549446729,1.8648215623571835,3,vacant,433.5256754079418,chattogram,"৳16,000,000","Rose Valley Residential Area, 9 No. North Pahartali Ward"
Ample Office Of 2154 Sq Ft Is Waiting For Sale In Outer Circular Road,,,8,vacant,506.28403028891864,dhaka,"৳32,310,000","Outer Circular Road, Shiddheswari"
"A Perfect Flat Of 1000 Sq Ft For Living With Family Is Available For Sale At Janata Housing, Mirpur",3.106395348477572,3.0818873914401563,3,vacant,1390.0160745880535,dhaka,"৳6,500,000","Section 1, Mirpur"
Check This 1388 Sq.Ft Apartment Up For Sale At Dewanhat Very Near To Dewanhat City Corporation College,3.090330455319821,2.957442170901796,9,vacant,1695.1920506830309,chattogram,"৳5,552,000","24 No. North Agrabad Ward, Double Mooring"
125 Sq Ft Shop For Sale At 9 No. North Pahartali Ward.,2.9289856667301732,2.9756335915354524,1,vacant,1223.310632665497,chattogram,"৳4,375,000","Dhaka Trunk Road, 9 No. North Pahartali Ward"
2400 Sq Ft Ready Flat For Sale In Uttara-7,,,9,vacant,2060.4032638478525,dhaka,"৳26,000,000","Sector 7, Uttara"
"Plot Of 5 Katha Is Up For Sale In Bproperty Village, Narayanganj",3.9899067942289346,4.936562392466791,,vacant,2330.957326474073,narayanganj-city,"৳7,625,000","Rupganj, Narayanganj"
"In Korbanganj, Own Your Little Outlet, Is Up For Sale",2.892082099211995,3.1720195928037653,1,vacant,2191.886302368634,chattogram,"৳1,260,000","Korbanigonj, Kotwali"
5040 Sq. Ft Apartment Which Is Up For Sale At Bashundhara R-a Near To Ebenzer International School.,2.930901829880713,3.00713522114148,9,vacant,2624.5357115861852,dhaka,"৳54,000,000","Block C, Bashundhara R-A"
1600 Square Feet 3 Beds Family Apartment For Sale In Uttara,3.4476639783459704,2.9019307756449493,4,vacant,1104.9274868257999,dhaka,"৳16,000,000","Sector 15, Uttara"
An Apartment Of 1352 Sq.Ft Is Up For Sale In Patharghata Near Patharghata Girls&#039; High School.,2.6156235593638466,2.9692016344636936,8,vacant,-209.8768744749334,chattogram,"৳6,760,000","Patharghata, Kotwali"
1260 Sft Well Maintained Apartment For Sale At Mirpur Dhaka,3.110725891030744,2.843702211053754,4,vacant,1904.3088459000867,dhaka,"৳8,000,000","Middle Monipur, Mirpur"
Buy This Quality Shop Area Of 105 Sq Ft In 9 No. North Pahartali Ward,2.628000353270488,2.9007711426673817,3,vacant,1068.9646014300881,chattogram,"৳3,675,000","Dhaka Trunk Road, 9 No. North Pahartali Ward"
Ready Flat Is Now For Sale In Mirpur Dohs Nearby Mirpur Dohs Central Mosque,2.976021372413557,3.133100298637258,3,vacant,753.129447936638,dhaka,"৳25,000,000","Mirpur DOHS, Mirpur"
"An Apartment Is Ready For Sale At Uttara -9, Near Uttara Ideal College",2.9039317077448863,2.9860590316579954,5,vacant,920.3019368465557,dhaka,"৳6,200,000","Sector 9, Uttara"
An Amazing Home Of 1100 Sq.Ft Is Up For Sale In 14 No. Lalkhan Bazaar Ward.,2.5380710065128804,3.184995515354089,5,vacant,1250.077910854029,chattogram,"৳6,500,000","14 No. Lalkhan Bazaar Ward, Lal Khan Bazaar"
1050 Sq.Ft And 3 Bedroom Apartment For Sale In Ibrahimpur Near Ibrahimpur Central Jame Masjid,3.0861895940999373,2.990670840956879,1,vacant,2231.548710658387,dhaka,"৳3,750,000","Srjani road, Ibrahimpur"
2000 Sq Ft Flat With 4 Bedrooms For Sale In Uttara-14,2.9158042124249457,2.996479721153317,4,vacant,1546.3452733482798,dhaka,"৳19,000,000","Sector 14, Uttara"
"1322 Sq Ft Nicely Planned Apartment Is Available For Sale In Shahjadpur, Badda",2.5349299218215973,3.0627072792540964,4,vacant,2403.3581542801585,dhaka,"৳9,000,000","Shahjadpur, Badda"
1380 Sq.ft Home Which Will Fulfill Your Desire Is Now Vacant For Sale In North Bagichagaon.,4.186002676200032,3.7385048785114687,8,vacant,2797.7637637562284,cumilla,"৳5,520,000","North Bagichagaon, Bagichagaon"
View This 1422 Sq Ft Apartment To Sale In Bakalia,,,9,vacant,-86.30909718321936,chattogram,"৳9,811,800","Dewan Bazar, Bakalia"
"Situated In West Shewrapara, Near North South International School, A 1400 Sq Ft Apartment Is Up For Sale",3.3301305976056943,3.995206994250809,7,vacant,1339.8128323738988,dhaka,"৳8,400,000","West Shewrapara, Mirpur"
1210 Square Feet Apartment Is For Sale At Maghbazar,3.079525245580545,3.1453991343751313,1,vacant,1438.3648881509853,dhaka,"৳6,000,000","Boro Maghbazar, Maghbazar"
Nice 1699 Sq Ft Home Is Available For Sale In West Khulshi R/A,3.0102039812259123,3.0943875355301973,3,vacant,1594.3000370539735,chattogram,"৳8,495,000","West Khulshi R/A, 9 No. North Pahartali Ward"
"Look At This Nice 750 Sq Ft Flat Is Up For Sale At Talpokur Par, Bagichagaon",3.294247350053036,2.8890757230876556,3,vacant,2190.559811713608,cumilla,"৳3,000,000","Talpokur Par, Bagichagaon"
A well-constructed 1540 SQ FT flat is for sale in 9 No. North Pahartali Ward,3.372724800652775,4.121535096228308,9,vacant,1177.4250885857634,chattogram,"৳7,392,000","West Khulshi R/A, 9 No. North Pahartali Ward"
"Plot For Sale In A Suitable Place In Narayanganj, Bproperty Village",2.251137239145216,1.9743342485045725,,vacant,1105.5601607463716,narayanganj-city,"৳3,375,000","Rupganj, Narayanganj"
A 1600 Square Feet House At 24 No. North Agrabad Ward Is Up For Sale.,,,4,vacant,637.8797872888638,chattogram,"৳6,400,000","24 No. North Agrabad Ward, Double Mooring"
We Have A Nice Plot Which Is Ready For Sale In Purbachal Marine City,3.044607080650887,3.0192852570577116,,vacant,1318.6640692802475,narayanganj-city,"৳3,900,000","Rupganj, Narayanganj"
"At Mirpur, 3200 Sq Ft Well Fitted Full Building For Commercial Purpose Is Ready To Sale",,,6,vacant,-520.7925105034012,dhaka,"৳20,000,000","Section 1, Mirpur"
Seize This 1545 Sq Ft Flat For Sale In West Khulshi R/a,,,7,vacant,-238.77202356605784,chattogram,"৳7,725,000","West Khulshi R/A, 9 No. North Pahartali Ward"
Strongly Constructed 1175 Sq Ft Home Is Available To Sale In Baitul Aman Housing Society,3.1039848223769035,3.0333276257491293,2,vacant,1154.7780274981226,dhaka,"৳8,300,000","Baitul Aman Housing Society, Adabor"
Offering You A Nice Residential 12.5 Katha Plot For Sale In Rupganj Near Zinda Park,4.503571499749441,4.0201223731113895,,vacant,2459.9746318873936,narayanganj-city,"৳19,062,500","Rupganj, Narayanganj"
Commercial Shop For Sale In Chandgaon,2.141775087386141,2.0881223949091297,1,vacant,1558.524112926074,chattogram,"৳2,200,000","Mohara, 4 No Chandgaon Ward"
Buy This 800 Sq Ft Ready Apartment In 33 No. Firingee Bazaar Ward,,,3,vacant,342.9921426642379,chattogram,"৳4,500,000","Abhoy Mitra Lane, 33 No. Firingee Bazaar Ward"
A 110 Square Feet Commercial Shop For Sale Beside To Haji Camp Shahaji Jame Masjid At 9 No. North Pahartali Ward.,,,1,vacant,800.1042922565059,chattogram,"৳3,850,000","Dhaka Trunk Road, 9 No. North Pahartali Ward"
"Well Organized Flat Of 1700 Sq Ft Is Now Vacant For Sale In Section 7, Mirpur",,,3,vacant,944.390639158278,dhaka,"৳13,600,000","Section 7, Mirpur"
Have A Look At This Plot Which Is Up For Sale Located At Bproperty Village,3.0844690260300003,3.059555571750672,,vacant,1998.8108080388765,narayanganj-city,"৳6,000,000","Rupganj, Narayanganj"
Uttara-6 Is Offering You A 2110 Sq Ft Apartment Ready For Sale,2.8192571376784152,3.0164035934418405,8,vacant,1016.8175251016355,dhaka,"৳28,485,000","Sector 6, Uttara"
View This 2200 Sq Ft Apartment Available For Sale At Halishahar With 3 Beds,1.7864797792452245,2.1212448381773186,4,vacant,831.0896228819734,chattogram,"৳12,100,000","26 No. North Halishahar Ward, Halishahar"
Establish Your Peace In This Nice 1450 Sq Ft Apartment For Sale At North Bagichagaon,3.2805442930788224,3.991106410374818,9,vacant,949.285494929058,cumilla,"৳5,800,000","North Bagichagaon, Bagichagaon"
Well Developed Flat Is Up For Sale In Chandara Nearby Chan Mia Pre Cadet And High School,3.3040365054850933,3.003252953013947,,vacant,1753.2491341745283,gazipur,"৳6,000,000","Chandara, Gazipur Sadar Upazila"
"Looking For A Perfect Family Home To Buy In Banasree, Check This 1450 Sq Ft Well Featured Flat.",1.7804246860692448,3.168444981236709,4,vacant,1012.7583175108236,dhaka,"৳14,285,000","Block G, Banasree"
Apartment Of 1253 Sq Ft For Sale In Dewan Bazar,2.2144559448887677,3.1586946110602767,6,vacant,715.9429722004993,chattogram,"৳5,638,500","Dewan Bazar, Bakalia"
This 1000 Sq.Ft Flat In West Bagichagoun With A Convenient Price Is Up For Sale,1.980734393835653,2.9992000510520573,7,vacant,953.6453081288664,cumilla,"৳3,800,000","West Bagichagoun, Bagichagaon"
125 Sq Ft Shop Is Up For Sale With Modern Features In 9 No. North Pahartali Ward,,,,vacant,829.0059920694819,chattogram,"৳3,750,000","Dhaka Trunk Road, 9 No. North Pahartali Ward"
1250 Sq Ft Flat Is Now To Sell Which Is In Double Mooring Near To Dbbl Atm,,,4,vacant,-425.43651765432287,chattogram,"৳5,000,000","12 No. Sarai Para Ward, Double Mooring"
This 1430 Square Ft. Apartment Is Up For Sales Pathargatha .,,,6,vacant,-392.0933573585705,chattogram,"৳7,936,000","Patharghata, Bakalia"
"1960 Sq Ft Standard Apartment For Sale In Mohammadpur, Babar Road",,,6,vacant,890.4723239407311,dhaka,"৳23,520,000","Babar Road, Mohammadpur"
"Check This Plot Up For Sale In Narayanganj, Bproperty Village",,,,vacant,160.65374234827857,narayanganj-city,"৳4,575,000","Rupganj, Narayanganj"
"A Nicely Planned 1050 Sq Ft Flat Is Up For Sale In Ashkar Dighir Par, Jamal Khan",3.068549075266693,3.0324543291772215,4,vacant,1803.5216148610787,chattogram,"৳7,000,000","Ashkar Dighir Par, Jamal Khan"
"This Very Nice Flat Of 1080 Sq Ft Is Up For Sale In Joydebpur, Gazipur Sadar Upazila",3.1382853236051833,2.9978759699426014,7,vacant,1642.0523895186393,gazipur,"৳4,320,000","Joydebpur, Gazipur Sadar Upazila"
"An Apartment Is Ready For Sale At North Ibrahimpur , Near Ibrahimpur Primary School",,,9,vacant,158.7112080806275,dhaka,"৳10,800,000","North Ibrahimpur, Ibrahimpur"
A Unique Apartment In Colonel Hat Near Colonel Hat City Corporation Is Up For Sale,2.4782415594477087,2.0126259433425413,2,vacant,940.1524996957648,chattogram,"৳5,838,000","Colonel Hat, 10 No. North Kattali Ward"
Three Bed Good Location Flat For Sale At Lalmatia,2.104087677964283,2.025969997586709,2,vacant,1651.0072170229473,dhaka,"৳32,960,000","Block C, Lalmatia"
"125 Sq Ft Shop For Sale In An Affordable Price, Right In 9 No. North Pahartali Ward",2.1579614931715896,1.963270061088519,,vacant,1750.2987083735375,chattogram,"৳3,750,000","Dhaka Trunk Road, 9 No. North Pahartali Ward"
"Dwell In This 1955 Sq Ft Apartment, Which Is Now Up For Sale In Shiddheswari",1.6437133950190848,2.0884334005814438,1,vacant,1703.2150154053911,dhaka,"৳25,237,500","Shiddeswari Road, Shiddheswari"
A 1500 Sq.Ft Residential Apartment For Sale At 24 No. North Agrabad Ward.,2.8177339280882223,3.1261037749512557,4,vacant,1037.7625950628953,chattogram,"৳6,000,000","24 No. North Agrabad Ward, Double Mooring"
Well Planned Commercial Shop In Chandgaon Is For Sale,,,1,vacant,896.1987015169356,chattogram,"৳2,500,000","Mohara, 4 No Chandgaon Ward"
Well Built And Lovely Flat Of 1760 Sq Ft Is Available For Sale At Panchlaish Residential Area,,,10,vacant,24.34680355278161,chattogram,"৳14,000,000","Panchlaish Residential Area, 16 No. Chawk Bazaar Ward"
"3.33 Katha Plot Is Up For Sale In Demra, Sarulia",,,,,-214.8994022636843,dhaka,"৳6,827,500","Sarulia, Demra"
3800 Sq Ft Apartment Is Now Ready To Sell In 10 No. North Kattali Ward,,,3,vacant,-7.018615453294089,chattogram,"৳24,000,000","New Monsurabad, 10 No. North Kattali Ward"
"Worthy 1355 Sq Ft Residence Is For Sale At Chattogram, Bahaddarhat",,,12,vacant,590.7483940673628,chattogram,"৳4,742,500","Bahaddarhat, 4 No Chandgaon Ward"
"1420 Sqft Residential Speace Is For Sale, 1st Colony, Mazar Road , Mirpur-1",,,2,vacant,565.62545176545,dhaka,"৳10,500,000","1st Colony, Mirpur"
View This Amazing Shop Space Of 120 Sq Ft For Sale In 9 No. North Pahartali Ward,1.9805403856272485,2.014298020188219,3,vacant,1346.13168052134,chattogram,"৳4,200,000","Dhaka Trunk Road, 9 No. North Pahartali Ward"
Check this apartment for sale at Mirpur near Shahidbag Masjid,,,5,vacant,704.68714558979,dhaka,"৳2,200,000","Section 12, Mirpur"
Visit This 1360 Sq Ft Flat For Sale At 24 No North Agrabad Ward,3.261192283444336,3.1425843717788555,8,vacant,1359.2649080916794,chattogram,"৳7,888,000","24 No. North Agrabad Ward, Double Mooring"
"1800 Sq Ft Ready Flat For Sale In Muradpur, With Splendid Features And Price",2.8011643173625904,3.069581366732892,9,vacant,1089.7891648907428,chattogram,"৳14,040,000","Nasirabad Housing Society, Muradpur"
"Make Sure To Buy This 1150 Sq Ft Apartment, If You Are Looking For A Permanent Residence In Middle Monipur",2.780039087546232,3.024379695146081,7,vacant,888.4142692658677,dhaka,"৳6,500,000","Middle Monipur, Mirpur"
"This 850 Sq Ft Apartment Is Set For Sale In Sholokbahar, Badurtala",2.9564666255605054,3.0160191461120314,3,vacant,1582.1632912825598,chattogram,"৳4,000,000","Badurtala, Sholokbahar"
"10 Katha Residential Plot For Sale In Bashundhara R-a, Block A",3.1832565531016477,2.9017955915510782,,vacant,1285.2837083424158,dhaka,"৳155,000,000","Block A, Bashundhara R-A"
740 Square Feet Residential Flat Is Ready To Sale At Middle Pirerbag,2.705149905766943,2.8298515344196815,4,vacant,496.2688828927771,dhaka,"৳3,500,000","Pirerbag, Mirpur"
Visit This Flat For Sale In Mirpur Nearby Shaheed Abu Taleb High School,,,5,vacant,611.4081862429699,dhaka,"৳4,200,000","Section 10, Mirpur"
"2120 Square Feet Apartment For Sale In Lalmatia, Block G",,,2,vacant,-105.36195549892557,dhaka,"৳33,000,000","Block G, Lalmatia"
"5 Katha Plot is now available for sale in Purbachal, Sector 22",,,,vacant,1109.2396590965996,dhaka,"৳24,000,000","Sector 22, Purbachal"
Apartment For Sale In Chasma Hill R/a Nearby Jamuna Bank Limited,2.9131040247001745,2.946741691779838,5,vacant,624.7094863279898,chattogram,"৳6,000,000","Chasma Hill R/A, 7 No. West Sholoshohor Ward"
"A Plot Which Is Up For Sale In Bproperty Village, Rupganj",2.588631693185926,2.975772692872708,,vacant,1327.1244813692547,narayanganj-city,"৳4,575,000","Rupganj, Narayanganj"
An Apartment Which Is Up For Sale At Chandgaon Near To Shabanghata Jame Moshzid,2.8495750720617967,3.978921928265208,9,vacant,1518.2689094724133,chattogram,"৳5,683,200","Bahaddarhat, 4 No Chandgaon Ward"
"Lovely Apartment Of 1200 Sq Ft Is Up For Sale In Section 1, Mirpur",2.99832349818858,2.9352546970392113,4,vacant,956.3155460685015,dhaka,"৳8,700,000","Section 1, Mirpur"
Completely Suitable And Ready Flat Of 1350 Sq Ft Is Up For Sale In New Monsurabad,3.2061211869492574,2.9665851188653973,1,vacant,1250.7123932648176,chattogram,"৳6,831,000",10 No. North Kattali Ward
A Office Space Is Available For Sale Which Is Located On Uttara Nearby Zam Zam Tower.,2.8291372951614346,3.168671675726424,6,vacant,2710.7531625814527,dhaka,"৳29,050,000","Sector 13, Uttara"
Close To Majid Sawdagor Masjid 1685 Sq Ft Apartment To Sale In Bakalia,3.367184505010163,3.064786561899182,1,vacant,1825.379408259556,chattogram,"৳9,267,500","Dewan Bazar, Bakalia"
"In The Location Of Bproperty Village ,Rupganj A Nice Residential Plot Is For Sale.",2.8483395761398294,2.9451782532030517,,vacant,898.0020870608413,narayanganj-city,"৳3,375,000","Rupganj, Narayanganj"
Buy This 1634 Sq Ft Residential Flat In The Great Location Of Mirpur-1,,,8,vacant,-546.7343421156966,dhaka,"৳9,800,000","Section 1, Mirpur"
Commercial Shops For Sale In 22 No. Enayet Bazaar Ward Near Mosque,3.340594910730368,2.9972297262789844,2,vacant,110.89250357154674,chattogram,"৳1,200,000","Nandan Kanan, 22 No. Enayet Bazaar Ward"
"Remarkable Office Of 14528 Sq Ft Is Available For Sale In 28 No. Pathantooly Ward, Double Mooring",4.046848081390377,2.924860610451204,7,vacant,1376.7851435459659,chattogram,"৳363,200,000","28 No. Pathantooly Ward, Double Mooring"
1300 Square Feet Residential Flat With Nicely Built Rooms Is Up For Sale In Shyampur,2.8777013108846705,2.92474566556116,3,vacant,1135.207936415682,dhaka,"৳8,000,000","West Dolairpar, Shyampur"
Offering You 1020 Sq Ft Flat To Sale In Race Course Near To Dbbl Atm,2.965630926325141,4.098873130751799,7,vacant,2145.0111985363596,cumilla,"৳3,570,000","Wooden Pole Road, Race Course"
An Amazing Flat Is Ready For Sale At Nasirabad Near O R Nizam Road Residential Area,3.29976759393783,1.9589268589257647,4,vacant,-168.97300205307306,chattogram,"৳16,000,000","Nasirabad, 15 No. Bagmoniram Ward"
120 Square Feet Commercial Shop For Sale At 9 No. North Pahartali Ward Close To Haji Camp Shahaji Jame Masjid,3.3248308878091226,2.892891156636305,2,vacant,1444.7625546930703,chattogram,"৳4,200,000","Dhaka Trunk Road, 9 No. North Pahartali Ward"
"At Ibrahimpur , This 1115 Square Ft. Nice Flat Is Up For Sale Within Your Affordability.",2.819043006855949,2.9957790009994256,4,vacant,2119.199166595848,dhaka,"৳5,800,000","Kamal Khan Road, Ibrahimpur"
Near By Rupgonj Police Station 5 Katha Plot Now For Sale In Bproperty Village,2.990598973063877,3.0115464783779715,,vacant,2977.7491828933744,narayanganj-city,"৳7,625,000","Rupganj, Narayanganj"
Modern 1150 Sq Ft Flat For Sale In Badda,3.019973854900094,4.8069838630552475,3,vacant,1364.610984795979,dhaka,"৳8,800,000","Middle Badda, Badda"
"Get Ready To Buy This Great Home Of 860 sft In Mirpur, Rupnagar R/a",2.781502772737907,1.996013236812702,2,vacant,267.1671185980734,dhaka,"৳4,900,000","Rupnagar R/A, Mirpur"
"Lovely Apartment Of 1262 Sq Ft Is Up For Sale In Dewan Bazar, Bakalia",2.987663217634097,3.0849261292284837,7,vacant,790.3307673043979,chattogram,"৳5,679,000","Dewan Bazar, Bakalia"
2622 Sq Ft Apartment Is For Sale In 15 No. Bagmoniram Ward,3.001179256691548,3.044149828342853,2,vacant,2487.7960225158645,chattogram,"৳30,153,000","Nasirabad, 15 No. Bagmoniram Ward"
"1240 Sq Ft Flat For Sale Is Assuring You An Overwhelming Home Experience In Gazipur, Joydebpur",3.2526084743350534,3.218170790144222,8,vacant,365.0966102081155,gazipur,"৳4,960,000","Joydebpur, Gazipur Sadar Upazila"
"125 Sq Ft Commercial Shop For Sale At 9 No. North Pahartali Ward, With Efficient Commercial Amenities",2.267499788337205,2.1224128362524954,,vacant,2113.5504748388585,chattogram,"৳3,750,000","Dhaka Trunk Road, 9 No. North Pahartali Ward"
Live In This Suitable Flat Of 1180 Sq Ft Up For Sale In 33 No. Firingee Bazaar Ward,,,1,vacant,160.22194943427033,chattogram,"৳6,490,000","R C Church Road, 33 No. Firingee Bazaar Ward"
"This 1233 SQ Ft apartment ready for sale at Manoharpur, near Comilla Victoria Government College",,,9,vacant,76.80532203367515,cumilla,"৳5,301,900","Manoharpur, Kandirpar"
1433 Sq Ft Apartment To Sale In Bakalia,3.147171083940888,3.074180605005806,1,vacant,2644.597591149768,chattogram,"৳9,887,700","Dewan Bazar, Bakalia"
Well-developed 4509 Sq Ft Residence Up For Sale In 15 No. Bagmoniram Ward,2.8703540322960683,3.0159553475883136,5,vacant,1390.331431764901,chattogram,"৳45,000,000","Badshah Miah Chowdhury Road, 15 No. Bagmoniram Ward"
"View This 1015 Sq Ft Flat For Sale At Double Mooring, 24 No. North Agrabad Ward",3.1304106775198894,3.09527408494417,9,vacant,1391.1796774633563,chattogram,"৳5,887,000","24 No. North Agrabad Ward, Double Mooring"
156 Sq Ft Finely Built Shop For Sale In 9 No. North Pahartali Ward,,,4,vacant,14075.649901417428,chattogram,"৳3,120,000","Dhaka Trunk Road, 9 No. North Pahartali Ward"
See This 1800 Sq.Ft Smartly Priced Apartment Which Is Up For Sale In Jamal Khan Near To The City Bank Limited,2.7852339414214686,3.0105363982779587,9,vacant,254.28320457282302,chattogram,"৳12,160,000","Momin Road, Jamal Khan"
Looking For A Tasteful Home For Sale In Paterbag? Check This One,2.7880169682033435,1.9366241092171852,8,vacant,707.261881781712,dhaka,"৳4,500,000","Doniya, Shyampur"
An Adequate Apartment Of 1160 Sq.Ft Is Up For Sale In Dewan Bazar .,2.3205895900975673,2.0389401720350886,4,vacant,2295.6358704271815,chattogram,"৳5,220,000","Dewan Bazar, Bakalia"
135 Square Feet Commercial Shop Is Ready For Sale At South Khulshi,2.965345498410987,2.936214982324487,4,vacant,1814.390179690854,chattogram,"৳6,000,000","South Khulshi, Khulshi"
Nice 1240 Sq Ft Flat Is Available For Sale In Dakkhin Paikpara,3.3634133487605418,3.9327885631436987,8,vacant,1515.4050962144759,dhaka,"৳8,700,000","Dakkhin Paikpara, Mirpur"
No Place Rather Than Gazipur Does It Better To Provide You With Better Homely Affairs Alike This 1240 Sq Ft Flat,2.8862061098603142,3.040455642962727,4,vacant,1076.7426544321916,gazipur,"৳4,960,000","Joydebpur, Gazipur Sadar Upazila"
View This 1680 Sq Ft Ready Flat For Sale In Khilkhet,,,6,vacant,702.0214939508111,dhaka,"৳8,400,000","Dorji Bari Road, Khilkhet"
1422 Sq Ft Residential Space Is For Sale At Badda,,,1,vacant,1330.0004010027308,dhaka,"৳9,811,800","Jagannathpur, Badda"
240 Sq Ft Commercial Office Is Available To Sale At Bakalia,,,5,vacant,-856.1392777718137,chattogram,"৳5,520,000","Dewan Bazar, Bakalia"
Checkout This 1433 Sq Ft Apartment For Sale In Bakalia,,,2,vacant,4163.2748713931815,chattogram,"৳9,887,700","Dewan Bazar, Bakalia"
"This Flat In Shapla Housing , Agargaon Is Up For Sale With An Area Of 1300 Sq.ft",3.2850384742127168,2.913607004913009,9,vacant,2227.565516803732,dhaka,"৳9,750,000","West Agargaon, Agargaon"
Lovely Apartment Of 852 Sq Ft Is Up For Sale In Middle Monipur,1.816824021780244,2.0405485977749342,8,vacant,2043.4664591831631,dhaka,"৳4,800,000","Middle Monipur, Mirpur"
"1500 Sq Ft Modest Flat For Sale At Double Mooring, 24 No. North Agrabad Ward",2.995412594665693,3.021421726567334,8,vacant,1194.133273291597,chattogram,"৳8,700,000","24 No. North Agrabad Ward, Double Mooring"
"1560 Square Feet Apartment For Sale In The Great Area Of Bashundhara R-a, Block L",2.870192356789281,3.104230581843226,1,vacant,893.800354642663,dhaka,"৳14,000,000","Block L, Bashundhara R-A"
Offering you 1650 SQ FT flat for sale in 9 No. North Pahartali Ward,3.0594103033012288,3.0736567083737896,9,vacant,511.6946759816383,chattogram,"৳8,200,000","West Khulshi R/A, 9 No. North Pahartali Ward"
Grab This Flat Up For Sale In Kulgaon Near Gulbag R/a Jame Mosjid,1.789412817966284,2.104878656031969,3,vacant,1062.0129029821965,chattogram,"৳4,000,000","Kulgaon, Bayazid"
"Perfect For A Family Home, This Apartment Of 1500 Sq Ft Is Up For Sale In 24 No. North Agrabad Ward",2.960135052451674,3.0595275668633644,5,vacant,1556.611418326947,chattogram,"৳8,700,000","24 No. North Agrabad Ward, Double Mooring"
1244 Sq Ft Flat For Sale At North Halishahar Ward,3.0996546384440946,3.0205157416614865,5,vacant,1812.7014795151656,chattogram,"৳6,500,000","26 No. North Halishahar Ward, Halishahar"
We Have A 1133 Sq.Ft Flat For Sale In The Location Of Shapla Housing.,2.776613530999815,3.1075643392645755,4,vacant,2007.6941673776082,dhaka,"৳6,231,500","West Agargaon, Agargaon"
Grab This 240 Sq Ft Shop For Sale At Bakalia,2.844899413746238,3.0899584961307545,3,vacant,1218.0548357731516,chattogram,"৳5,520,000","Dewan Bazar, Bakalia"
"Ready 875 SQ FT flat is now for sale in Mirpur, Block E",1.9230388369623599,2.0367984587237116,6,vacant,1135.0024539338795,dhaka,"৳4,000,000","Section 1, Mirpur"
In The Beautiful Neighborhood In Agrabad Housing Residential Area A 1135 Square Feet Flat Is Up For Sale .,,,3,vacant,2977.870551631011,chattogram,"৳3,800,000","24 No. North Agrabad Ward, Double Mooring"
1200 Sq Ft Flat Is Being Constructed For Sale In 24 No. North Agrabad Ward,2.9063834434372082,2.7704800450541653,6,vacant,1995.563933949331,chattogram,"৳6,800,000","24 No. North Agrabad Ward, Double Mooring"
A Nice And Comfortable 1750 Sq Ft Flat Is Up For Sale In Hamjarbag,3.026318859170632,3.971580088332699,3,vacant,1494.3966325801914,chattogram,"৳7,875,000","Hamjarbag, 7 No. West Sholoshohor Ward"
In The Location Of Bproperty Village A Residential Plot Is For Sale,3.9114816615531414,3.970080413641962,,vacant,2776.8201691260433,narayanganj-city,"৳3,375,000","Rupganj, Narayanganj"
"2250 Sq Ft Apartment For Sale At Khulshi, Zakir Hossain Road",2.939877712721871,3.112782440167773,1,vacant,1503.0440937293804,chattogram,"৳16,000,000","Zakir Hossain Road, Khulshi"
A 2 Bedroom Residential Apartment For Sale At Pahartali,2.99559087096073,3.1537506678426146,6,vacant,1316.4536473685978,chattogram,"৳4,600,000","12 No. Sarai Para Ward, Double Mooring"
A Dazzling 1000 Sq Ft Residential Property Is Up For Sale Located At Ashkona,2.854722874471557,2.8581094841882106,6,vacant,1753.7039776493302,dhaka,"৳7,000,000","Ashkona, Dakshin Khan"
"Buy This 1440 Sq Ft Flat In Bayazid, Hill View R/a",3.1531019200055126,3.1380734289494647,2,vacant,328.84681876104673,chattogram,"৳6,192,000","Hill View R/A, Bayazid"
A Modest Apartment In Tongi Near Tongi Post Office Is Up For Sale,3.318134737507137,2.8853817913115085,2,vacant,858.3962917466088,gazipur,"৳5,900,000","Tongi, Gazipur Sadar Upazila"
Worthy 1040 SQ FT residence is for sale at Banasree,2.8971185343126633,2.888339592210979,6,vacant,5837.291154894048,dhaka,"৳6,500,000","South Banasree Project, Banasree"
"Three Katha Plot For Sale In Rupganj, Bproperty Village",3.10749356786434,2.977076684558175,,vacant,330.445075703189,narayanganj-city,"৳4,575,000","Rupganj, Narayanganj"
"We Have A 2160 Sq.Ft Plot For Sale In Bproperty Village , Rupganj .",2.9469138564649575,2.9688655890484803,,vacant,1004.8673061519144,narayanganj-city,"৳4,575,000","Rupganj, Narayanganj"
1435 Square Feet-3 Bedroom Apartment For Sales At Bakalia Close To Moor Ali Baper Jame Masjid,4.080972139176602,3.847519116454558,6,vacant,2274.28817175179,chattogram,"৳5,740,000","18 No. East Bakalia Ward, Bakalia"
A 5 Katha Plot is now for sale in Bproperty Village Next To Mushory Baitul Nur Jame Moszid,3.346891677212811,3.0635862864744867,,vacant,2219.0742574739866,narayanganj-city,"৳5,000,000","Rupganj, Narayanganj"
Tastefully Designed This 650 Sq Ft Home Is Now Vacant For Sale In Mirpur,3.1126913198771056,3.066475059891564,2,vacant,1515.8754429471126,dhaka,"৳4,225,000","Section 10, Mirpur"
1575 Sq Ft Convenient Apartment For Sale In 30 No. East Madarbari Ward,2.6071076856596,3.103131039400361,3,vacant,2535.223283378776,chattogram,"৳9,000,000","Darogahat Road, 30 No. East Madarbari Ward"
Get Comfortable In A Nice Flat For Sale In Chandgaon R/a Nearby Arabian International Madrasah,3.100580766896921,2.957589246139508,4,vacant,1343.7566630715514,chattogram,"৳9,075,000","Chandgaon Residential Area, 4 No Chandgaon Ward"
Well Planned 1500 Sq Ft Flat For Sale In Middle Badda,3.2731356255262036,2.9961270916136,2,vacant,839.2646507472355,dhaka,"৳12,000,000","Middle Badda, Badda"
1000 Square Feet Apartment For Sale Is Ready To Offer You A Suitable Home Experience In Mirpur,2.9509063277794256,2.9970229019861865,1,vacant,1650.5633328125052,dhaka,"৳3,500,000","East Shewrapara, Mirpur"
"1000 Sq Ft Apartment Is Ready For Sale In Gazipur Sadar Upazila, Tongi, Auchpara",3.220578581404915,2.165159254639778,2,vacant,1289.4736719574134,gazipur,"৳4,000,000","Tongi, Gazipur Sadar Upazila"
A Cozy Flat Of 920 Sq Ft Is Up For Sale In Chandana Nearby Umar Bin Khattab (r) Jame Mosque,2.8471078892206125,2.7226877844177357,7,vacant,2219.014982943209,gazipur,"৳3,220,000","Chandana, Gazipur Sadar Upazila"
"1350 Sq Ft Residential Apartment For Sale In Gazipur, Which Will Give You A Content Residential Experience",2.670885229789674,2.9063692877788254,8,vacant,1343.2842199550767,gazipur,"৳4,500,000","Joydebpur, Gazipur Sadar Upazila"
At Saha Waliullah R/A 1320 Square Feet Flat Up For Sale.,3.031275385031831,3.000542135033714,1,vacant,842.3876983027849,chattogram,"৳5,940,000","Bahaddarhat, 4 No Chandgaon Ward"
"Get A Look At This Lovely Flat For Sale Featuring 1080 Sq Ft In Baganbari Road, Thakur Para",2.6108601859313407,3.893784090612354,5,vacant,315.0375498560825,cumilla,"৳4,800,000","Baganbari Road, Thakur Para"
Your desired 3 bedroom home in Bakalia is now up for Sale,2.9468797700109444,2.9747250516102914,5,vacant,1418.3389505312118,chattogram,"৳8,250,000","Dewan Bazar, Bakalia"
"Buy This 1350 Sq Ft Amazing Flat In Gazipur, Joydebpur With A Serene Neighborhood",3.2850943328237188,2.9876643377679684,5,vacant,91.43259629040563,gazipur,"৳4,500,000","Joydebpur, Gazipur Sadar Upazila"
"Worthy 3355 Sq Ft Residential Apartment Is For Sale At Uttara, Sector 4",2.5769002951877638,2.9356497388283205,10,vacant,2766.5364271971475,dhaka,"৳39,000,000","Sector 4, Uttara"
Ready flat 1435 SQ FT is now for sale in Mehidibag,2.716533023533711,3.0063078605077758,1,vacant,1859.6476119835825,chattogram,"৳7,000,000","Mehidibag, 15 No. Bagmoniram Ward"
"1300 Sq Ft Residential Apartment Is Up For Sale At Uttara, Sector 10",2.7713577235316853,3.061460276472514,6,vacant,1017.015589086315,dhaka,"৳8,000,000","Sector 10, Uttara"
Take This Attractive Flat Which Is Up For Sale In Dewan Bazar Featuring 1186 Sq Ft,2.9859717591791894,2.9768828819088733,1,vacant,1016.4459870280738,chattogram,"৳5,337,000","Dewan Bazar, Bakalia"
"An Apartments Of 2000 Sq Ft Is Available For Sale In The Most Prime Location Of Sector 11, Uttara",2.9189770292499606,2.955657875234643,5,vacant,2199.433729356105,dhaka,"৳20,000,000","Sector 11, Uttara"
Express Your Individuality At This 1400 Sq Ft Apartment At Bashundhara R-a Close To Markazul Fiqril Islami Bangladesh,3.309972608802111,2.9837809928822074,1,vacant,765.0423072829915,dhaka,"৳12,500,000","Block D, Bashundhara R-A"
Select Your Next Residing Place At This Nice Flat Of 1408 Sq Ft In Halishahar,3.2114317411401183,3.999272402377959,5,vacant,1326.526323675781,chattogram,"৳4,928,000","Sabujbag, Halishahar"
"Establish Your Peace In This Nice 1080 Sq Ft Apartment For Sale At Joydebpur, Gazipur Sadar Upazila",3.1097255772706633,2.829721173893925,6,vacant,1833.5235504594443,gazipur,"৳4,320,000","Joydebpur, Gazipur Sadar Upazila"
Take This Residential Plot Is For Sale At Rupganj Area Nearby Zinda Park,3.0322637657403515,3.045160015953739,,vacant,1555.7367766623142,narayanganj-city,"৳7,625,000","Rupganj, Narayanganj"
A Lucrative 5000 Sq.ft. Business Space Is Up For Sale In The Great Location Of Jhautola Near To Medi Hospital (pvt) Ltd,3.0871183548832453,2.9558724952288635,,,1814.0256108565927,cumilla,"৳50,000,000","Shaheed Shamsul Haque Sarak, Jhautola"
"3226 Sq Ft Commercial Office For Sale In Bir Uttam Rafiqul Islam Avenue, Badda",2.80903154051789,3.1234329119256823,10,vacant,2211.5757100861256,dhaka,"৳30,000,000","Bir Uttam Rafiqul Islam Avenue, Badda"
A 1600 Square Feet House At 24 No. North Agrabad Ward Is Up For Sale.,3.1899112431498757,3.057830696156643,4,vacant,2122.587050089856,chattogram,"৳6,400,000","24 No. North Agrabad Ward, Double Mooring"
Buy This 1770 Sq Ft Flat In Mirpur-12,2.7536314092488556,3.1144833039548074,9,vacant,1537.4661537740026,dhaka,"৳9,000,000","Section 12, Mirpur"
"The Azure Sky Is Offered By The Windows Of This 1100 Sq Ft Cozy Apartment, Situated In Lal Khan Bazaar",3.1850741568304,3.901079926576886,4,vacant,2414.8565225253124,chattogram,"৳7,000,000","14 No. Lalkhan Bazaar Ward, Lal Khan Bazaar"
Gazipur Is Offering You A 800 Sq Ft Apartment Is For Sale,3.262784736786797,3.9636622591893227,3,vacant,1395.7279707101738,gazipur,"৳1,760,000","Tongi, Gazipur Sadar Upazila"
"Available In Ashoktala , A 1400 Sq.Ft Apartment For Sale, Near Ranir Bazar Jame Masjid",3.0467161398047766,4.8784336067099705,4,vacant,902.9424408024306,cumilla,"৳4,900,000","Nazrul Avenue, Ashoktala"
Fascinating Shop At Chandgaon Ward Near Janali Hat Railway Station Is Ready For Sale,2.960960759575682,2.9310016771467287,,vacant,900.6487684515691,chattogram,"৳2,222,000","Mohara, 4 No Chandgaon Ward"
"Buy This 1505 Sq Ft Flat In Middle Badda, Adarsha Nagar",4.088686927329888,5.122510282647659,3,vacant,2054.2343341881315,dhaka,"৳11,500,000","Middle Badda, Badda"
6529 Sq.Ft Office Space Is Vacant For Sale In Double Mooring Near To Nrb Commercial Bank.,3.3660429920062374,5.14554117214893,12,vacant,2159.2327228221184,chattogram,"৳130,580,000","Commerce College Road, Double Mooring"
"Nice Flat Can Be Found In Uttara For Sale, Near Friends Club Playground",3.0669639998941634,2.887662706581687,1,vacant,1121.9842149511874,dhaka,"৳9,600,000","Sector 5, Uttara"
A Structurally Well Set 1950 Sq Ft Commercial Space For Sale Is Available In South Kattali,2.9748869124638446,3.9551605435311528,4,vacant,1057.1850791412046,chattogram,"৳10,725,000","Port Connecting Road, 11 No. South Kattali Ward"
Grab This 2622 Sq Ft Apartment Available To Sale In Nasirabad,1.988783560710515,1.992544754512308,9,vacant,1373.555531352461,chattogram,"৳30,153,000","Nasirabad, 15 No. Bagmoniram Ward"
This 2 Bedroom Flat In Cosmopolitan R/A With A Convenient Price Is Up For Sale,,,4,vacant,1319.429014270067,chattogram,"৳6,720,000","Cosmopolitan R/A, 7 No. West Sholoshohor Ward"
"Comfortable and well designed flat of 1560 SQ FT in Bashundhara R-A Block D for sale, near Jamuna Future Park",2.9834352690860317,2.8278141372347134,,,510.49221810533595,dhaka,"৳8,500,000","Block D, Bashundhara R-A"
We Have A Ready Flat For Sale In Mirpur Nearby Mirpur Adhunik Hospital,,,2,vacant,-612.8500600602163,dhaka,"৳3,825,000","Section 12, Mirpur"
"Buy This 1000 Sq Ft Apartment In Gazipur Sadar Upazila, Tongi",,,3,vacant,-229.84019249100413,gazipur,"৳4,000,000","Tongi, Gazipur Sadar Upazila"
1290 Sq Ft Ready Commercial Office For Sale In Muradpur,3.01496662506484,2.8092993918119666,2,vacant,1761.3535034230272,chattogram,"৳11,000,000","Mirzapul Road, Muradpur"
A Very Beautiful 90 Sq Ft Shop Is Now Available For Sale In 16 No. Chawk Bazaar Ward,4.0254631105864105,3.9562838116975683,2,vacant,1937.5207655225347,chattogram,"৳2,700,000","Chawk Bazar, 16 No. Chawk Bazaar Ward"
Have A Look At This 1253 Sq Ft Property Which Is Up For Sale Located At Dewan Bazar,2.0358725349076385,2.015859617642985,2,vacant,363.72984580898077,chattogram,"৳5,638,500","Dewan Bazar, Bakalia"
In The Location Of Jhautola An Adequate 3 Bedroom House Is For Sale .,6.230267712695033,6.040670181972501,9,vacant,4231.826041995725,cumilla,"৳6,000,000","Shahid Khawaja Nizamuddin Road, Jhautola"
We Have A Ready Flat For Sale In Shahjadpur Nearby Shahjadpur Model Government Primary School,,,1,vacant,1736.2176694496977,dhaka,"৳15,550,000","Shahjadpur, Badda"
"Let Us Assist You To Buy This 900 Sq.Ft Flat At Sugandha Housing, Hemayetpur Summiting The Vision About Your Future Home.",,,9,vacant,1148.6972708961157,dhaka,"৳2,900,000","Hemayetpur, Savar"
"1250 Sq Ft Apartment For Sale In Madartek, Bashabo",,,4,vacant,668.2342877429958,dhaka,"৳7,400,000","Madartek, Bashabo"
"Built With Modern Amenities, Check This 1050 Sq Ft Flat Which Is Up For Sale At Shah Shuja Mosque Road, Moghultoli",2.6157043316163655,3.0279055245412496,1,vacant,1682.841329332982,cumilla,"৳4,410,000","Shah Shuja Mosque Road, Moghultoli"
"Look At This Nice 950 Sq Ft Flat Is Up For Sale At Chadra Nagar, Bayazid",3.0397999444746975,2.9366936779591732,1,vacant,1194.4577254060182,chattogram,"৳5,000,000","Chadra Nagar, Bayazid"
"Buy This 1720 Sq Ft Ready Apartment In Sholokbahar, Abdul Hamid Road",1.870311926866419,2.003690937395821,1,vacant,944.79140207925,chattogram,"৳7,880,000","Abdul Hamid Road, Sholokbahar"
Close To Chattogram International Medical College &amp; Hospital 135 Square Feet Ready Shop Is For Sale .,,,1,vacant,3291.2828683236576,chattogram,"৳2,430,000","Chand Mia Road, 4 No Chandgaon Ward"
Wonderful Flat Of 1450 Sq Ft Is Available For Sale In Jamal Khan,2.7995438143813347,3.168118215915052,2,vacant,1767.2951856678242,chattogram,"৳11,500,000","Darul Uloom Road, Jamal Khan"
"Residential Apartment For Sale in Tipu Sultan Road, Middle Pirerbag",3.962436772885413,4.076936600520481,7,vacant,2350.550885682168,dhaka,"৳5,700,000","Pirerbag, Mirpur"
Ample office of 100 sq ft is waiting for sale in Double Mooring,3.407922210973865,3.118836402112839,1,vacant,2245.0016961821,chattogram,"৳4,000,000","South Agrabad, Double Mooring"
Visit This 1592 Square Feet Residential Apartment At 16 No. Chawk Bazaar Ward For Sale,,,5,vacant,955.1260706753943,chattogram,"৳8,560,000","Munshi Pukur Par, 16 No. Chawk Bazaar Ward"
Visit This Apartment For Sale In Middle Monipur Near Iqra International School,2.7408779669427847,2.9487121493546957,2,vacant,1676.5323302276277,dhaka,"৳4,950,000","Middle Monipur, Mirpur"
"This Comfy Flat Is Vacant Right Now For Sale In East Kazipara, Which Is 1120 Sq Ft",1.7115620317770448,1.9769696154295948,9,vacant,294.851492074494,dhaka,"৳5,500,000","East Kazipara, Mirpur"
Reasonable 1336 SQ FT flat is available for sale in 9 No. North Pahartali Ward,4.382702043777526,3.985952360579368,2,vacant,2878.7884336484112,chattogram,"৳6,680,000","West Khulshi R/A, 9 No. North Pahartali Ward"
138 Sq Ft Shop Is Available For Sale In Halishahar Nearby Halishahar Thana,2.8975706396116268,2.9013713860837287,1,vacant,1709.5593479303334,chattogram,"৳3,950,000","39 No. South Halishahar Ward, Halishahar"
1250 Square Feet-3 Bedroom Residential Apartment For Sale Close To East Ahmed Nagar Baitul Ekram Masjid.,6.994319777165991,8.123863281291605,2,vacant,4368.508762442964,dhaka,"৳5,250,000","Ahmed Nagar, Mirpur"
This 129 Sq Ft Shop Is Up For Sale In South Halishahar,2.910765182959264,4.086430149331535,,vacant,1986.8345695125845,chattogram,"৳3,725,000","39 No. South Halishahar Ward, Halishahar"
"14000 Sq Ft A Fully Fitted Elegant Office Is Available For Sale At 28 No. Pathantooly Ward, Double Mooring",,,6,vacant,573.3515970329606,chattogram,"৳350,000,000","28 No. Pathantooly Ward, Double Mooring"
1600 Sq Ft Apartment With 3 Bedrooms For Sale In Aftab Nagar,,,8,vacant,2322.9781273236786,dhaka,"৳14,400,000","Block C, Aftab Nagar"
A 2146 Sq. Ft Residential Building For Sale Is All Set For You To Settle In Dendabor.,,,,vacant,28.29387200854663,dhaka,"৳10,500,000","Ashulia, Savar"
Checkout This 1050 Sq Ft Residential Flat For Sale In Mirpur,3.30840728656406,2.070430434750498,4,vacant,919.0801116190954,dhaka,"৳5,500,000","Ahmed Nagar, Mirpur"
Check This 1320 Sq.Ft Apartment Up For Sale At Bahaddarhat Very Near To Bahaddarhat BWDB office.,1.8110353186538186,1.8684683873699992,4,vacant,1155.2796194042967,chattogram,"৳5,940,000","Bahaddarhat, 4 No Chandgaon Ward"
Well Developed Flat Of 1262 Sq Ft Is Up For Sale In Dewan Bazar,3.1434672393232925,2.985748021772861,1,vacant,1747.004321930744,chattogram,"৳5,679,000","Dewan Bazar, Bakalia"
Flat For Sale In Mirpur Near Gudara Ghat Wasa Pump,2.815779729200303,2.9943213116731098,5,vacant,1845.5096978540341,dhaka,"৳3,000,000","Section 2, Mirpur"
In The Location Of No West Bakalia An Excellent Flat Of 1300 Sq Ft Is Waiting For Sale,1.6064534391298437,2.0610192787275787,1,vacant,1086.080050348818,chattogram,"৳8,000,000","17 No West Bakalia Ward, Bakalia"
A Standard Lifestyle Is Awaiting You In This 650 Square Feet Flat Up For Sale In Sutrapur,,,5,vacant,14249.112885331639,dhaka,"৳4,000,000","Gandaria, Sutrapur"
950 Sq Ft Flat Featuring 3 Bedrooms For Sale In Malibagh,3.257013548379645,2.755398216785858,2,vacant,883.0730186214142,dhaka,"৳6,000,000","Gulbag, Malibagh"
"Buy This Nice 750 Sq Ft Flat In Kadamtali, To Fulfill Your Wish",3.2317483480828173,2.89416279527322,7,vacant,668.9408193537499,dhaka,"৳3,500,000","Kadamtali, Shyampur"
"We bring you a beautiful and distinct Flat of 1513 sq ft for sale in sector 1, uttara",2.8959033879817433,2.99402685601538,2,vacant,2300.868372554667,dhaka,"৳13,500,000","Sector 1, Uttara"
"Check This Nice 3 Katha Plot Is Up For Sale At Bproperty Village, Rupganj",2.963051558068403,3.0062506513987923,,vacant,1173.9471225032785,narayanganj-city,"৳3,000,000","Rupganj, Narayanganj"
"Get This Wonderful Plot In Bproperty Village, Narayanganj City Which Is Ready For Sale",2.166107312837963,2.1647436824189215,,vacant,1597.8753249488661,narayanganj-city,"৳7,625,000","Rupganj, Narayanganj"
Plan To Move In This 1599 Sq Ft Flat Which Is For Sale In Shahidbag,3.0867342523717185,3.0570179074058084,3,vacant,1625.6197327262148,dhaka,"৳15,990,000","Shahidbag, Malibagh"
Grab A 1302 Sq Ft Apartment For Sale At Dewan Bazar,2.912791322206705,3.0079772017255753,6,vacant,1519.9960570106784,chattogram,"৳5,859,000","Dewan Bazar, Bakalia"
An Amazing 1100 Sq Ft Flat Is Available For Sale In Thakur Para,2.6413016468690307,2.9968307265537404,8,vacant,1388.2385720004322,cumilla,"৳6,000,000","Madina Masjid Road, Thakur Para"
"Introduce You Family To This Great 1150 Sq Ft Apartment, Ready For Sale In Tongi, Gazipur",3.0252285563207617,3.1080370834568884,3,vacant,862.3573195221012,gazipur,"৳4,500,000","Tongi, Gazipur Sadar Upazila"
At Ibrahimpur 1125 Sq.ft Flat Is Up For Sale Close To Al - Madina Jame Masjid.,2.2390499147704195,1.942261572490576,6,vacant,216.46498203541455,dhaka,"৳6,187,500","Ashi Dag Road, Ibrahimpur"
"Plot Of 5 Katha Is Up For Sale In Bproperty Village, Narayanganj",,,,vacant,4441.386903560899,narayanganj-city,"৳7,625,000","Rupganj, Narayanganj"
This 1220 Sq.ft Flat Which Is In Kallyanpur Near IBN SINA Medical College Hospital For Sale Will Ensure Your Higher Quality Of Living,3.1415143759573354,2.893423255292761,8,vacant,1268.6606603669588,dhaka,"৳7,000,000","Kallyanpur, Mirpur"
1900 Sq Ft Residential Duplex Property Is Now For Sale Which Is In Bashundhara R-a,3.073451627383661,3.1388306269373105,1,vacant,2047.9650327216098,dhaka,"৳21,000,000","Block B, Bashundhara R-A"
Kallyanpur Is Giving You A 1350 Square Feet Ready Apartment For Sale,3.166192100487461,3.038403440133522,4,vacant,1996.3956187121282,dhaka,"৳7,425,000","Kallyanpur, Mirpur"
Buy This 555 Sq Ft Commercial Shop In The Flourishing Area Of 22 No. Enayet Bazaar Ward,3.1931823973669893,2.930773497760969,,vacant,1187.4679318749113,chattogram,"৳35,000,000","Jubilee Road, 22 No. Enayet Bazaar Ward"
"Plan To Move In This 1300 Sq Ft Flat Which Is For Sale In Mirbag Notun Rasta, Maghbazar",2.84614423184319,2.988801329832079,7,vacant,1755.1589178911563,dhaka,"৳11,050,000","Mirbag Notun Rasta, Maghbazar"
"Agree To Buy This 111 Sq Ft Shop In 9 No. North Pahartali Ward, To Invest Rationally In Your Business",2.6417696443654513,3.0498659760031797,,vacant,1512.1186408587666,chattogram,"৳3,885,000","Dhaka Trunk Road, 9 No. North Pahartali Ward"
Grab A 1275 Sq Ft Residence For Sale At Lal Khan Bazaar,2.8818010585770693,2.975468802976575,8,vacant,652.787717424355,chattogram,"৳7,393,750","Hill Side Residential Area, Lal Khan Bazaar"
"Apartment For Sale In Rampura, Near Dutch-bangla Bank Limited",3.1969823083557944,2.947705564043396,,,1388.2497624595005,dhaka,"৳7,600,000","East Rampura, Rampura"
"Large 5000 Sq Ft Commercial Space For Sale In Free School Street Road, Kathalbagan",,,9,vacant,513.9681342730647,dhaka,"৳110,000,000","Free School Street, Kathalbagan"
"In Mirpur -1, A Vacant Apartment Of 900 Sq Ft Is Going To Be Sold",2.8462377059646986,3.033165193018083,4,vacant,953.338769507344,dhaka,"৳5,000,000","Section 1, Mirpur"
"In The Beautiful Neighborhood Of Double Mooring, An Apartment Of 1550 Sq Ft Is Up For Sale",4.596487715983337,4.9649667431426385,2,vacant,2586.284510663518,chattogram,"৳7,750,000","25 No. Rampur Ward, Double Mooring"
"2125 Square Feet Apartment For Sale In Bashundhara R-a, Block L",3.388291478873717,3.955602789308925,4,vacant,1675.5478230113858,dhaka,"৳20,000,000","Block L, Bashundhara R-A"
A 1330 Square Ft. Apartment Is For Sale At Banasree,3.1829332829197274,2.8692751424579086,1,vacant,2737.1799385473255,dhaka,"৳7,900,000","Block B, Banasree"
Enjoy The Peaceful Atmosphere Of This Apartment Of 1600 Sq Ft For Sale In Muradpur,3.170567121936107,3.0075966198924533,7,vacant,621.9998328222848,chattogram,"৳8,000,000","CDA Avenue, Muradpur"
"A 1620 Sq Ft Residential Apartment For Sale, In Block C, Khilgaon",3.214395370364419,3.982268478137541,4,vacant,2102.2361716061105,dhaka,"৳16,500,000","Block C, Khilgaon"
Modern 1150 Sq Ft Flat For Sale In Badda,,,3,vacant,87.36518363667349,dhaka,"৳8,800,000","Middle Badda, Badda"
Seize This 1150 Sq Ft Apartment Up For Sale In Mirpur Dohs,1.9458699997824211,2.019448403788177,1,vacant,1114.0104188735174,dhaka,"৳8,700,000","Mirpur DOHS, Mirpur"
"Live At Peace In A Nice And Comfortable 1750 Sq Ft Flat, Located At Bashundhara.",,,1,vacant,32.582055663646656,dhaka,"৳16,000,000","Block F, Bashundhara R-A"
"Worthy 1752 SQ FT Residential Apartment is for sale at Muradpur, Road No 6",2.9052749658594568,3.0686435683297173,3,vacant,1677.0889770643967,chattogram,"৳13,064,000","Nasirabad Housing Society, Muradpur"
"1545 Sq Ft Flat With 3 Modest Bedrooms For Sale In Mirpur-2, Block C",3.583715408910479,3.054080849381531,5,vacant,1871.5198094337047,dhaka,"৳14,000,000","Section 2, Mirpur"
2500 Square Feet Flat For Sale In Bashundhara R-a,3.1231599041099045,2.9764519957477824,7,vacant,1427.0738641319115,dhaka,"৳22,500,000","Block K, Bashundhara R-A"
For Sale A Commercial Shop Is Available In Mohara,2.897247019911671,2.9445229410900637,1,vacant,1993.368112724906,chattogram,"৳3,600,000","Mohara, 4 No Chandgaon Ward"
A 2000 Sq Ft Flat Is Up For Sale In A Well Secured Location Of Bashundhara R-a,3.103128795280395,2.897859718698274,5,vacant,2099.4619744554275,dhaka,"৳22,000,000","Block B, Bashundhara R-A"
A Well-structured Flat Of 1162 Sq Ft Is Up For Sale In Khulshi Green Housing Society,2.7760463670846405,2.9419635360202943,7,vacant,1816.86013201998,chattogram,"৳6,972,000","Khulshi Green Housing Society, Khulshi"
"Check This Fine Looking Flat Of 1700 Sq Ft Offered For Sale In Block F, Banasree",,,3,vacant,-228.07668798725973,dhaka,"৳15,000,000","Block F, Banasree"
View This 1445 Square Feet Flat For Sale In Mogbari Choumohoni,,,4,vacant,481.8971735631092,cumilla,"৳5,775,000","Mogbari Choumohoni, Chotora"
"A Ready, Well Decorated 1025 Sq Ft Flat Is Up For Selling Purpose In Jalalabad Housing Society .",,,4,vacant,450.76450014154295,chattogram,"৳4,500,000","Road No 1, Jalalabad Housing Society"
"We Are Assisting You To Buy This Apartment Of 1335 Sq Ft In Khulshi, Habib Lane",3.2361627294800366,2.905536412366017,1,vacant,978.5884284212443,chattogram,"৳8,500,000","Habib Lane, Khulshi"
Apartment For Sale In Kattali Nearby Kattali Jame Masjid,3.085243805387743,2.8374828654084125,2,vacant,370.4253180925846,chattogram,"৳6,500,000","Proshanti R/A, 10 No. North Kattali Ward"
"Covering 1360 Sq Ft Space A Flat Is Up For Sale In Block I, Bashundhara R-a",,,6,vacant,-1044.7065211633499,dhaka,"৳10,000,000","Block I, Bashundhara R-A"
"905 Sq Ft Residential Flat For Sale In Mirpur, Paikpara",,,,,192.08738746855653,dhaka,"৳5,500,000","Paikpara, Mirpur"
"In A Nice Environment A Residential Plot Is For Sale At Bproperty Village, Rupganj",,,,vacant,318.5666015725235,narayanganj-city,"৳7,625,000","Rupganj, Narayanganj"
"Tongi Bazar, Anarkoli Road Is Offering You A 120 Sq Ft Commercial Shop For Sale",,,4,vacant,-576.0141750062253,gazipur,"৳5,000,000","Tongi, Gazipur Sadar Upazila"
"We Are Assisting You To Buy This Apartment Of 1335 Sq Ft In Khulshi, Habib Lane",2.900418891852317,3.0413912884809116,1,vacant,2030.2263145537488,chattogram,"৳8,500,000","Habib Lane, Khulshi"
Select Your Next Residing Place At This Nice Flat Of 1100 Sq Ft In Kazir Dewri,3.327796842451555,3.134525678947916,1,vacant,1499.7102466663569,chattogram,"৳7,500,000","Shahid Saifuddin Khaled Road, Kazir Dewri"
"In The Beautiful Neighborhood In Bproperty Village, Rupganj A 5 Katha Residential Plot Is Up For Sale.",1.975954178860512,1.960561873087383,,vacant,1813.034666040079,narayanganj-city,"৳7,625,000","Rupganj, Narayanganj"
"Pursue This 1175 Sq Ft Flat Up For Sale In West Khulshi R/a, Badc Road",2.825910238062516,2.9789085412126854,7,vacant,1773.2449690920612,chattogram,"৳5,875,000","West Khulshi R/A, 9 No. North Pahartali Ward"
"5 katha Residential Plot Is For Sale At Bproperty Village, Rupganj .",2.8856165023573914,3.1048521290853497,,vacant,601.5423472320496,narayanganj-city,"৳7,625,000","Rupganj, Narayanganj"
Visit This 150 Sq Ft Commercial Shop For Sale In Kazirhat,3.2437823610387406,2.822859792300456,1,vacant,1425.1108534538432,chattogram,"৳3,300,000","Mohara, 4 No Chandgaon Ward"
Ready Flat 2250 Sq Ft Is Now For Sale In Nasirabad Nearby Agrani Bank Limited,3.149677725020729,4.192445163687888,8,vacant,1832.7364624688207,chattogram,"৳12,000,000","Zakir Hossain By Lane, East Nasirabad"
Build A Happy Future For Yourself In This 1162 Sq Ft Apartment For Sale In Khulshi,,,3,vacant,-193.93893549588677,chattogram,"৳6,972,000","Khulshi Green Housing Society, Khulshi"
Look At This Nice 2200 Sq Ft Flat Is Up For Sale At Shyamoli,,,12,vacant,-680.8497732394379,dhaka,"৳23,000,000","Ring Road, Shyamoli"
A Modern Well-planned Flat Of 1075 Sq Ft Is Up For Sale In 31 No. Alkoron Ward,,,5,vacant,201.42759578762306,chattogram,"৳5,500,000","Alkaran Road, 31 No. Alkoron Ward"
"550 Square Feet Apartment Is Up For Sale At Muslim Modern College Road, Kachukhet",1.8574218186058826,1.9296557603225755,5,vacant,365.998920274543,dhaka,"৳2,310,000","Muslim Modern College Road, Kachukhet"
"We Have A 5 Katha Nice Plot Which Is Ready For Sale In Rupganj, Bproperty Village",2.9424836351690535,2.974093823207107,,vacant,2025.3260668308212,narayanganj-city,"৳7,625,000","Rupganj, Narayanganj"
1360 Square Feet Flat For Sale In 7 No. West Sholoshohor Ward,2.2148559861050847,1.9590637720028057,6,vacant,729.6792286510124,chattogram,"৳8,000,000","Mohammadpur, 7 No. West Sholoshohor Ward"
"Lovely Apartment Of 1080 Sq Ft Is Up For Sale In Chandrima, Chandgaon Residential Area",3.1936924352031197,3.0794252901152834,2,vacant,2204.0587036344978,chattogram,"৳5,700,000","Chandgaon Residential Area, 4 No Chandgaon Ward"
"1429 SQ FT Residential Duplex For Sale in Bayazid, Chattogram DOHS Close to Chattogram Cantonment English school.",2.7824621241076684,2.988985774799529,4,vacant,-134.7890150226924,chattogram,"৳8,500,000","Chattogram DOHS, Bayazid"
"Buy This 1310 Square Feet Flat In The Prominent Location Of Bashundhara R-a, Block J",2.8104618177494505,2.910873718703658,2,vacant,1226.2132992211034,dhaka,"৳9,825,000","Block J, Bashundhara R-A"
View This 1320 Sq Ft Nice Apartment Ready For Sale At Jamal Khan,3.024082491407401,2.983152814159976,2,vacant,2243.197907166101,chattogram,"৳9,500,000","Jamal Khan Road, Jamal Khan"
"750 Sq Ft Apartment Is Available For Sale At Section 11, Mirpur",3.3824171555495384,2.050368252655383,2,vacant,643.5985998019839,dhaka,"৳4,000,000","Section 11, Mirpur"
Offering 1500 Sq Ft Flat For Sale In Niketan,2.575614829884486,2.8841806515633444,1,vacant,1034.0826790802773,dhaka,"৳25,000,000","Block C, Niketan"
In The Beautiful Neighborhood In Agrabad Housing Residential Area A 1135 Square Feet Flat Is Up For Sale .,,,3,vacant,3757.1741283774163,chattogram,"৳3,800,000","24 No. North Agrabad Ward, Double Mooring"
Checkout This 1174 Square Feet Residential Apartment For Sale At Gazipur Sadar Upazila,,,8,vacant,-306.9646665927319,gazipur,"৳4,696,000","Shimultoly, Gazipur Sadar Upazila"
1000 Sq Ft Flat With 2 Bedrooms Is Up For Sale In Dakshin Khan,2.859466714267846,2.9371427736267766,4,vacant,1647.3832316347525,dhaka,"৳6,000,000","East Azampur, Dakshin Khan"
"We Have A 2160 Sq.Ft Plot For Sale In Bproperty Village, Rupganj .",2.9192624615106775,2.9865609133858557,,vacant,764.5185980535697,narayanganj-city,"৳4,575,000","Rupganj, Narayanganj"
1340 Sq.ft Apartment Is For Sale Close To Muslim para Jame Masjid At Madhya Ajampur,,,3,vacant,14461.142175521773,dhaka,"৳6,200,000","Madhya Ajampur, Dakshin Khan"
"A 1620 Sq Ft Residential Apartment For Sale, In Block C, Khilgaon",,,4,vacant,500.8825001171291,dhaka,"৳16,500,000","Block C, Khilgaon"
"3 Katha Residential Plot For Sale Covering A Beautiful Area In Bproperty Village,Narayanganj",3.001596693028559,3.173455837105764,,vacant,1420.4077180097722,narayanganj-city,"৳4,575,000","Rupganj, Narayanganj"
This 1612 Sq Ft Apartment Is Ready For Sale In Jamal Khan,,,3,vacant,-482.6152224384175,chattogram,"৳12,000,000","Rahmatganj, Jamal Khan"
A Strongly Structured Apartment Of 1570 Sq Ft Is Available For Sale In Kalamia Bazar,,,4,vacant,737.6786605573967,chattogram,"৳6,280,000","18 No. East Bakalia Ward, Bakalia"
"Plan Your Urban Life In This 1250 Sq Ft Flat For Sale In Mirpur, East Kazipara",,,2,vacant,564.9741186531704,dhaka,"৳7,600,000","East Kazipara, Mirpur"
"1150 Sq Ft Apartment With Serene Views Is Up For Sale In Middle Monipur, Mirpur",,,7,vacant,-507.3071427256093,dhaka,"৳6,500,000","Middle Monipur, Mirpur"
Modern 1692 SFT ready apartment for sale in Panchlaish,,,9,vacant,-664.6897055285193,chattogram,"৳16,000,000",Panchlaish
Grab This 1475 Sq Ft Flat For Sale In Malibagh Chowdhury Para,2.658656941863354,2.8315183908571893,5,vacant,926.4729705225822,dhaka,"৳15,000,000","Malibagh Chowdhury Para, Malibagh"
"Plot Is Of 5 Katha For Sale In Narayanganj, Rupganj, Bproperty Village",,,,vacant,464.5228255534733,narayanganj-city,"৳7,625,000","Rupganj, Narayanganj"
5 Katha Residential Plot For Sale In 3 No. Panchlaish Ward,,,,vacant,354.03052037641487,chattogram,"৳20,000,000","3 No. Panchlaish Ward, Bayazid"
Visit This Apartment For Sale In Manoharpur Near Al-arafah Islami Bank Limited,,,,,617.018666500294,cumilla,"৳5,674,000","Manoharpur, Kandirpar"
An Updated Lifestyle Is Awaiting For You In This 1032 Sq Ft Flat For Sale In Gazipur Sadar Upazila,2.0020322934257178,2.1781369281813894,7,vacant,772.4970397027879,gazipur,"৳3,600,000","Tongi, Gazipur Sadar Upazila"
Acquire This Shop Which Is Up For Sale In Bandartila Near Navy Hospital,2.9742416280249713,2.975710024207439,1,vacant,792.8548408060349,chattogram,"৳5,175,000","39 No. South Halishahar Ward, Halishahar"
Ready Flat Is Now For Sale In Rampura Nearby Mercantile Bank Limited,2.408120504128928,2.042950586427918,2,vacant,1528.5978363323577,dhaka,"৳7,100,000","West Rampura, Rampura"
"1620 Sq Ft Apartment Is Up For Sale In Muradpur, Nasirabad Housing Society",3.426363766267704,2.8794620649105744,8,vacant,831.5515911187658,chattogram,"৳13,000,000","Nasirabad Housing Society, Muradpur"
"In The Location Of Bproperty Village, A 3 Katha Plot Is Up For Sale",2.6312690457011527,3.0610226276015036,,vacant,1257.393747372285,narayanganj-city,"৳4,575,000","Rupganj, Narayanganj"
Buy This Spacious 1699 Sq Ft Flat In West Khulshi R/a,3.552518732441524,2.951255147199909,5,vacant,211.18238385759366,chattogram,"৳8,495,000","West Khulshi R/A, 9 No. North Pahartali Ward"
"A Contemporary Cozy Flat Of 1350 Sq Ft Is Up For Sale Is Situated In Rammala Road, South Thakur Para",2.797235703295212,2.893621172830089,8,vacant,1038.6936675471907,cumilla,"৳7,300,000","South Thakur Para, Thakur Para"
"This 1315 Sq.Ft Flat In Kalamia Bazar, Bakalia With A Convenient Price Is Up For Sale",3.2172639232329403,1.971690473903472,4,vacant,1788.1534035563348,chattogram,"৳5,260,000","18 No. East Bakalia Ward, Bakalia"
2020 Sq Ft Convenient Apartment For Sale In 16 No. Chawk Bazaar Ward,3.215009626581818,2.954429619874286,6,vacant,698.4501651494006,chattogram,"৳18,000,000","Chawk Bazar, 16 No. Chawk Bazaar Ward"
Deal With This 1760 Sq Ft Ready Apartment Up For Sale In Muradpur,,,3,vacant,4490.732194033895,chattogram,"৳13,120,000","Nasirabad Housing Society, Muradpur"
Get This Wonderful Five Katha Plot In Bproperty Village Which Is Ready For Sale,,,,vacant,-1299.4211699438554,narayanganj-city,"৳5,625,000","Rupganj, Narayanganj"
"View This 1750 Sq Ft Flat For Sale In South Baridhara Residential Area, D.i.t. Project",2.976176364448472,2.923162815801301,4,vacant,1212.9708919329992,dhaka,"৳11,000,000","South Baridhara Residential Area,D. I. T. Project, Badda"
3 Katha Commercial Plot Is Ready For Sale In Demra,3.1228094129500747,3.1697605919932093,,,1140.7601635314313,dhaka,"৳8,700,000","Sarulia, Demra"
"Choose your destination, 1100 SQ FT flat which is available for sale in Mirpur near to Life Aid Specialized Hospital",3.051104450061283,2.8703516277743564,4,vacant,2749.8669296944813,dhaka,"৳4,950,000","Middle Monipur, Mirpur"
1365 Sq Ft Flat With Important Residential Features Is For Sale In Mirpur-10,3.265043834285585,3.1580592300703167,3,vacant,695.6487410326563,dhaka,"৳7,507,500","Section 10, Mirpur"
"Ensure This 1450 Sq Ft Apartment To Reside In, By Buying It In Ibrahimpur",,,6,vacant,1734.268222425266,dhaka,"৳9,500,000","Monipuri School Road, Ibrahimpur"
Visit This Apartment For Sale In Ibrahimpur Near Ibrahimpur Central Jame Masjid,2.9628082266096034,2.999900861858739,6,vacant,1785.7931473078525,dhaka,"৳6,500,000","Ibrahimpur Bazar Road, Ibrahimpur"
A 1466 Sq Ft Flat Is Up For Sale In A Well Secured Location Of 7 No. West Sholoshohor Ward,3.2428282862057816,3.952037533549904,3,vacant,994.3081198146268,chattogram,"৳7,000,000","Bibirhat, 7 No. West Sholoshohor Ward"
Check This Residential Plot For Sale In Narayanganj Bproperty Village .,3.128584213604216,2.9663684096562926,,vacant,1319.954736763821,narayanganj-city,"৳4,575,000","Rupganj, Narayanganj"
"163 Square Feet Commercial Shop For Sale At Jubilee Road, 22 No. Enayet Bazaar Ward",,,,vacant,3685.3302306024652,chattogram,"৳11,410,000","Jubilee Road, 22 No. Enayet Bazaar Ward"
Your Desirable Cozy Flat Of 1250 Sq Ft Is Ready For Sale In Aftab Nagar,2.8527636996149117,3.146748190092019,7,vacant,317.416872418058,dhaka,"৳7,600,000","Block C, Aftab Nagar"
Beautifully Decorated Flat Covering An Area Of 1570 Sq Ft Is Available For Sale In East Bakalia Ward,,,6,vacant,-124.19613240193348,chattogram,"৳6,280,000","18 No. East Bakalia Ward, Bakalia"
"2 Bedrooms Apartment For Sale In Nobodoy Housing Society, Mohammadpur",3.874223616710304,3.9603874699877126,4,vacant,2968.8475427539734,dhaka,"৳4,500,000","Nobodoy Housing Society, Mohammadpur"
Buy This 855 Sq Ft Nice Flat In North Goran,2.8624597094056883,3.0180281619536538,5,vacant,1935.895443462496,dhaka,"৳5,700,000","North Goran, Khilgaon"
"This 1125 Sq Ft Flat Is Up For Sale Within Your Affordability, Is Located At Hatirpool",3.174179044681286,2.9234788225654444,4,vacant,1105.5585717588503,dhaka,"৳9,700,000","Free School Street, Hatirpool"
A Nicely Constructed Apartment Of 1175 Sq Ft Is Available Right Now For Sale In Shiddheswari,3.2162250415160827,2.9029833217913135,,vacant,1318.125215311732,dhaka,"৳9,987,500","Outer Circular Road, Shiddheswari"
"Spacious Office Space Of 1245 Sq Ft Is Waiting For sale In Block C, Niketan",,,3,vacant,571.990947917807,dhaka,"৳15,500,000","Block C, Niketan"
An Apartment Which Is Up For Sale At Mirpur Near To Mirpur Adhunik Hospital And Diagnostic Center.,3.317013914477628,2.9571863291473752,1,vacant,6465.371084327744,dhaka,"৳6,000,000","Section 12, Mirpur"
"2 Bedrooms Apartment For Sale In Nobodoy Housing Society, Mohammadpur",3.3031784703768503,4.024422269728676,4,vacant,1464.7648198282825,dhaka,"৳4,500,000","Nobodoy Housing Society, Mohammadpur"
Attention Home Finders! A 2782 Sq.ft Duplex Flat Is Up For Sale At Nasirabad Housing Society,3.0539239763066,2.812941457638714,9,vacant,2174.657387589983,chattogram,"৳21,699,600","Nasirabad Housing Society, Muradpur"
"Grab This Plot Is Ready For Sale At Bproperty Village, Narayanganj",2.817913435808631,2.9954645949983294,,vacant,2258.089515207633,narayanganj-city,"৳3,375,000","Rupganj, Narayanganj"
"Impressive Residential Property Is Up For Sale In Road No 12, Uttara 13",3.349017877213298,3.148333089909268,2,vacant,2135.042435303932,dhaka,"৳14,000,000","Sector 13, Uttara"
"Buy This Nice Flat Of 1080 Sq Ft, Which Is Located At Paschim Joydebpur, Gazipur",2.9864818700107407,3.1097716210531963,7,vacant,1787.123261359426,gazipur,"৳4,320,000","Joydebpur, Gazipur Sadar Upazila"
Live With Your Family In This Cozy 650 Sq Ft Residential Flat For Sale In Mirpur-6,3.0279513531270856,2.942743585952974,4,vacant,872.3230605067488,dhaka,"৳2,800,000","Section 6, Mirpur"
Check This Nice 1340 Sq Ft Flat For Sale At West Khulshi,2.924761976654509,2.8633251708766814,8,vacant,1243.2237621696781,chattogram,"৳6,800,000","West Khulshi, 9 No. North Pahartali Ward"
"Buy This Nice 750 Sq Ft Flat In Kadamtali, To Fulfill Your Wish",2.8028708049211932,3.04499137190231,7,vacant,1529.6104969705182,dhaka,"৳3,500,000","Kadamtali, Shyampur"
This Flat Is Ready For Sale At South Khulsi,2.6746292916401617,2.7732548838209725,,vacant,427.49745665979367,chattogram,"৳95,000,000","South Khulshi, Khulshi"
In The Fine Location Of South Monipur A 1000 Sq Ft Apartment Is All Set For Sale,3.1402092375322725,3.1086212804905196,2,vacant,1835.0487511593851,dhaka,"৳4,500,000","South Monipur, Mirpur"
"Convenient Flat Is Up For Sale In Rampura Nearby Rupali Bank Limited, Rampura Branch",2.826440887685097,3.9791018716770274,2,vacant,2575.685963447413,dhaka,"৳9,000,000","East Rampura, Rampura"
1485 Sq ft Apartment with 3 bedrooms For Sale in Mohammadpur,3.677825899726818,4.179180694768363,8,vacant,2147.3211690264047,dhaka,"৳13,200,000","Jahuri Moholla, Mohammadpur"
Visit This 2343 Sq Ft Flat For Sale In Uttara Sector 6.,2.7593850991528495,4.831027782789329,4,vacant,1592.6834638888904,dhaka,"৳22,000,000","Sector 6, Uttara"
A Finely Built 1428 Sq Ft Flat Is Up For Sale In Halishahar,1.7214323556081392,2.089834570923801,5,vacant,546.3781545437029,chattogram,"৳4,998,000","Sabujbag, Halishahar"
"Grab This 1500 Square Feet Flat Available For Sale In Bashundhara R-a, Block K",3.1130190241625812,2.9901658712072687,3,vacant,1595.6586965798715,dhaka,"৳12,750,000","Block K, Bashundhara R-A"
This 2 Bedroom Flat In Cosmopolitan R/A With A Convenient Price Is Up For Sale,3.3388127811936883,2.9676088822974154,4,vacant,1470.6357082679049,chattogram,"৳6,720,000","Cosmopolitan R/A, 7 No. West Sholoshohor Ward"
9 No. North Pahartali Ward Is Offering You A 115 Sq Ft Commercial Shop Ready For Sale,4.014309558900937,3.8659698242485834,1,vacant,1966.928848906452,chattogram,"৳4,025,000","Dhaka Trunk Road, 9 No. North Pahartali Ward"
"1105 Square Feet Flat Is Waiting For Sale At Begum Rokeya Sharani, East Kazipara",3.126777831077237,4.058290015368832,7,vacant,2512.5324296817103,dhaka,"৳7,500,000","East Kazipara, Mirpur"
7.6 Katha nice Plot is now available for sale in Purbachal American City,,,,vacant,802.8555198604603,narayanganj-city,"৳25,156,000","Rupganj, Narayanganj"
"Look Into This 1262 Sq Ft Flat For Sale, Is Located In Dewan Bazar.",3.84990024985481,4.174663017426721,4,vacant,1117.9044719450185,chattogram,"৳5,679,000","Dewan Bazar, Bakalia"
"1429 SQ FT Residential Duplex For Sale in Bayazid, Chattogram DOHS Close to Chattogram Cantonment English school.",2.7621450826628284,4.098631089849776,4,vacant,1483.5236860199952,chattogram,"৳8,500,000","Chattogram DOHS, Bayazid"
1575 Sq Ft Convenient Apartment For Sale In 30 No. East Madarbari Ward,2.580160795192907,2.941891247183082,3,vacant,1396.0091475659945,chattogram,"৳9,000,000","Darogahat Road, 30 No. East Madarbari Ward"
"In An Urban Location And Reasonable Price, See This 1565 Sq.Ft Flat Is Available For Sale In Sholokbahar - Abdul Hamid Road.",3.0259164644655363,2.9017786470283378,1,vacant,1440.5731560193647,chattogram,"৳7,260,000","Abdul Hamid Road, Sholokbahar"
3 Bedroom Apartment Is For Sale In Middle Monipur Near Monipur High School And College.,2.5031112491541005,2.866102111659227,6,vacant,2205.7995857607084,dhaka,"৳5,400,000","Middle Monipur, Mirpur"
1646 Sq Ft Apartment Is Ready To Be Sold At Sholokbahar,2.7070732072173516,3.1441453151267504,8,vacant,2086.3007418462093,chattogram,"৳10,039,120","Al-Madani Road, Sholokbahar"
This 2160 Sq. Ft. Residential Plot For Sale In Bproperty Village Narayanganj .,2.8809870403335616,2.9238607631194977,,vacant,2242.551382463224,narayanganj-city,"৳4,575,000","Rupganj, Narayanganj"
"Have A Look At This Three Katha Plot Which Is Up For Sale Located At Rupganj, Bproperty Village",2.8158322215039293,3.144830759520392,,vacant,1941.4148034940692,narayanganj-city,"৳4,575,000","Rupganj, Narayanganj"
Decent 1100 Sq Ft Residential Flat For Sale In Banasree,4.08782258769621,4.051374846620156,1,vacant,2433.715742411193,dhaka,"৳7,900,000","South Banasree Project, Banasree"
An Apartment Which Is Up For Sale At Chandgaon Near To Shabanghata Jame Moshzid,3.06769996872459,3.03227882770831,9,vacant,1262.6426962415308,chattogram,"৳5,683,200","Bahaddarhat, 4 No Chandgaon Ward"
Next To Majid Sawdagor Masjid 1685 Sq Ft Apartment To Sale In Bakalia,3.1980172430980707,2.969974953409273,4,vacant,517.823653350898,chattogram,"৳9,267,500","Dewan Bazar, Bakalia"
980 Sq Ft Apartment Is Ready For Sale At Uttar Badda,4.166687359073961,4.064642500324063,2,vacant,2507.179905964799,dhaka,"৳4,500,000","Uttar Badda, Badda"
"Available In Bahaddarhat , A 1110 Sq.Ft Apartment For Sale , Near Agrani Bank Limited.",3.2527421351480315,3.9984862875834475,6,vacant,1956.0587185808818,chattogram,"৳4,995,000","Bahaddarhat, 4 No Chandgaon Ward"
"Plot Of 5 Katha Is Up For Sale In Bproperty Village, Rupganj, Narayanganj",,,,vacant,449.7990293871301,narayanganj-city,"৳7,625,000","Rupganj, Narayanganj"
1150 Sq Ft Apartment Is Ready For Sale In Dhanmondi,4.0672317782325145,4.068099491837805,3,vacant,2209.0901062013218,dhaka,"৳9,500,000","Shukrabad, Dhanmondi"
"1186 Square Feet And 3 Bedroom Residential Apartment For Sale At Puran Para, Uttar Khan .",3.113323646426598,2.985913275792266,5,vacant,749.7071273016717,dhaka,"৳5,337,000","Puran Para, Uttar Khan"
A 1200 Square Feet Apartment Is For Sale Is All Set For You In Dewan Bazar Nearby Khejurtoli Mosque,3.031383428105385,3.9218881913005568,1,vacant,1203.6910066087644,chattogram,"৳7,700,000","Dewan Bazar, Bakalia"
"Make This 1380 Sq Feet Decent Flat Yours, By Buying It In North Bagichagaon",,,9,vacant,1132.0674172535614,cumilla,"৳5,520,000","North Bagichagaon, Bagichagaon"
Stunning 2644 Square Feet Apartment For Sale In Gulshan 1,2.926348795589773,2.993739424330401,5,vacant,1694.9851309264093,dhaka,"৳35,000,000","Gulshan 1, Gulshan"
"5 Katha Plot is now available for sale in Narayanganj, Bproperty Village",,,,vacant,1600.20166957829,narayanganj-city,"৳7,625,000","Rupganj, Narayanganj"
1365 Sq Ft Flat With Fine Residential Properties Is For Sale In Mirpur-10,,,5,vacant,9923.876912118409,dhaka,"৳7,507,500","Section 10, Mirpur"
"2125 Square Feet Apartment For Sale In Bashundhara R-a, Block L",2.9791713451530484,2.8816954308380973,4,vacant,2041.4492554979956,dhaka,"৳20,000,000","Block L, Bashundhara R-A"
"Choose your destination, 1100 SQ FT flat which is available for sale in Mirpur near to Life Aid Specialized Hospital",2.8530767262839922,3.169765578362255,4,vacant,1962.9171803523013,dhaka,"৳4,950,000","Middle Monipur, Mirpur"
"Plan To Move In This 1300 Sq Ft Flat Which Is For Sale In Ali Nagar, Bayazid",3.853282526995059,4.15132575689711,4,vacant,1368.6971831576852,chattogram,"৳7,200,000","Ali Nagar, Bayazid"
Nice 1300 Sq Ft Flat Is Available For Sale In Shyampur,2.731841401417375,3.0864725471870282,4,vacant,2413.643257842604,dhaka,"৳8,000,000","West Dolairpar, Shyampur"
1150 Square Feet And 2 Bedroom Flat Is For Sale At Pahartali,,,4,vacant,751.0966464817768,chattogram,"৳4,600,000","12 No. Sarai Para Ward, Double Mooring"
Favorable 1128 SFT 3 Bedroom Flat For Sale In Badda,7.017417404365663,7.970615861048143,3,vacant,2708.1348525634667,dhaka,"৳7,118,000","Uttar Badda, Badda"
"Choose Your Destination, 1200 Sq Ft Flat Which Is Available For Sale In Ahmed Nagar",2.8088503905406044,4.135251651173747,5,vacant,1081.9965311725632,dhaka,"৳5,500,000","Ahmed Nagar, Mirpur"
"Buy This Decent 1630 Sq Ft Ready Flat In Bayazid, Polytechnic",4.179130253893757,2.9653800574111973,6,vacant,2035.0319775615435,chattogram,"৳8,500,000","Polytechnic, Bayazid"
"Buy This 1440 Sq Ft Flat In The Area Of Bayazid, Hill View R/a, Block A",2.875834992253289,3.938108551175869,3,vacant,1907.0438497157925,chattogram,"৳6,000,000","Hill View R/A, Bayazid"
1860 Sq Ft Nicely Planned Apartment Is Available For sale In Panchlaish Residential Area,2.6883958745263423,4.183185852249614,10,vacant,767.6878574513182,chattogram,"৳17,500,000","Panchlaish Residential Area, 16 No. Chawk Bazaar Ward"
A well-constructed 1429 SQ FT flat is for sale in Bayazid-Chattogram DOHS .,3.226247377523257,3.995335052355681,3,vacant,1546.1747713045424,chattogram,"৳8,000,000","Chattogram DOHS, Bayazid"
"1500 Sq Ft Amazing Flat For Sale In West Rampura, Mohanagar Housing",2.881008486939816,3.1730287902255023,7,vacant,3219.4947936917774,dhaka,"৳12,000,000","West Rampura, Rampura"
Bakalia Is Offering You A 200 Sq Ft Shop For Sale,2.909410176601097,2.8631765465770833,3,vacant,1554.9421800218975,chattogram,"৳4,600,000","Dewan Bazar, Bakalia"
"Grab This Plot Is Ready For Sale At Rupganj, Bproperty Village",3.009123255248845,3.050700983488342,,vacant,1251.9685090757412,narayanganj-city,"৳5,625,000","Rupganj, Narayanganj"
1504 Sq Ft Flat Is For Sale In The Thriving Arena Of Keraniganj,3.2531356962843665,3.2026418140599113,1,vacant,937.3886560402391,dhaka,"৳7,100,000",Keraniganj
At 12 No. Sarai Para Ward A 1510 Square Feet Residential Apartment For Sale .,3.0044391750542774,3.0029109147407183,3,vacant,2403.675803698285,chattogram,"৳5,285,000","12 No. Sarai Para Ward, Double Mooring"
Strongly Constructed 1175 Sq Ft Home Is Available To Sale In Baitul Aman Housing Society,3.7343407914245317,3.9741688963765385,2,vacant,2260.7684744709163,dhaka,"৳8,300,000","Baitul Aman Housing Society, Adabor"
Wonderful 1100 SQ FT flat is available to Sale in Ahmed Nagar,3.1204935959336297,2.885743153342319,1,vacant,1957.9710790194854,dhaka,"৳5,000,000","Ahmed Nagar, Mirpur"
A Residential Building Which Is Up For Sale At Rose Valley Residential Area Near To Akbar Shah (Rah:) Jame Masjid.,2.8925526260067778,3.105900150997775,0+7,vacant,1694.529696217297,chattogram,"৳105,000,000","Rose Valley Residential Area, 9 No. North Pahartali Ward"
A Nice And Medium Sized 1050 Sq Ft Residential Apartment Is Available For Sale At Pahartali,3.418261383472584,2.924648031042403,7,vacant,2091.5367998383417,chattogram,"৳4,200,000","12 No. Sarai Para Ward, Double Mooring"
"1000 Sq Ft Apartment For Sale In Pallabi, Mirpur",3.999751930438405,3.9907236058714117,5,vacant,1238.8935876756673,dhaka,"৳5,500,000","Pallabi, Mirpur"
Select Your Next Residing Place At This Nice Flat Of 1408 Sq Ft In Halishahar,2.5048375604320032,2.879212069314428,5,vacant,2217.959796741507,chattogram,"৳4,928,000","Sabujbag, Halishahar"
1130 Sq Ft Apartment Is Ready For Sale At 17 No West Bakalia Ward,,,1,vacant,,chattogram,"৳5,300,000","17 No West Bakalia Ward, Bakalia"
"A 3 Katha Plot Is Up For Sale In The Beautiful Location Of Bproperty Village, Narayanganj",,,,vacant,,narayanganj-city,"৳4,575,000","Rupganj, Narayanganj"
Apartment For Sale In Zakir Hossain Road Nearby Chattogram Diabetic General Hospital,,,4,vacant,,chattogram,"৳7,810,000","West Khulshi, 9 No. North Pahartali Ward"
Grab This 1800 Sq.Ft Apartment Up For Sale At Bashundhara R-A Beside Viquarunnisa Noon School and College,,,5,vacant,,dhaka,"৳16,000,000","Block F, Bashundhara R-A"
"At North Pirerbag , A 1250 Sq Ft Well Fitted Residential Property Is For Sale Close To Digun Public School .",,,9,vacant,,dhaka,"৳6,500,000","Pirerbag, Mirpur"
Bakalia Is Giving You A 200 Sq Ft Shop For Sale,,,2,vacant,,chattogram,"৳4,800,000","Dewan Bazar, Bakalia"
A well-constructed 1325 SQ FT flat is for sale in 18 No. East Bakalia Ward,2.840045235081536,2.891862973530959,4,vacant,131.63445675176604,chattogram,"৳5,900,000","18 No. East Bakalia Ward, Bakalia"
"Buy This Amazing 2200 Sq Ft Apartment In Mirpur Dohs, Avenue 2",3.049690345539899,2.8275883391757786,7,vacant,1662.8766856579775,dhaka,"৳22,000,000","Mirpur DOHS, Mirpur"
Grab This 1425 Sq Ft Flat Up For Sale In Mirpur Near Sonali Bank,2.7179828997519793,3.936796559347311,4,vacant,1366.2197339231868,dhaka,"৳8,637,500","Section 12, Mirpur"
Acquire This 130 Sq Ft Shop Which Is Up For Sale In Nikunja 2,3.8572236150016384,2.857673224591976,2,vacant,1715.4981181077976,dhaka,"৳4,200,000","Nikunja 2, Nikunja"
Have A Look At This 1304 Sq Ft Property Which Is Up For Sale Located At 10 No. North Kattali Ward,3.8501804715266537,3.939061076465499,7,vacant,2358.638887567257,chattogram,"৳5,998,400","Ishan Mohajon Road, 10 No. North Kattali Ward"
A Office Space Is Available For Sale Which Is Located On Uttara Nearby Zam Zam Tower.,3.199071032661646,3.0728354997794893,6,vacant,2341.6878512851704,dhaka,"৳29,050,000","Sector 13, Uttara"
"1000 Sq Ft Apartment For Sale In Pallabi, Mirpur",3.1773958552638017,2.9632695623752023,5,vacant,1508.024820325349,dhaka,"৳5,500,000","Pallabi, Mirpur"
"Apartment For Sale In Mirpur-10, Senpara Parbata",3.061328212739741,3.0348022586003527,1,vacant,2461.6488287848615,dhaka,"৳6,100,000","Section 10, Mirpur"
"Make This Your New Home Which Is Up For Sale In Dewan Bazar, Covering 1206 Sq Ft Space",2.7008199805158104,2.9292264598063533,1,vacant,1602.8662790474284,chattogram,"৳5,427,000","Dewan Bazar, Bakalia"
"In The Location Of Cantonment , Close To Alabdirtek Jame Mosque A Flat Is Up For Sale",2.930957632429009,3.006376364628641,9,vacant,1408.0812525899541,dhaka,"৳3,800,000","Goltek, Cantonment"
Select Your Next Residing Place At This Nice Flat Of 1302 Sq Ft In Dewan Bazar,1.8347011229829853,2.187947514678517,8,vacant,1198.83238897355,chattogram,"৳5,859,000","Dewan Bazar, Bakalia"
View This Secured 1545 Sq Ft Flat For Sale In West Khulshi R/a,3.192672899255004,2.965902928713367,5,vacant,640.4989589828111,chattogram,"৳7,725,000","West Khulshi R/A, 9 No. North Pahartali Ward"
A 950 Sq Ft Residential Flat Is For Sale In Mirpur -Kachukhet Road .,3.261021754030982,3.037613892679483,4,vacant,1879.9816969343183,dhaka,"৳5,200,000","Kachukhet Road, Mirpur"
In Bahaddarhat Near Jamuna Bank Limited This Office Space Is Up For Sale.,3.2340376537174964,2.846823454818082,5,vacant,626.6258133708486,chattogram,"৳3,650,000","CDA Avenue, Sholokbahar"
A Convenient 1650 Sq Ft Residential Flat Is Prepared To Be Sold At Sarai Para,,,7,vacant,-238.21276994980144,chattogram,"৳6,600,000","12 No. Sarai Para Ward, Double Mooring"
3200 Square Feet Flat With 4 Amazing Bedrooms Is Ready For Sale In Gulshan 1,,,1,vacant,128.81535721214647,dhaka,"৳58,000,000","Gulshan 1, Gulshan"
Carry Out Your Soothing Days In This 1259 Sq Ft Flat For Sale In Gazipur,,,7,vacant,1684.1743653905937,gazipur,"৳4,900,000","Chandana, Gazipur Sadar Upazila"
Meet With A Fascinating 174 Sq Ft Shops For Sale In Bahaddarhat Near To Bahaddarhat Jame Masjid,4.314955303074466,2.987947618024282,5,vacant,1527.8205829626866,chattogram,"৳4,700,000","CDA Avenue, Sholokbahar"
"Check Out This 130 Sq Ft Commercial Space Up For Sale In Tongi, Anarkoli Road",2.9111037051406505,3.0598390194656178,4,vacant,2208.209419642084,gazipur,"৳5,000,000","Tongi, Gazipur Sadar Upazila"
A Delightful Apartment Of 1150 Sq Ft Is Ready To Sale In A Great Location Of Pahartali.,2.8336802105499443,3.065654153802564,6,vacant,1965.1657726663354,chattogram,"৳4,600,000","12 No. Sarai Para Ward, Double Mooring"
Cantonment Is Giving You A 1410 Sq Ft Apartment Available For Sale,3.363924277285123,1.9557316877716908,4,vacant,748.7941761995653,dhaka,"৳7,000,000","Bagan Bari, Cantonment"
"Checkout This 1800 Square Feet Flat Up For Sale At Nasirabad, Rahman Nagar",3.280290709315668,3.1068358649771706,6,vacant,970.0898427908276,chattogram,"৳12,500,000","Nasirabad, Bayazid"
963 Sq. Ft Flat For Sale Beside To Khilkhet Bazar Masjid In Dumni .,3.0054165085080315,2.9257383217155355,1,vacant,730.6150898763964,dhaka,"৳2,503,800","Bazar Road, Dumni"
"We Are Offering You This 1620 Sq Ft Apartment For Sale At Khulshi, Yakub Future Park Housing",,,7,vacant,514.7532525636587,chattogram,"৳10,854,000","Yakub Future Park Housing, Khulshi"
"1240 Sq Ft Modest Flat For Sale In Gazipur, Specifically Joydebpur",2.9707335481391963,2.961820977736187,6,vacant,1199.5321232318715,gazipur,"৳4,960,000","Joydebpur, Gazipur Sadar Upazila"
"1000 Sq Ft Impressive Flat For Sale In Gazipur, Chandana",3.050326934643492,3.0342019467773307,9,vacant,555.219302425784,gazipur,"৳4,300,000","Chandana, Gazipur Sadar Upazila"
"Plot For Sale In Bproperty Village, Rupganj",4.354483548913316,2.9547970225255797,,vacant,1933.7213273025893,narayanganj-city,"৳7,625,000","Rupganj, Narayanganj"
An Apartment Of 1610 Sq.ft Is Up To Sale In Nasirabad Housing Society.,3.093595829068482,3.0048898205111603,2,vacant,1564.4813504994725,chattogram,"৳10,500,000","Nasirabad Housing Society, Muradpur"
Great Location! Check Out This Flat For Sale In 33 No. Firingee Bazaar Ward,3.1608485894451572,2.8948482878703365,5,vacant,1950.284917617515,chattogram,"৳5,250,000","Kobi Kazi Nazrul Islam Road, 33 No. Firingee Bazaar Ward"
"Feel Satisfied Living In This 1227 Sq Ft Flat In Bashabo, Madartek",,,4,vacant,65.80430890868455,dhaka,"৳5,800,000","Madartek, Bashabo"
"1255 Sq Ft Residential Apartment For Sale in Dhanmondi, Circular Road",,,7,vacant,-68.53146633666694,dhaka,"৳13,805,000","Circular Road, Dhanmondi"
"Spacious Office Space Of 1245 Sq Ft Is Waiting For sale In Block C, Niketan",4.167236384641668,4.947149526479747,3,vacant,3818.7089643012814,dhaka,"৳15,500,000","Block C, Niketan"
"5 Katha Plot In Bproperty Village, Rupganj, Narayanganj Is Up For Sale",3.9347395675299635,4.994615875321643,,vacant,2533.9681076354227,narayanganj-city,"৳7,625,000","Rupganj, Narayanganj"
Close To Railway Workshop Gate Jame Mosque This 900 Sq.Ft Residential Apartment For Sale,2.4425700010154174,3.013111456855021,1,vacant,1764.5303863078673,chattogram,"৳4,500,000","Ambagan Road, Railway Colony"
"2000 Sq Ft Flat For Sale In Banasree, Block A",2.5285132503645906,2.939693515155066,4,vacant,1005.9315767598732,dhaka,"৳21,500,000","Block A, Banasree"
Reside Conveniently In This Well Constructed 922 Sq Ft Flat For Sale In North Azampur,2.7744404503817903,2.987401820008772,9,vacant,1765.665179359226,dhaka,"৳5,000,000","North Azampur, Dakshin Khan"
This 1847 Sq Ft Apartment With A Peaceful Environment Is Ready For Sale In Muradpur,4.117690206742755,3.901613354527006,5,vacant,709.9948953844826,chattogram,"৳12,000,000","CDA Avenue, Muradpur"
5200 Square Feet Residential Buildings For Sale In West Shewrapara,3.0252118010871225,3.229514553642199,,vacant,1026.6079108158433,dhaka,"৳40,000,000","West Shewrapara, Mirpur"
A well-constructed 2415 SQ FT flat is for sale in Bashundhara R-A,3.0408456458906583,3.103627796733201,6,vacant,802.024203089033,dhaka,"৳25,500,000","Block A, Bashundhara R-A"
"We Offer You An Excellent And Spacious Commercial Space Of 1840 Sq Ft At Tejgaon, For Sale",2.4322230833714595,2.0267204625229236,3,vacant,585.5082962730389,dhaka,"৳46,000,000","Hatir Jheel Link Road, Tejgaon"
"At Bayazid, Flat For Sale Close To Bayazid Thana",1.7188386894457792,2.1146835427987236,1F,vacant,1673.3984374962035,chattogram,"৳6,500,000","Chadra Nagar, Bayazid"
"Get This Well Defined 1600 Sq Ft Flat For Sale In Tajmahal Road, Mohammadpur",2.9939222591337287,3.8063431596067288,3,vacant,1625.0784317914308,dhaka,"৳19,200,000","Tajmahal Road, Mohammadpur"
"At Kazirhat 115 Sq Ft Commercial Shop Is Up For Sale At Mohara, Kazirhat",3.0674463722430247,3.7497478555152726,1,vacant,2292.7437085611887,chattogram,"৳2,300,000","Mohara, 4 No Chandgaon Ward"
Envision Your Business Growing In This 125 Sq Ft Shop Space For Sale In 9 No. North Pahartali Ward,2.8368818782000464,2.9609319951210473,3,vacant,2234.1404277210318,chattogram,"৳4,375,000","Dhaka Trunk Road, 9 No. North Pahartali Ward"
5 Katha nice Plot is now for sale in Bproperty Village,3.0062756677526945,3.865116563210398,,vacant,1733.3848838351664,narayanganj-city,"৳5,625,000","Rupganj, Narayanganj"
"Visit This Residential Plot For Sale In Bproperty Village, Rupganj .",,,,vacant,2636.7369229943138,narayanganj-city,"৳4,575,000","Rupganj, Narayanganj"
"Plot For Sale In Bproperty Village, Rupganj, Narayanganj",3.3123586192543066,3.020122149999899,,vacant,1884.9751438778294,narayanganj-city,"৳7,625,000","Rupganj, Narayanganj"
Visit This Apartment For Sale In Mirpur Near Halim Foundation Model High School,,,2,vacant,2750.1523417164617,dhaka,"৳7,500,000","West Shewrapara, Mirpur"
"Offering You A Small Nice Flat For Sale In A Reasonable Price In Mirpur 12, Near Mirpur Adhunik Hospital",2.450047913009102,1.888628353721943,2,vacant,1465.059285255615,dhaka,"৳2,300,000","Section 12, Mirpur"
"Buy This 1250 Sq Ft Apartment In Boro Maghbazar, Modhubag",,,5,vacant,1228.5483358189522,dhaka,"৳11,675,000","Boro Maghbazar, Maghbazar"
Worthy 850 SQ FT residence is for sale at Bakalia,,,6,vacant,-278.9495449728078,chattogram,"৳3,200,000","6 No East Sholoshohor Ward, Bakalia"
5 Katha Plot is available for sale in Bproperty Village,,,,vacant,-457.9110543936489,narayanganj-city,"৳7,625,000","Rupganj, Narayanganj"
tesdt 2,2.9931888370461652,2.9491437323465473,,,648.714432550754,chattogram,৳66,
"Establish Your Peace In This Nice 1250 Sq Ft Apartment For Sale At Hill View R/a, Bayazid",2.8706108293629473,3.1353306787173456,1,vacant,2199.135088805166,chattogram,"৳7,000,000","Hill View R/A, Bayazid"
6500 Square Feet Commercial Space Is Available For Sale In Gazipur Sadar Upazila,,,3,vacant,783.4351765728619,gazipur,"৳182,000,000","Shimultoly, Gazipur Sadar Upazila"
4.35 Katha Residential Plot Is For Sale In In Ashulia,,,,vacant,1836.43944002307,dhaka,"৳27,000,000","Ashulia, Savar"
1570 Sq Ft Flat For Sale In Imandipur Road near Imandipur Government Primary School,3.8262509222374743,2.9226656673880997,8,vacant,513.0685111648484,dhaka,"৳5,600,000","Imandipur, Savar"
3 Katha Plot is now for sale in Purbachal Marine City,2.97229695095682,3.072680770800174,,vacant,755.4643316571212,narayanganj-city,"৳3,900,000","Rupganj, Narayanganj"
"Make This 1090 Sq Ft Flat Your Next Residing Location, Which Is Up For Sale In Mohara",2.864835237212771,3.994161831523495,3,vacant,1922.0778653275747,chattogram,"৳4,500,000","Mohara, 4 No Chandgaon Ward"
Near Mollapara Jame Masjid 1205 Sq.Ft Residential Apartment For Sale At Agargaon,3.5094806198684276,2.9679325595788146,4,vacant,1059.7998296342876,dhaka,"৳6,600,000","Kutum Goli, Agargaon"
120 Sq Ft Shop Is Up For Sale With Updated Features In 9 No. North Pahartali Ward,2.980120536351425,3.0618678983149783,,vacant,1736.6581095428298,chattogram,"৳4,200,000","Dhaka Trunk Road, 9 No. North Pahartali Ward"
"This Flat 1622 Sq.ft Apartment In Sale Lal Khan Bazaar , Near By Bagghona Siddikiya Mosque",3.3423394942283213,2.9707278422577037,2,vacant,1284.6890734556616,chattogram,"৳9,300,000","14 No. Lalkhan Bazaar Ward, Lal Khan Bazaar"
Commercial Shop Of 200 Sq Ft Shop Is Up For Sale At Bakalia,1.956660719416858,1.739544195344888,2,vacant,1510.9807811925261,chattogram,"৳4,800,000","Dewan Bazar, Bakalia"
1200 Sq Ft Flat With Great Residential Services Is Up For Sale At 11 No South Kattali Ward,3.057444054581221,2.7003184938441938,4,vacant,1626.7703814444617,chattogram,"৳8,000,000","Dakshin Kattali, 11 No. South Kattali Ward"
A Commercial Shop Is Up For Sale In The Location Of Halishahar Near Navy Hospital,2.707257509829923,3.124498141651869,,vacant,1985.3396638961776,chattogram,"৳4,400,000","39 No. South Halishahar Ward, Halishahar"
"630 Sq Ft Residential Apartment For Sale In Mirpur, Rupnagar R/a",2.900953002553467,2.1203727006163775,2,vacant,1257.8358322838533,dhaka,"৳3,500,000","Rupnagar R/A, Mirpur"
At Paterbag 1100 Square Feet Apartment For Sale,3.0466430449537203,3.1846639014993983,1,vacant,2098.927725116998,dhaka,"৳4,500,000","Doniya, Shyampur"
A 3 Katha Plot Sale In Rupganj Bproperty Village.,5.351372283277213,4.998284976161484,,vacant,2898.2858623079774,narayanganj-city,"৳4,575,000","Rupganj, Narayanganj"
"Apartment for sale includes 1578 SQ Ft at Mirpur, near Shah Ali Police Station",,,4,vacant,13968.842281524663,dhaka,"৳12,000,000","Section 2, Mirpur"
1400 Sq Ft Residential Apartment For Sale At Pallabi,3.306557256192313,2.95894647994378,2,vacant,1844.767602661781,dhaka,"৳7,800,000","Pallabi, Mirpur"
200 Sq Ft Commercial Shop Is Available For Sale At Bakalia,2.1419507607859454,2.001117813706922,4,vacant,1426.8774947217385,chattogram,"৳4,600,000","Dewan Bazar, Bakalia"
1050 Sq.ft Flat For Sale At Pahartali,3.36054372208548,1.9014679314702394,1,vacant,1745.9637158179753,chattogram,"৳4,200,000","12 No. Sarai Para Ward, Double Mooring"
"A nice residential flat of 1253 SQ FT for sale can be found in Manikdi, nearby Baitul Mamur Jame Mosque.",2.9869194523372173,4.161302196543538,,,1800.701308517572,dhaka,"৳6,265,000","Manikdi, Cantonment"
"1050 Sq Ft Ready Flat For Sale In Matuail, New Town R/a",3.5295434947811457,2.2191206310627387,6,vacant,493.44409765278454,narayanganj-city,"৳8,000,000","Matuail, Demra"
3 Bedroom Apartment Is For Sale In Middle Monipur Near Monipur High School And College.,2.8924625724208983,3.046796621661767,6,vacant,611.1876424470786,dhaka,"৳5,400,000","Middle Monipur, Mirpur"
A 1547 Sq.ft Residential Apartment Is For Sale In Jhautola,2.830193698483134,2.998937053819465,8,vacant,837.8266780107353,cumilla,"৳5,878,600","Shahid Khawaja Nizamuddin Road, Jhautola"
Affordable And Wonderful 1500 Sq Ft Flat Is Up For Sale In Bakalia,2.731918029211814,3.8732959961302367,6,vacant,1914.150525610038,chattogram,"৳8,250,000","Dewan Bazar, Bakalia"
"1310 Square Feet Flat Is Available For Sale In Bashundhara R-a, Block J",3.5164284254756004,3.1513083882600004,2,vacant,1556.3537031932801,dhaka,"৳12,000,000","Block J, Bashundhara R-A"
A 2000 Sq Ft Flat Is Up For Sale In A Well Secured Location Of Bashundhara R-a,3.1815450624999193,3.0074661196909416,5,vacant,1021.9602028255971,dhaka,"৳22,000,000","Block B, Bashundhara R-A"
Ready To Move |2004 Sq Ft Apartment | Well Maintained In Uttara,2.9259769978569072,2.9717071649978455,2,vacant,655.3524984382358,dhaka,"৳17,500,000","Sector 4, Uttara"
"A 3 Katha Plot Is Up For Sale In The Beautiful Location Of Narayanganj, Bproperty Village",3.2767155717397554,4.047079720646832,,vacant,535.65701264278,narayanganj-city,"৳4,575,000","Rupganj, Narayanganj"
"Plot For Sale In A Suitable Place In Bproperty Village, Narayanganj",3.1523552267402093,2.9426919781977467,Merin City - Purbach,vacant,-339.45928957758906,narayanganj-city,"৳4,575,000","Rupganj, Narayanganj"
"900 Sq Ft Residential Apartment Is On Sale In Sector 10, Uttara",3.4355870303372398,4.014370769921502,2,vacant,2420.6024804190465,dhaka,"৳4,800,000","Sector 10, Uttara"
Find 750 Sq Ft Flat Available For Sale In Kadamtali,2.657084336144317,1.8588641034948505,5,vacant,2897.9206882404305,dhaka,"৳4,000,000","Kadamtali, Shyampur"
1570 Sq.ft Apartment Ready For Sales At Kalamia Bazar Near Ajijia Islamia Jameh Mosjid,2.9412106166902268,3.1063643333948763,2,vacant,2626.5456365987693,chattogram,"৳6,280,000","18 No. East Bakalia Ward, Bakalia"
This beautiful 1800 sq ft flat located in Uttara is now available | For sale,2.897530389543782,2.9897840661731117,3,vacant,1054.623210719256,dhaka,"৳18,000,000","Sector 13, Uttara"
"In The Beautiful Neighborhood Of Double Mooring, An Apartment Of 1550 Sq Ft Is Up For Sale",,,2,vacant,237.31556646390777,chattogram,"৳7,750,000","25 No. Rampur Ward, Double Mooring"
Well Defined And Nice Living Space Of 1390 Sq Ft Is Up For Sale In North Bagichagaon,3.2349109022888696,2.980320147556491,8,vacant,1117.6022783745752,cumilla,"৳5,560,000","North Bagichagaon, Bagichagaon"
Sustain A Modern Lifestyle In This 1380 Sq Ft Flat For Sale In Gazipur Sadar Upazila,2.9400948135507217,2.9866737540681108,9,vacant,409.464250587151,gazipur,"৳5,000,000","Tongi, Gazipur Sadar Upazila"
"A Plot Which Is Up For Sale In Bproperty Village, Rupganj, Narayanganj",3.1638620917592104,2.8813827111586705,,vacant,513.5321079483535,narayanganj-city,"৳4,575,000","Rupganj, Narayanganj"
3 Katha Plot Is Ready For Sale In Purbachal Marine City,3.522797257101873,3.074337224075611,,vacant,1116.1388029700151,narayanganj-city,"৳3,900,000","Rupganj, Narayanganj"
"1800 Sq Ft Ready Flat For Sale In Muradpur, With Splendid Features And Price",2.9217403891921117,2.9143048195293995,9,vacant,1190.0695092107385,chattogram,"৳14,040,000","Nasirabad Housing Society, Muradpur"
Offering You 2400 Sq Ft Flat For Sale In Aftab Nagar,,,1,vacant,252.25096470357494,dhaka,"৳20,000,000","Block H, Aftab Nagar"
Check This Beautiful 1302 Sq Ft Residence Is Up For Sale At Dewan Bazar,,,4,vacant,524.5826974253202,chattogram,"৳5,859,000","Dewan Bazar, Bakalia"
We Have A 1320 Sq.Ft Flat For Sale In Bahaddarhat Nearby Bahaddarhat BWDB office.,3.2187203774704773,3.0118609892720043,4,vacant,1097.031873501511,chattogram,"৳5,940,000","Bahaddarhat, 4 No Chandgaon Ward"
Choose Your Destination At 1400 Sq Ft Flat Which Is Available For Sale In North Pahartali Near Ferozshah Colony Government Primary School,,,1,vacant,131.81140471503613,chattogram,"৳7,000,000","Lake Valley R/A, 9 No. North Pahartali Ward"
1200 Sq Ft Nice Apartment Is Ready For Sale In South Banasree Project,2.8602131894534093,2.977417163711457,3,vacant,640.9865035215632,dhaka,"৳8,600,000","South Banasree Project, Banasree"
An Impressive 1230 Sq Ft Residential Apartment Is Up For Sale In The Center Of East Shewrapara Near To Jheelpar Jame Masjid,3.2342157064753514,3.077808047907976,2,vacant,1478.9510386458544,dhaka,"৳7,400,000","East Shewrapara, Mirpur"
1054 Sq Ft Cozy Apartment Is Ready For Sale At Lalkhanbazar,3.0838859031475296,2.9629821110597985,6,vacant,446.8808631719552,chattogram,"৳6,500,000","14 No. Lalkhan Bazaar Ward, Lal Khan Bazaar"
"Plan To Move In This 945 Sq Ft Flat Which Is For Sale In Section 11, Mirpur",2.5469993045233483,2.978011475559749,4,vacant,2018.1667318534599,dhaka,"৳6,200,000","Section 11, Mirpur"
"1910 Sq Ft Apartment Is Up For Sale In Banasree, Block J",2.728519751287077,3.015890364184183,4,vacant,1286.4131593905727,dhaka,"৳13,752,000","Block J, Banasree"
See This Plot With Building Which Is Up For Sale In Savar Near South Rajashon Ahle Hadith Jame Masjid.,3.332592307101403,3.987675599920182,,,476.6646484717885,dhaka,"৳4,100,000","Rajashon, Savar"
Economical 1587 Sq Feet Ready Flat Sale At Bayazid Close to East Delta University,,,5,vacant,117.98939850944342,chattogram,"৳10,000,000","Bayazid Nagar Residential Area, Bayazid"
Ready To Move In! Check This 1675 Sq. Ft Apartment For Sale In Dakshin Khan,,,8,vacant,-317.4051035286734,dhaka,"৳11,500,000","Madhya Ajampur, Dakshin Khan"
"5 Katha Plot Is Now Available For Sale In Rupganj, Narayanganj City, Purbachal American City",,,,vacant,1212.3652767521512,narayanganj-city,"৳18,000,000","Rupganj, Narayanganj"
Buy This 100 Sq Ft Shop At Reazuddin Bazar,3.0029325275604797,3.8971493455012753,,vacant,952.2644312919365,chattogram,"৳3,800,000","Reazuddin Bazar, 31 No. Alkoron Ward"
1500 SQ Ft apartment for sale is all set for you to settle in Chawk Bazaar Ward close to People&#039;s Hospital Limited,3.162998541137445,2.9633594094959355,,,1810.6020363075293,chattogram,"৳9,800,000","Panchlaish Residential Area, 16 No. Chawk Bazaar Ward"
Buy This 980 Sq Ft Apartment With 2 Bedrooms In 24 No. North Agrabad Ward,2.6990826245012594,2.8648164597828685,5,vacant,2341.0917230543014,chattogram,"৳4,200,000","24 No. North Agrabad Ward, Double Mooring"
"Choose This 1030 Square Feet Flat For Sale In Kandirpar, Ak Fazlul Haq Road",2.8136913586168246,3.092108033857644,8,vacant,924.663061944132,cumilla,"৳3,914,000","AK Fazlul Haq Road, Kandirpar"
At Senpara Nice Flat Up For Sale Near Mother Care International School,,,8,vacant,2003.8177946680112,dhaka,"৳7,200,000","Section 10, Mirpur"
Commercial Arena Of 147 Sq Ft Is Up For Sale At Double Mooring,2.977882080853816,2.91681355628591,3,vacant,1833.460089961915,chattogram,"৳4,102,625","South Agrabad, Double Mooring"
1275 Sq Ft Residential Apartment For Sale At 14 No. Lalkhan Bazaar Ward,3.126692926456863,3.0090275822873562,9,vacant,1319.6156668706394,chattogram,"৳7,393,750","Hill Side Residential Area, Lal Khan Bazaar"
See This Shop Space Up For Sale Located In Bandartila Near Islami Bank Bangladesh Limited,2.7276079583899837,2.88223563317003,5,vacant,2637.560388565917,chattogram,"৳2,000,000","39 No. South Halishahar Ward, Halishahar"
A Decent 1125 Sq Ft Flat Which Is Now For Sale In Dakshin Khan,3.0791203122941244,2.8988792579314966,3,vacant,448.90867007786744,dhaka,"৳4,775,000","Faydabad, Dakshin Khan"
A Commercial Building Is Up For Sale Which Is Located In Mirpur Nearby Mirpur Adhunik Hospital,3.2418356256406624,2.8571355351202388,6,vacant,1733.802497317004,dhaka,"৳120,000,000","Section 12, Mirpur"
1400 Sq Ft Residential Apartment For Sale In Mirpur,3.107852541787377,2.8956226661448228,2,vacant,1007.0898682317595,dhaka,"৳8,400,000","Ahmed Nagar, Mirpur"
This 1325 Sq.Ft Flat In Bakalia Near By Moor Ali Baper Jame Masjid With A Convenient Price Is Up For Sale,,,2,vacant,310.54163405207095,chattogram,"৳5,300,000","18 No. East Bakalia Ward, Bakalia"
"Worthy 3355 Sq Ft Residential Apartment Is For Sale At Uttara, Sector 4",,,10,vacant,654.2860975896152,dhaka,"৳39,000,000","Sector 4, Uttara"
"Lovely Apartment Of 1080 Sq Ft Is Up For Sale In Chandrima, Chandgaon Residential Area",2.815042340995859,3.045617062617462,2,vacant,1702.9519047536116,chattogram,"৳5,700,000","Chandgaon Residential Area, 4 No Chandgaon Ward"
"When Location, And Convenience Is Your Priority This 1415 Sq.Ft Flat Is For You Near Chotora Moddho Para Jame Masjid.",2.9840490235114987,2.9181734051047266,8,vacant,1410.1009123411916,cumilla,"৳5,660,000","Mogbari Choumohoni, Chotora"
This 1335 Sq.ft Home Which Is For Sale Will Ensure Your Good Quality Of Living In Bahaddarhat,,,10,vacant,484.87728570299714,chattogram,"৳4,672,500","Bahaddarhat, 4 No Chandgaon Ward"
"You Can Find A Wonderful 1500 Sq Ft Flat For Sale In Bashundhara R-a, Block G",,,6,vacant,577.7622859153715,dhaka,"৳12,200,000","Block G, Bashundhara R-A"
A 2374 Square Feet Residential Apartment For Sale At Bashundhara R-A Close To Sunflower School And College.,,,2,vacant,1082.027775165414,dhaka,"৳26,500,000","Block A, Bashundhara R-A"
1365 Sq Ft Flat With Fine Residential Properties Is For Sale In Mirpur-10,,,5,vacant,142.48471938906746,dhaka,"৳7,507,500","Section 10, Mirpur"
1600 Square Feet 3 Beds Family Apartment For Sale In Uttara,,,4,vacant,221.782808625503,dhaka,"৳16,000,000","Sector 15, Uttara"
Ready 1100 SQ FT flat is now for sale in Mirpur nearby Life Aid Specialized Hospital,,,3,vacant,714.5629762668397,dhaka,"৳4,950,000","Middle Monipur, Mirpur"
1627 Sq Ft Flat Is For Sale At 26 No. North Halishahar Ward,,,7,vacant,-169.45470669177945,chattogram,"৳10,500,000","26 No. North Halishahar Ward, Halishahar"
"950 Sq Ft Apartment For Sale In Dakshin Khan, Near Islami Bank Bd Ltd.",,,2,vacant,1804.5117714222042,dhaka,"৳4,000,000","Moushair, Dakshin Khan"
"1635 Sq Ft Apartment Is Ready For Sale In Aftab Nagar, Block G",3.1969503754002746,3.2092063125051613,1,vacant,2297.167329805017,dhaka,"৳10,627,500","Block G, Aftab Nagar"
"An Apartment Up For Sale Is Located At Chasma Hill R/a, Near To Universal School And College.",3.3153834387953167,2.840550824115779,6,vacant,2075.8723383343267,chattogram,"৳6,200,000","Chasma Hill R/A, 7 No. West Sholoshohor Ward"
"Create Your New Home In A Nice Flat For Sale In West Bakalia, Near Mutual Trust Bank Limited",3.2206281895249114,2.9175686718223592,3,vacant,772.4741609431942,chattogram,"৳4,410,000","17 No West Bakalia Ward, Bakalia"
This 1518 Sq.Ft Apartment Up For Sale At Uttara 11 Very Near To Uttara West Police Station.,3.793023379459452,3.9768211315457718,1,vacant,2001.5726049913358,dhaka,"৳12,400,000","Sector 11, Uttara"
"Well-developed Residence up for sale in Bashundhara R-A, of 1550 SQ FT",2.7998258545687262,2.959190659511578,3,vacant,2019.246469474012,dhaka,"৳11,500,000","Block H, Bashundhara R-A"
"1350 Sq Ft Apartment For Sale In Forest Institute Road, West Sholoshohor",2.983213157388869,2.967441945089173,2,vacant,406.0928383790855,chattogram,"৳9,300,000","Forest Institute Road, 7 No. West Sholoshohor Ward"
"We Offer You An Excellent And Spacious Commercial Space Of 1840 Sq Ft At Tejgaon, For Sale",2.9000440526453954,2.872389448708974,3,vacant,2405.942828879838,dhaka,"৳46,000,000","Hatir Jheel Link Road, Tejgaon"
Next To Tan Mushri Madhya Para Jame Masjid 5 Katha Plot Now For Sale In Bproperty Village,3.747808641215152,4.137367868215097,,vacant,-28.563372723400107,narayanganj-city,"৳7,625,000","Rupganj, Narayanganj"
Reasonable 1265 Sq Ft Flat Is Available For Sale In Dakkhin Paikpara Sarak,2.9021450949904413,2.8608071029124713,2,vacant,1458.830430136778,dhaka,"৳8,800,000","Dakkhin Paikpara, Mirpur"
"A 3 Katha Plot Is Up For Sale In The Beautiful Location Of Bproperty Village, Rupganj",2.894873713621875,2.980410493065182,,vacant,2808.896469214269,narayanganj-city,"৳3,375,000","Rupganj, Narayanganj"
"Available At Bashundhara R-A, Block L A 1550 Square Feet And 3 Bedroom Residential Apartment For Sale.",2.8511550415413196,3.1023276466104734,1,vacant,1102.1873238191995,dhaka,"৳12,000,000","Block L, Bashundhara R-A"
"Grab This 1275 Sq Ft Flat Up For Sale In Banasree, Block B",2.930038206327618,2.997046610206909,6,vacant,1367.187181381754,dhaka,"৳10,600,000","Block B, Banasree"
View This 2622 Sq Ft Apartment Set To Sale In Nasirabad,3.2610806846259144,2.9041727207133397,7,vacant,1694.620930682399,chattogram,"৳30,153,000","Nasirabad, 15 No. Bagmoniram Ward"
"Be Content With Your Amazing Home Taste Through Buying This 1225 Sq Ft Flat In Mirpur, West Shewrapara",3.044140325579829,2.8680409551558035,3,vacant,265.83810735845486,dhaka,"৳5,512,500","West Shewrapara, Mirpur"
"A Plot of 12.5 Katha Is Available For Sale In Bproperty Village, Narayanganj",,,,vacant,168.4365547008505,narayanganj-city,"৳15,000,000","Rupganj, Narayanganj"
"1425 Square Feet Flat Is Available For Sale In Bashundhara R-a, Block D",3.0377753505191225,2.925929634781852,1,vacant,2038.687874579979,dhaka,"৳19,950,000","Block D, Bashundhara R-A"
2622 Sq Ft Apartment Is Being Constructed For Sale In 15 No. Bagmoniram Ward,2.9357371834170034,3.0200805128389945,6,vacant,2532.033848250167,chattogram,"৳30,153,000","Nasirabad, 15 No. Bagmoniram Ward"
Discover Your Ideal 2650 Sq Ft Flat For Sale In Bashundhara R-A Today!,4.000915622261819,4.86287722034911,1,vacant,2005.475796083861,dhaka,"৳21,000,000","Block A, Bashundhara R-A"
"3 Katha Residential Plot For Sale In Bproperty Village, Narayanganj",3.056824687525157,3.0795502007890767,,vacant,1570.125540309807,narayanganj-city,"৳4,575,000","Rupganj, Narayanganj"
"Plot Is Of 5 Katha For Sale In Bproperty Village, Rupganj",3.0964286300898025,3.011305761053017,,vacant,778.6728832001284,narayanganj-city,"৳7,625,000","Rupganj, Narayanganj"
"2100 Sft Apartment For Sale At Vip H/s,south Khulshi, Chattagram",3.46008640460415,3.0185742429301126,2,vacant,876.7749633692098,chattogram,"৳16,800,000","VIP Housing Society, South Khulsi"
"In East Monipur , 1265 Square Feet Apartment Is For Sale.",2.8127229101960225,3.1409998870410223,6,vacant,2319.251342033318,dhaka,"৳8,500,000","East Monipur, Mirpur"
"A 2440 Sq Ft Flat Is Up For Sale In A Well Secured Location Of Block H, Bashundhara R/A",3.1903179355623124,2.9571645891810907,8,vacant,1966.0573219016367,dhaka,"৳25,400,000","Block H, Bashundhara R-A"
1515 Square Feet Flat Is For Sale In Dhanmondi,3.0460262455934304,2.9289836089824024,3,vacant,1098.275101165525,dhaka,"৳19,900,000","Road No 11A, Dhanmondi"
1500 Sq Ft Flat Is Available For Sale At Pahartali,2.651930096080151,2.946404930751562,11,vacant,838.0018871043835,chattogram,"৳4,950,000","12 No. Sarai Para Ward, Double Mooring"
A Newly Constructed Apartment In Lal Khan Bazaar Is Available For Sale Which Is 1275 Sq Ft,,,3,vacant,-254.33991705055467,chattogram,"৳7,393,750","Hill Side Residential Area, Lal Khan Bazaar"
1160 Sq Ft Commercial Office Is Available For Sale At Jamal Khan,,,2,vacant,-45.4627156630886,chattogram,"৳29,000,000","Nabab Siraj Ud Daula Road, Jamal Khan"
"Plot Of 5 Katha Is Up For Sale In Bproperty Village, Rupganj, Narayanganj",1.8100962782767407,1.9187216886742624,,vacant,88.18155090637197,narayanganj-city,"৳7,625,000","Rupganj, Narayanganj"
1460 Square Feet Flat For Sale Is Positioned In A Desirable Place Like Chandgaon Residential Area,2.9980207402413406,2.802054410660617,5,vacant,944.1174703660158,chattogram,"৳8,100,000","Chandgaon Residential Area, 4 No Chandgaon Ward"
Full Commercial Building With 30.55 Katha Land Is Up For Sale In Hemayetpur,,,4,vacant,-90.4192275881301,dhaka,"৳220,000,000","Hemayetpur, Savar"
800 Sq Ft Flat Is Now For Sale In West Ahmed Nagar,,,3,vacant,-278.5665998991454,dhaka,"৳4,000,000","Ahmed Nagar, Mirpur"
"1600 Square Feet Flat For Sale In Aftab Nagar, Block D",3.232186416224833,3.013331979308977,1,vacant,1598.4141590615147,dhaka,"৳12,800,000","Block D, Aftab Nagar"
Nearly Finished 1350 Sq Ft Residential Flat For Sale In Mirpur 10,2.8966674421115197,3.1173685172774497,3,vacant,1579.5315390838152,dhaka,"৳13,500,000","Section 10, Mirpur"
A Nicely Build 1140 Sq Ft Three Bed Apartment Is Available For Sale In Senpara Mirpur.,2.7543495006738077,3.1913315001480167,8,vacant,1234.624398832865,dhaka,"৳6,200,000","Section 10, Mirpur"
Great Location! Check Out This 1585 Sq. Ft Flat For Sale In Shegunbagicha,3.050835950460841,3.0742958165857317,6,vacant,1228.1602993406602,dhaka,"৳13,000,000","Shegunbagicha Road, Shegunbagicha"
"This Very Nice Flat Of 1100 Sq Ft Is Up For Sale In West Monipur, Mirpur",2.8842617872283287,3.1352705541820716,4,vacant,2880.5539442502895,dhaka,"৳4,620,000","West Monipur, Mirpur"
A Must See 1350 Sq Ft Apartment For sale Is All Set For You To Settle In Bashundhara Close To Kuril Hazi Bari Masjid,,,5,vacant,1979.5444852326332,dhaka,"৳13,000,000","Block C, Bashundhara R-A"
"2000 Sq Ft Apartment Is Avaialble For Sale In Tongi, Dattapara",3.163794480603768,4.167302398857428,2,vacant,1164.9188891586157,gazipur,"৳4,400,000","Tongi, Gazipur Sadar Upazila"
2000 Sq Ft Flat Is Ready To Sale At Halishahar Housing Estate,2.7426230032237564,5.18109385794368,4,vacant,1449.052479727769,chattogram,"৳11,000,000","26 No. North Halishahar Ward, Halishahar"
"1440 Sq Ft Flat Is Set For Sale At Bayazid, Hill View R/a",2.799420256263035,5.093065257633931,4,vacant,1361.717795800498,chattogram,"৳6,000,000","Hill View R/A, Bayazid"
This Shop Space Of 115 Sq Ft Is Lucrative Enough For Your Next Business Venture In 9 No. North Pahartali Ward,3.0341357552811945,3.069114652569399,2,vacant,2180.866746985101,chattogram,"৳4,025,000","Dhaka Trunk Road, 9 No. North Pahartali Ward"
An Apartment Which Is Up For Sale At Mohammad Nagar Near To Mohammadia Bariya Jame Masjid.,3.214768542772266,2.9799193814671736,7,vacant,1303.8892081082552,chattogram,"৳5,500,000","Mohammad Nagar, Bayazid"
200 Sq Ft Commercial Shop Is Available For Sale At Bakalia,2.2743090550634992,2.9959554188683737,4,vacant,1344.4018607596306,chattogram,"৳4,600,000","Dewan Bazar, Bakalia"
This beautiful 1800 sq ft flat located in Uttara is now available | For sale,2.852658454764068,2.9669448385555115,3,vacant,2403.1572290582535,dhaka,"৳18,000,000","Sector 13, Uttara"
"3 Katha Great Plot Is Ready For Sale In Purbachal, Sector 24",3.207671809316304,3.0607853851251683,,vacant,1193.6950431209334,dhaka,"৳24,500,000","Sector 24, Purbachal"
Visit This Apartment For Sale In Faydabad Near Hazrat Belal (Rah) Jame Masjid.,,,7,vacant,540.5093415571425,dhaka,"৳4,408,000","Faydabad, Dakshin Khan"
A Finely Built 950 Sq Ft Flat Is Up For Sale In Paschim Joydebpur Nearby Gonimunshir Tek Jame Mosque,,,4,vacant,418.54943881027936,gazipur,"৳3,800,000","Joydebpur, Gazipur Sadar Upazila"
34 Katha Residential Plot For Sale At 9 No. North Pahartali Ward,,,,vacant,-249.39636250220957,chattogram,"৳476,000,000","Foys Lake, 9 No. North Pahartali Ward"
Look At This 1300 Square Feet Residential Apartment For Sale At Dewan Bazar -Terry Bazar Road,,,3,vacant,748.1366750719072,chattogram,"৳7,280,000","Dewan Bazar, Bakalia"
Get This Pleasant Plot In Bproperty Village Which Is Ready For Sale,,,,vacant,-386.93810432839,narayanganj-city,"৳7,625,000","Rupganj, Narayanganj"
In The Beautiful Neighborhood In Bproperty Village A Residential Plot For Sale,,,,vacant,917.2671116160873,narayanganj-city,"৳4,575,000","Rupganj, Narayanganj"
"1162 SQ FT apartment is up for sale in Race Course, near Cumilla Markaj Mosjid",3.1310045477760897,3.142634842492742,,,1038.0653793733409,cumilla,"৳4,123,500","Noor Masjid Road, Race Course"
Visit This Apartment For Sale Of 1611 Sq Ft In Mirpur Near Orchid Community Center.,2.7749059360282273,3.029381738292999,6,vacant,892.028179612385,dhaka,"৳15,500,000","Section 6, Mirpur"
Ideal 8.08 Katha Plot For Sale In Gulshan 1,2.8843003255162287,3.1413195340586264,,vacant,664.1945835003528,dhaka,"৳300,000,000","Gulshan 1, Gulshan"
Flat For Sale Covering A Beautiful Area In West Agargaon Nearby Momataj Memorial High School,3.173067314450678,2.8785041200499117,1,vacant,763.1409201761046,dhaka,"৳8,500,000","West Agargaon, Agargaon"
"272 katha Plot Is For Sale In Kaliakair, Gazipur .",,,,vacant,-152.12217268478605,gazipur,"৳157,500,000",Kaliakair
"At Khilgaon, 1294 Square Feet Flat Is Available For Sale",,,5,vacant,-1349.8685259184733,dhaka,"৳10,000,000","Tilpapara, Khilgaon"
Valuable 1705 Square Feet Apartment Is Ready To Sale In Kalabagan,,,1,vacant,-18.58091405895766,dhaka,"৳16,900,000","Lake Circus Road, Kalabagan"
"1240 Sq Ft Delightful Flat For Sale In Gazipur, Joydepur",,,7,vacant,-158.0505124579916,gazipur,"৳4,960,000","Joydebpur, Gazipur Sadar Upazila"
Offering You A 1300 Sq Ft Flat For Sale In Middle Paikpara Near Paikpara Central Jame Masjid,,,7,vacant,600.9755197244306,dhaka,"৳6,500,000","Middle Paikpara, Mirpur"
Well-constructed And Spacious 1873 Sq Ft Flat For Sale In Firingee Bazaar Ward,1.7134295977199336,1.971760931881397,6,vacant,1404.8425928782237,chattogram,"৳12,738,000","Abhoy Mitra Lane, 33 No. Firingee Bazaar Ward"
For Selling Purpose This 1358 Sq.Ft Flat Is Now Vacant In Thakur Para Near To Thakurpara Jame Masjid,1.819889124031937,2.141310404710283,6,vacant,723.6539719052194,cumilla,"৳5,160,000","South Thakur Para, Thakur Para"
The Most Appealing Plot Is Up For Sale In Bproperty Village,3.0520898056212196,2.817320438036276,,vacant,1373.7267471035634,narayanganj-city,"৳4,575,000","Rupganj, Narayanganj"
1350 SQ FT flat for Sale in Halishahar close to Halishahar Jame Masjid,2.269284867811209,2.0548371080248526,3,vacant,908.644463327242,chattogram,"৳6,800,000","Halishahar Road, Halishahar"
A Nicely Constructed Apartment Of 2220 Sq Ft Is Available Right Now For Sale In Bashundhara R-a,3.358013910830227,3.052069937949964,2,vacant,1930.2772240128797,dhaka,"৳24,000,000","Block F, Bashundhara R-A"
"Get Ready For Your Countless Peaceful Days With This 1115 Sq Ft Flat At Mazar Road, Mirpur Is Up To Sale",27.172701368755494,10.192675797655484,11,vacant,11504.567849312712,dhaka,"৳6,700,000","1st Colony, Mirpur"
1240 Square Feet Flat For Sale In The Location Of Shah Ali Bag,,,5,vacant,-193.65018185069619,dhaka,"৳7,320,000","Section 1, Mirpur"
An Impressive 1230 Sq Ft Residential Apartment Is Up For Sale In The Center Of East Shewrapara Near To Jheelpar Jame Masjid,,,2,vacant,-479.9631411035008,dhaka,"৳7,400,000","East Shewrapara, Mirpur"
Worthy 1806 Sq Ft Residential Apartment Is For Sale At Muradpur,,,2,vacant,-652.9172168799673,chattogram,"৳12,481,000","Nasirabad Housing Society, Muradpur"
"A very reasonable 700 SQ FT residential home is up for sale located at Mirpur, Section 6",,,5,vacant,424.96728662318037,dhaka,"৳3,000,000","Section 6, Mirpur"
"915 Sq Ft Flat Is Available For Sale In Kandirpar, Manoharpur",,,6,vacant,227.24767301508749,cumilla,"৳4,700,000","Manoharpur, Kandirpar"
A Convenient 9150 Sq Ft Residential Full Building Is Prepared To Be Sold At Bayazid,2.7233464801378404,2.893560831236547,,vacant,2067.854002505574,chattogram,"৳32,000,000","Shahid Nagar, Bayazid"
1537 Square Feet Flat With 3 Bedrooms Is Available For Sale In Bashundhara R/a,3.073896339665548,3.039482008362538,5,vacant,1684.4407974388232,dhaka,"৳14,500,000","Block K, Bashundhara R-A"
Commercial Area Of 2859 Square Feet Is Up For Sale At Motijheel,3.041099670026356,2.891165636207224,3,vacant,2894.2441075122233,dhaka,"৳35,237,500","Purana Paltan, Motijheel"
Take a Look at This 122 Sq Ft shop for sale in Halishahar Near To Halishahar Thana,3.152346431242192,3.072431954354839,1,vacant,1400.4922342412158,chattogram,"৳3,550,000","39 No. South Halishahar Ward, Halishahar"
A Plot Is Available For Sale In Bproperty Village,3.12098871213271,2.935133131595575,,vacant,1293.032971626126,narayanganj-city,"৳4,575,000","Rupganj, Narayanganj"
"Lovely Flat Of 1250 Sq Ft Is Available For Sale In Halishahar, Near Halishahar Police Station",3.05375678795656,2.8813126183252438,6,vacant,606.6237772207186,chattogram,"৳7,500,000","26 No. North Halishahar Ward, Halishahar"
"In The Location Of Mirpur, Close To Baitun Nur Jame Masjid A Flat Is Up For Sale",3.1233160128061637,2.948357345604546,2,vacant,1809.6829080956277,dhaka,"৳6,500,000","Pallabi, Mirpur"
A Finely Built 800 Sq Ft Flat Is Up For sale In North Pirerbag,2.9905437447968124,3.032944584716382,6,vacant,1516.415955138731,dhaka,"৳5,300,000","Pirerbag, Mirpur"
This 1570 Sq Ft Apartment With 3 Bedrooms Is Ready For Sale In Khulshi,3.0914743012928323,2.972862807038988,6,vacant,1772.382864685272,chattogram,"৳11,000,000","Nasirabad Properties Residential Area, Khulshi"
"Deal With This 1174 Square Feet Residential Apartment Set To Sale At Shimultoly, Gazipur",2.8391258509089123,3.0033472351323818,9,vacant,860.6865504353017,gazipur,"৳4,696,000","Shimultoly, Gazipur Sadar Upazila"
Amazing Three Bedroom Flat with Lovely Views Is Up for Sale At 31 No. Alkoron Ward,3.0819067474473356,4.068119322272262,1,vacant,1476.838779104924,chattogram,"৳6,000,000","Alkaran Road, 31 No. Alkoron Ward"
Offering You 1495 Sq Ft Flat For Sale In Ranavola,3.1480850447376745,3.105907821646509,7,vacant,1561.6311679348591,dhaka,"৳7,000,000","Ranavola, Turag"
1012 Sq Ft Flat Is Available For Sale In 11 No. South Kattali Ward,2.851634978518517,2.969659213066732,3,vacant,1433.767526164617,chattogram,"৳4,400,000","Port Connecting Road, 11 No. South Kattali Ward"
"This Flat In Shahid Khawaja Nizamuddin Road, Jhautola With A Convenient Price Is Up For Sale",2.0114831771617756,1.8978297419920922,13,vacant,638.3376242024622,cumilla,"৳6,000,000","Shahid Khawaja Nizamuddin Road, Jhautola"
Nicely Shaped 1315 Sq Ft - 3 Bedroom Flat Up For Sale In Kalamia Bazar,2.86184356343373,3.0074453444081057,3,vacant,2216.558816339395,chattogram,"৳5,260,000","18 No. East Bakalia Ward, Bakalia"
Evaluate This 650 Square Feet Apartment For Sale In Mirpur,2.883354720521926,3.046049967273517,5,vacant,2485.294310692336,dhaka,"৳2,400,000","Section 11, Mirpur"
"An Apartment Is Ready For Sale At Madartek , Near Bashabo Mohashorok Jame Masjid.",2.7507767709561044,2.857077633718067,5,vacant,831.0263920107301,dhaka,"৳4,062,500","Madartek, Bashabo"
Grab This 920 Sq Ft Ready Apartment To Sale In Bakalia,2.2804269554012637,1.9128598342766776,9,vacant,1514.0618735884166,chattogram,"৳5,800,000","Dewan Bazar, Bakalia"
125 Sq Ft Updated Commercial Space For Sale In 9 No. North Pahartali Ward,3.236097937335647,2.9296322911982497,3,vacant,-353.8822503635613,chattogram,"৳4,375,000","Dhaka Trunk Road, 9 No. North Pahartali Ward"
1400 Sq Ft Residential Flat For Sale In Mirpur-10,3.119066143967663,2.9796659653554487,2,vacant,1949.832275087068,dhaka,"৳9,200,000","Section 10, Mirpur"
Well Organised Flat Of 1435 Sq Ft Is Vacant For Sale In Kalamia Bazar,3.436931475937973,1.9255378366607105,2,vacant,-96.75355718119408,chattogram,"৳5,740,000","18 No. East Bakalia Ward, Bakalia"
Lovely Apartment Covering An Area Of 1100 Sq Ft Is Up For Sale In Cosmopolitan R/a,2.958073435129486,3.0691792858488913,3,vacant,1133.7112710267397,chattogram,"৳6,600,000","Cosmopolitan R/A, 7 No. West Sholoshohor Ward"
A Vacant Flat Of 800 Sq Ft Located In Paikpara Close To Delta Hospital Is Up For Sale.,3.6716738392155985,2.842948270689755,6,vacant,646.9128913661647,dhaka,"৳4,000,000","Ahmed Nagar, Mirpur"
Ready Apartment Of 1305 Sq Ft Is Now Available To Sale In South Khulsi,2.949591842952536,1.8454349128205114,4,vacant,880.0957574552698,chattogram,"৳11,000,000","South Khulshi, Khulshi"
A Nicely Build 1275 Sq Ft And 3 Bedroom Apartment Is Vacant For Sale In Uttar Badda .,3.0565369824040136,2.967331175258494,3,vacant,1855.3666552580567,dhaka,"৳8,000,000","Uttar Badda, Badda"
Attention Home Finders! A 1400 Sq.ft Flat Is Up For Sale In West Shewrapara Close To North South International School.,2.911874025062204,2.9828135281088866,3,vacant,330.9832576441886,dhaka,"৳6,300,000","West Shewrapara, Mirpur"
Grow Your Home In This 1240 Sq Ft Apartment With 3 Bedrooms For Your Interest To Live In Gazipur,3.082487116113509,2.8576726619601756,7,vacant,1283.4162933302612,gazipur,"৳4,960,000","Joydebpur, Gazipur Sadar Upazila"
"Have A Look At This 1100 Sq Ft Property Which Is Up For Sale Located At Section 12, Mirpur",3.1851268700745927,2.940633615385808,9,vacant,703.6993243805373,dhaka,"৳6,500,000","Section 12, Mirpur"
"5 Katha Plot For Sale In Bproperty Village, Narayanganj",2.9747623162388317,2.9607604995039525,,vacant,1965.569489641182,narayanganj-city,"৳7,625,000","Rupganj, Narayanganj"
1012 Sq Ft Flat Is Available For Sale In 11 No. South Kattali Ward,3.3936245910880505,2.9615183819898094,3,vacant,1460.13263670522,chattogram,"৳4,400,000","Port Connecting Road, 11 No. South Kattali Ward"
"900 Sq Ft Apartment For Sale In Bayazid, Near Ashekane Awlia Degree College",3.0529824887843526,2.0148606044527115,2,vacant,390.7358791498134,chattogram,"৳4,800,000","Shahid Nagar, Bayazid"
"Buy This Nice Flat Of 900 Sq Ft, Which Is Located At West Monipur Near Jame Mosjid",3.0599248664192316,2.9352688563295195,1,vacant,1106.0488157743996,dhaka,"৳4,320,000","West Monipur, Mirpur"
Best Location Mirpur | Spacious And Bright 3 Bedroom 1100 Sq Ft Apt. | For Sale,2.798615495637419,2.144596564536122,5,vacant,2017.5406559634496,dhaka,"৳6,100,000","Ahmed Nagar, Mirpur"
View This 200 Sq Ft Shop For Sale At Bakalia,3.0927166583735004,3.047767613839012,3,vacant,1613.3995266928407,chattogram,"৳4,600,000","Dewan Bazar, Bakalia"
This 1250 Sq Ft Well Defined Flat Is Now Vacant To Sale In Pirerbag,,,8,vacant,,dhaka,"৳7,000,000","Pirerbag, Mirpur"
"Reside Conveniently In This Well Constructed 1544 Sq Ft Flat For Sale In Sholokbahar , Near First Security Islami Bank Limited.",2.865247120905243,3.0092473281716337,6,vacant,1214.0920854993792,chattogram,"৳9,264,000","Al-Madani Road, Sholokbahar"
"At Ibrahimpur , This 1115 Square Ft. Nice Flat Is Up For Sale Within Your Affordability.",2.8279754560666523,3.012134083470627,4,vacant,1118.3485734540027,dhaka,"৳5,800,000","Kamal Khan Road, Ibrahimpur"
"An Adequate Residence Is up For Sale In Section 11, Mirpur With Satisfactory Price",3.5919176112918896,3.1188525089549146,2,vacant,1055.8700886224485,dhaka,"৳4,000,000","Section 11, Mirpur"
Select Your Next Residing Place At This Nice Flat Of 1100 Sq Ft In Kazir Dewri,2.941627755759594,2.9412565271074538,1,vacant,414.61052651714795,chattogram,"৳7,500,000","Shahid Saifuddin Khaled Road, Kazir Dewri"
1100 Square Feet Luxurious Apartment Is Ready For Sale At 14 No. Lalkhan Bazaar Ward,2.6772111870047057,3.075079045984589,4,vacant,1036.7382063036375,chattogram,"৳7,000,000","14 No. Lalkhan Bazaar Ward, Lal Khan Bazaar"
Let Your Business Flourish In This 110 Sq Ft Shop Area For Sale In 9 No. North Pahartali Ward,1.8453120580478657,2.004095185243841,3,vacant,1856.9817370565565,chattogram,"৳3,850,000","Dhaka Trunk Road, 9 No. North Pahartali Ward"
"See, This 1470 Sq Ft Beautiful Apartment And Make It Your New Home Which Is Up For Sale In North Bagichagaon",2.988575368390211,3.1459399759326487,7,vacant,960.363421934428,cumilla,"৳5,590,000","North Bagichagaon, Bagichagaon"
Live With Pleasure In This 1450 Sq Ft Flat Which Is Up For Sale In North Bagichagaon,3.1211117146713208,3.12630524046517,7,vacant,1337.7904936925222,cumilla,"৳5,510,000","North Bagichagaon, Bagichagaon"
"1050 Sq Ft Apartment With 2 Balconies For Sale In Mirpur, Ahmed Nagar",3.122912767792559,3.0192731297293514,1,vacant,1349.6656052215872,dhaka,"৳5,500,000","Ahmed Nagar, Mirpur"
"Offering You An Excellent 1675 Sq Ft Flat For Sale In Shah Ali Bag, Mirpur",3.149901025026163,2.974337370156465,9,vacant,2836.4128744843492,dhaka,"৳9,712,500","Section 1, Mirpur"
3 Katha Residential Plot For Sale In Gazipur Sadar Upazila,,,,vacant,1005.3469804981806,gazipur,"৳5,500,000","Mouchak, Gazipur Sadar Upazila"
"Plan To Move In This 1350 Sq Ft Flat Which Is For Sale In Block K, Bashundhara R/A",3.075423106563777,2.9823441513834164,1,vacant,1975.0935356945874,dhaka,"৳12,000,000","Block K, Bashundhara R-A"
Shop for Sale in Chandgaon nearby Jame Masjid,2.805912818000668,3.1644070015662358,1,vacant,1019.601116008102,chattogram,"৳2,700,000","Chand Mia Road, 4 No Chandgaon Ward"
"1250 Sq Ft Residential Property Is Set For Sale In Mirpur, Kallyanpur",2.862720779415415,3.0076777811745545,1,vacant,1313.7139705369234,dhaka,"৳7,500,000","Kallyanpur, Mirpur"
"Take This 5 Katha Residential Plot Which Is Ready For Sale At Rupganj, Narayanganj",2.7966855492656717,2.9603105356862485,,vacant,1477.5629176816292,narayanganj-city,"৳6,000,000","Rupganj, Narayanganj"
A 1565 Square Feet Residential Apartment For Sale Very Near To Baitul Jannat Jame Masjid In Kadamtali,2.7367175935453636,2.9550296859977716,2,vacant,798.5909457727655,chattogram,"৳7,500,000","23 No. North Pathantooly Ward, Double Mooring"
Check This Nice 815 Sq Ft Flat For Sale At East Monipur Nearby Monipur Baitur Rowshon Jame Masjid,2.2357710055208413,1.8813124442275406,6,vacant,897.2616275012064,dhaka,"৳4,200,000","East Monipur, Mirpur"
An Impressive 1230 Sq Ft Residential Apartment Is Up For Sale In The Center Of East Shewrapara Near To Jheelpar Jame Masjid,3.152558941498849,2.0544556510643726,2,vacant,1635.0437562943337,dhaka,"৳7,400,000","East Shewrapara, Mirpur"
Bring Your Family To Live A Standard Life In This 1162 Sq Ft Apartment To Sale In Khulshi Green Housing Society,3.2163759849428026,2.9197672957538385,6,vacant,875.7865999552182,chattogram,"৳6,972,000","Khulshi Green Housing Society, Khulshi"
A Shop Is Up For Sale In Faydabad Near Homes Laboratory School.,3.008709639599814,3.107446585671773,,vacant,1470.0536404605755,dhaka,"৳6,000,000","Faydabad, Dakshin Khan"
"Check This 2160 Sq.Ft Residential Plot For Sale Which Is Located At Bproperty Village, Rupganj",3.1720983830489065,2.8734948065791146,,vacant,1647.0064321733335,narayanganj-city,"৳4,575,000","Rupganj, Narayanganj"
Nice 1739 Sq Ft Apartment Is Available For Sale In West Khulshi R/a,2.609793956647212,3.0124497391138836,3,vacant,833.2656417506736,chattogram,"৳8,695,000","West Khulshi R/A, 9 No. North Pahartali Ward"
"This Nice 1200 Sq Ft Apartment For Sale, At 33 No. Firingee Bazaar Ward",2.1912133035013666,2.1125418315449593,2,vacant,1739.9782587477239,chattogram,"৳6,000,000","Yakub Nagar Road, 33 No. Firingee Bazaar Ward"
"Available In Narayanganj City, Bproperty Village A Residential Plot For Sale",3.0392401316236883,2.789416776691852,,vacant,1493.9117275641806,narayanganj-city,"৳4,575,000","Rupganj, Narayanganj"
In Mirpur Apartment Can Be Found For Sale Near Shaheed Zia Girls Laboratory School,3.138933417289487,3.1974740124818584,4,vacant,928.5149446105877,dhaka,"৳2,200,000","Section 12, Mirpur"
This 860 Sq Ft Apartment Has A Tempting Enough Environment For You To Buy In Mirpur,2.0841925168645,1.958388639890244,3,vacant,-294.89337647125103,dhaka,"৳4,500,000","Rupnagar R/A, Mirpur"
We Have A 1300 Sq.ft And 3 Bedroom Flat For Sale In The Location Of North Bagichagaon.,2.7813222032633638,3.01380525538075,7,vacant,1013.9014202770678,cumilla,"৳5,200,000","North Bagichagaon, Bagichagaon"
Fully Fitted Shop Space Of 150 Sq Ft Is Ready To Sale In 9 No. North Pahartali Ward Close To Sonali Bank Limited,2.6681157724564444,2.0559125491883155,4,vacant,1483.8815299066084,chattogram,"৳3,000,000","Dhaka Trunk Road, 9 No. North Pahartali Ward"
Modest 1450 Square Feet Apartment For Sale In Rajabazar,2.842247481812614,2.071046953524946,1,vacant,2101.556748864273,dhaka,"৳11,000,000","Rajabazar, Tejgaon"
"Situated In Sholokbahar, A 1744 Sq Ft Apartment Is Up For Sale",3.1251549782597223,2.0267977424520915,6,vacant,1442.1487821488863,chattogram,"৳8,700,000","Badurtala, Sholokbahar"
"Select This 1120 Sq Ft Flat For Sale In North Kafrul Road, Ibrahimpur",,,9,vacant,,dhaka,"৳5,040,000","North Kafrul Road, Ibrahimpur"
Invest In This 105 Sq Ft Shop For Sale In 9 No. North Pahartali Ward,,,3,vacant,,chattogram,"৳3,675,000","Dhaka Trunk Road, 9 No. North Pahartali Ward"
"At Pallabi, A Suitable Flat Is Up For Sale Which Is 1050 Sq Ft",,,4,vacant,,dhaka,"৳6,300,000","Pallabi, Mirpur"
"Plot For Sale In Narayanganj, Bproperty Village",2.8397702645126683,3.0511063155364,,vacant,2235.4902017961704,narayanganj-city,"৳7,625,000","Rupganj, Narayanganj"
Near By Janata Bank Limited 1000 Sq.ft Apartment Is For Sale In Arichpur,2.920840610595202,3.192226667283204,8,vacant,1015.1474659395515,gazipur,"৳3,800,000","Tongi, Gazipur Sadar Upazila"
Offering you 890 SQ FT flat for sale in Ali Nagar,2.6982435344518207,3.088164639529986,5,vacant,2081.5390989854795,chattogram,"৳3,000,000","Ali Nagar, Bayazid"
Offering You 1150 Sq Ft And 3 Bedroom Apartment For Sale In Uttara - Sector 10.,,,2,vacant,,dhaka,"৳5,500,000","Sector 10, Uttara"
1240 Square Feet Flat For Sale In The Location Of Shah Ali Bag,2.817925947630429,3.255479227938733,5,vacant,1665.518853572137,dhaka,"৳7,320,000","Section 1, Mirpur"
Available At 29 No. West Madarbari Ward A 2 Bedroom Residential Apartment For Sale.,3.0191091640412098,2.9438042055490836,1,vacant,1348.9592343591196,chattogram,"৳3,200,000",29 No. West Madarbari Ward
"In Bproperty Village,rupganj A Residential Plot Up For Sale .",2.738444434568434,3.1463291480318336,,vacant,820.7648688427283,narayanganj-city,"৳7,625,000","Rupganj, Narayanganj"
A Commercial Shop Of 154 Sq. Ft. Is Ready For Sale At Mohara,2.9743442336544237,3.0026215622306363,1,vacant,2459.6521652716956,chattogram,"৳3,080,000","Mohara, 4 No Chandgaon Ward"
"Nice Residential 5 Katha Plot Can Be Found In Rupganj For Sale, Near Zinda Park",3.234517794167097,3.103820704574128,,vacant,1880.6922343199321,narayanganj-city,"৳7,625,000","Rupganj, Narayanganj"
"Checkout This 1000 Sq Ft Flat Set To Sale In Mirpur, East Kazipara",2.711596334302568,2.9326368656215798,8,vacant,1595.2185561111687,dhaka,"৳6,500,000","East Kazipara, Mirpur"
2700 Square Feet Great Apartment For Sale In Banani Dohs,2.9542628358837533,3.06122498899741,5,vacant,1166.2612496027486,dhaka,"৳67,500,000","Road No 2, Banani DOHS"
A Well Planned Apartment For Sale In Ashulia Near Baitul Aman Mosjid,3.2270304184093863,2.975226969971672,3,vacant,1492.8173611846405,dhaka,"৳7,800,000","Ashulia, Savar"
Shop for Sale in Chandgaon nearby EBL ATM,2.9073344487094523,3.154495071833373,6,vacant,1449.240869298341,chattogram,"৳5,250,000","CDA Avenue, Sholokbahar"
Set Up Your New Office In The Location Of Bahaddarhat Nearby Agrani Bank Limited For Sale.,2.872905963283921,3.042920795746796,4,vacant,1567.9219784388663,chattogram,"৳11,988,000","CDA Avenue, Sholokbahar"
"2680 Sq Ft Residential Plot Is Up For Sale At Sholokbahar, Al-madani Road",3.257767461134645,2.0915758332193577,,vacant,1593.4342912070351,chattogram,"৳18,000,000","Al-Madani Road, Sholokbahar"
Buy This Amazing 1150 Sq Ft Apartment In The Area Of 6 No East Sholoshohor Ward,2.9321622548872743,1.7882593078777858,2,vacant,708.5670140041404,chattogram,"৳5,200,000","6 No East Sholoshohor Ward, Bakalia"
In Patharghata This 200 Square Feet Office Space Is Up For Sale.,3.244696091711158,2.9916272759604596,2,vacant,506.38677722306295,chattogram,"৳1,300,000","Patharghata, Kotwali"
"Well-developed Residence up for sale in Bashundhara R-A, of 1550 SQ FT",3.095035425504644,3.0401697779339867,3,vacant,1450.778554957278,dhaka,"৳11,500,000","Block H, Bashundhara R-A"
Near To Bangladesh Mahila Samity Girls&#039; High School and College See This Office Space For Sale Located In East Nasirabad,2.924044251249125,3.0218792482293653,3,vacant,180.3151938422227,chattogram,"৳20,000,000","CDA Avenue, East Nasirabad"
"Buy This 1500 Sq Ft Flat In Double Mooring, 24 No. North Agrabad Ward",2.106273360575998,2.094042913333455,5,vacant,854.9967771625991,chattogram,"৳9,500,000","24 No. North Agrabad Ward, Double Mooring"
1425 Sq Ft Apartment For Sale In Mirpur 12,3.070994202635066,2.9641986755936616,5,vacant,993.217102327161,dhaka,"৳11,500,000","Section 12, Mirpur"
"Fully Fitted Commercial Office Space Of 2750 Square Feet Is Available For Sale In Vip Road, Motijheel",3.2261721698093417,3.0047734974310965,14,vacant,1596.2744469894376,dhaka,"৳26,125,000","Naya Paltan, Motijheel"
"1013 Sq Ft Apartment For Sale In Manoharpur, Kandirpar",2.8785164197567576,3.115575271815674,9,vacant,2639.499236818162,cumilla,"৳5,000,000","Manoharpur, Kandirpar"
A 860 Square Feet Apartment Is For Sale In The Location Of Rupnagar R/A.,3.009129025723203,2.7770452643891663,6,vacant,243.39932946495242,dhaka,"৳4,500,000","Rupnagar R/A, Mirpur"
Prominent 3900 Square Feet Apartment For Sale In Baridhara DOHS,2.986371467471835,3.057664071348137,1,vacant,2840.17872743479,dhaka,"৳52,000,000","Road No 8, Baridhara DOHS"
"Nice Flat Can Be Found In Mirpur For Sale , Near Mirpur Adarsha Biddyaniketon School",2.1560009726733367,1.9673315652152148,4,vacant,844.5740361224449,dhaka,"৳2,400,000","Section 6, Mirpur"
Noticeable 1500 Square Feet Apartment For Sale In Uttara,2.7728759872527324,2.910735670402904,5,vacant,1659.5520158547854,dhaka,"৳16,000,000","Sector 7, Uttara"
"In A Great Location Of Bashundhara R-a, Block H, 1610 Sq Ft Apartment Is Up For Sale",3.225306862760597,3.0329286394200143,4,vacant,522.574669860847,dhaka,"৳13,100,000","Block H, Bashundhara R-A"
"Buy This Nice Flat Of 1900 Sq Ft, Which Is Located At Jagannathpur, Badda",3.10331312083667,3.120098038363887,5,vacant,2050.6073390243832,dhaka,"৳10,000,000","Jagannathpur, Badda"
"Here Is A Well Defined Flat Of 1640 Sq Ft Waiting For Sale At Chadra Nagar, Bayazid",2.7082409506240785,2.101673391085788,7,vacant,1104.9868793982619,chattogram,"৳11,000,000","Chadra Nagar, Bayazid"
We Have A 1600 Sq. Ft Flat For Sale In Shegunbagicha Nearby Dhaka University Medical Center,2.267685398673418,1.9867800783530274,,,962.9663646018782,dhaka,"৳11,000,000","Kazi Motahar Hossain Road, Shegunbagicha"
Prominent 2289 Sq Ft Ready Flat For Sale In Bagmoniram,2.4949536511388075,2.085685494924354,7,vacant,-270.2594076116918,chattogram,"৳26,000,000","Mehidibag, 15 No. Bagmoniram Ward"
This 1050 Sq Ft Apartment Is Available To Sale At 33 No. Firingee Bazaar Ward,3.2219519792283258,3.08493473593703,3,vacant,1402.4620042512784,chattogram,"৳5,250,000","Kobi Kazi Nazrul Islam Road, 33 No. Firingee Bazaar Ward"
Attention Plot Finders! A 6 Katha Plot Is Up For Sale Close To Akkel Ali High School At Gazipur Sadar Upazila.,3.3161422980666524,2.9914512956865402,,vacant,1884.6049621754114,gazipur,"৳10,500,000","Mouchak, Gazipur Sadar Upazila"
We Are Offering You A Very Spacious 1960 Sq Ft Flat For Sale In Gulshan 1,3.0189136600395705,2.9321866252955537,3,vacant,1272.6439666208435,dhaka,"৳39,000,000","Gulshan 1, Gulshan"
See This Shop Space For Sale Located In Halishahar Near To Navy Hospital,2.631900777331971,2.9378465269961183,,vacant,2257.4459394116293,chattogram,"৳4,225,000","39 No. South Halishahar Ward, Halishahar"
3 katha Residential Plot Is For Sale In Bproperty Village,1.591443096847517,2.0819784409347224,,vacant,1597.5604971649104,narayanganj-city,"৳4,575,000","Rupganj, Narayanganj"
125 Sq Ft Shop Property For Sale In 9 No. North Pahartali Ward,,,5,vacant,,chattogram,"৳4,375,000","Dhaka Trunk Road, 9 No. North Pahartali Ward"
Reasonable 1700 SQ FT flat is available for sale in Mohammadpur,,,5,vacant,,dhaka,"৳18,500,000","Ring Road, Mohammadpur"
Well-constructed 1550 Sq Ft Apartment Is Ready For Sale At South Agrabad,2.7973795845420066,2.8351472502550896,7,vacant,1574.2898624125833,chattogram,"৳9,300,000","South Agrabad, Double Mooring"
"A finely developed commercial space of 2555 SQ FT is ready to be bought in Gulshan 1, near Gulshan 1 Bus Stop",2.9860987437837374,3.0813892379322096,,,1474.9711252654106,dhaka,"৳40,000,000","Gulshan 1, Gulshan"
Nice 1300 Sq Ft Flat Is Available For Sale In Shyampur,3.1363802557883953,2.9465013266885887,4,vacant,1234.635413925296,dhaka,"৳8,000,000","West Dolairpar, Shyampur"
1550 SFT Apartment For Sale In Chandgaon Residential Area,2.678147854192078,3.03232626944702,9,vacant,1280.7621988314652,chattogram,"৳6,500,000","Chandgaon Residential Area, 4 No Chandgaon Ward"
Uttara Is Offering You A 1450 Sq Ft Residential Apartment Up For Sale,1.900553106322256,2.1212971692418794,3,vacant,-834.634815358713,dhaka,"৳9,500,000","Sector 10, Uttara"
Promising Under-construction 1100 Sq Ft Apartment For Sale In Mirpur,3.3345053139375014,2.8719303466904997,4,vacant,1435.2338432387726,dhaka,"৳6,100,000","Ahmed Nagar, Mirpur"
Wonderful 895 SQ FT home is available for sale in Agargaon,2.76177451405576,2.995583604114826,7,vacant,678.2328984154898,dhaka,"৳5,500,000","West Agargaon, Agargaon"
An apartment located on Mirpur near to BSMR Maritime University is waiting for you to make it home!,3.1926918260059254,2.9832987001811113,1,vacant,2529.8545646620737,dhaka,"৳4,500,000","Pallabi, Mirpur"
"Plot Is Of 5 Katha For Sale In Rupganj, Bproperty Village",2.892609998074789,3.0371553434047893,,vacant,2505.602620820283,narayanganj-city,"৳7,625,000","Rupganj, Narayanganj"
In Bproperty Village A Large Plot Space Is For Sale,3.120918244870107,3.1212436578267684,,vacant,2013.2861946828855,narayanganj-city,"৳4,575,000","Rupganj, Narayanganj"
Commercial Shops For Sale In 22 No. Enayet Bazaar Ward Near Mosque,3.2431081591243145,2.869921881662116,2,vacant,1206.3252305895762,chattogram,"৳1,200,000","Nandan Kanan, 22 No. Enayet Bazaar Ward"
Make Your Life Easy Buying This 1259 Sq Ft Flat In Gazipur,3.1642277666250385,3.0557509826102676,9,vacant,772.6788697234786,gazipur,"৳4,900,000","Chandana, Gazipur Sadar Upazila"
Contact Us To Buy This 2700 Sq Ft House Which Is Now Available In Bashundhara R-a,3.2014203743126872,3.100927818663397,3,vacant,993.81258011053,dhaka,"৳26,500,000","Block K, Bashundhara R-A"
125 Sq Ft Shop For Sale In 9 No. North Pahartali Ward,2.744869437675989,2.9817642298024962,3,vacant,2370.4265834674197,chattogram,"৳4,375,000","Dhaka Trunk Road, 9 No. North Pahartali Ward"
2148 Sq.Ft Office Space Is Vacant For Sale In Double Mooring Near Tobank Asia.,3.2467264872334494,2.986551715519469,5,vacant,1052.9564782321956,chattogram,"৳38,664,000","Commerce College Road, Double Mooring"
"A 3 Katha Plot Is For Sale At Rupganj, Bproperty Village",2.8110895315790847,3.0409425192676545,,vacant,-19.22781215920554,narayanganj-city,"৳4,575,000","Rupganj, Narayanganj"
"1280 Sq Ft Ready Flat With A Splendid Interior Is Up For Sale In Bayazid, Nasirabad",3.057500354661488,3.0337380837484966,6,vacant,1970.666676917713,chattogram,"৳7,400,000","Nasirabad, Bayazid"
Make Your Permanent Residence In This 680 Square Feet Flat Up For Sale In Gandaria,2.057213324836632,2.0569793734079123,4,vacant,1804.0414123388448,dhaka,"৳4,000,000","Gandaria, Sutrapur"
This 1744 Sq Ft Apartment With A Friendly Neighborhood Is Ready For Sale In 4 No Chandgaon Ward,3.1074768029255804,3.054917608843542,7,vacant,2349.664498918706,chattogram,"৳12,000,000","Chand Mia Road, 4 No Chandgaon Ward"
Offering You 1495 Sq Ft Flat For Sale In Ranavola,3.0746512929676304,2.9039204667926732,7,vacant,2172.5965667391665,dhaka,"৳7,000,000","Ranavola, Turag"
"This 850 Sq Ft Apartment Comes With Peaceful Living In Mirpur10-Block A , Is Up For Sale.",1.813057551931077,2.096891065365325,6,vacant,1803.9062259199377,dhaka,"৳6,000,000","Section 10, Mirpur"
Properly Constructed 2100 Sq Ft Flat Is Available For Sale In 16 No. Chawk Bazaar Ward,2.7009427180936925,3.1141620603109805,9,vacant,1581.8923663895837,chattogram,"৳20,000,000","Panchlaish Residential Area, 16 No. Chawk Bazaar Ward"
This Nice Business Shop Space Of 175 Sq Ft Is Located In 22 No. Enayet Bazaar Ward Up For Sale,3.1932650738343553,3.0182069875712263,,vacant,299.0480953627914,chattogram,"৳13,125,000","Jubilee Road, 22 No. Enayet Bazaar Ward"
"Nearly Finished Apartment Is Up For Sale In Mirpur Section 10, Near To Darland International School",3.0411708462111084,2.8538067279784047,2,vacant,1516.7981098515527,dhaka,"৳4,702,500","Section 10, Mirpur"
"1330 Square Feet Office Arena For Sale In Bayazid, Shahid Nagar",3.2546394637072713,2.9887728871710677,2,vacant,1724.4927431003766,chattogram,"৳8,000,000","Shahid Nagar, Bayazid"
Valuable 2000 Sq Feet Ready Flat For Sale In Nasirabad,2.990089612069999,2.019021336755012,9,vacant,943.5008468989756,chattogram,"৳13,000,000","Nasirabad, Bayazid"
"Residential Apartment For Sale in Tipu Sultan Road, Middle Pirerbag",2.6886919185485105,2.888008392979469,7,vacant,1091.0476501491166,dhaka,"৳5,700,000","Pirerbag, Mirpur"
"Buy This Great 1350 Sq Ft Apartment In Bashundhara R-a, Block C",3.214041848657356,2.9647628585441868,6,vacant,799.1264078393394,dhaka,"৳11,600,000","Block C, Bashundhara R-A"
See this amazing office space in Uttara near to City Bank Limited,2.9179459946848705,2.862102472647206,10,vacant,786.4602272109659,dhaka,"৳46,500,000","Sector 3, Uttara"
117 Sq Ft Shop Is Up For Sale With Significant Commercial Features In 9 No. North Pahartali Ward,3.0757693855316837,3.059419551003075,,vacant,2522.470130715663,chattogram,"৳4,050,000","Dhaka Trunk Road, 9 No. North Pahartali Ward"
"A 3600 Sq.ft Residential Plot Is For Sale At Bproperty Village, Rupganj .",2.856558166333985,3.016237636334425,,vacant,2574.2790558448223,narayanganj-city,"৳7,625,000","Rupganj, Narayanganj"
"This 5 Katha Plot In Rupganj, Bproperty Village Is Up For Sale",3.3642879260712566,2.838970939066666,,vacant,1448.405124088944,narayanganj-city,"৳7,625,000","Rupganj, Narayanganj"
105 Sq Ft Commercial Shop For Sale In A Growing Business Area Of 9 No. North Pahartali Ward,1.8058008576641753,2.034388525670694,1,vacant,1154.6157743660265,chattogram,"৳3,675,000","Dhaka Trunk Road, 9 No. North Pahartali Ward"
Fine Flat Is Now For Sale Which Is In Manoharpur Near Janata Bank Limited,2.9252438986391356,2.9944709710688913,8,vacant,422.040677663338,cumilla,"৳5,500,000","Manoharpur, Kandirpar"
5 Katha Plot is now for sale in Bproperty Village Very Close To Rupganj Upazila Health Complex,2.023804794960099,2.050527741917866,,vacant,1437.1463308543432,narayanganj-city,"৳5,750,000","Rupganj, Narayanganj"
A 1350 Sq.ft Apartment For Sale In Joydebpur Very Close To North Chayabithi Jame Mosque,1.758031733257979,1.9616911258539362,9,vacant,2080.17488926856,gazipur,"৳4,500,000","Joydebpur, Gazipur Sadar Upazila"
A 277 Sq Ft Commercial Shop Space Is Available For Sale Which Is Located In Jubilee Road,2.073225170810114,1.9215805107147104,,vacant,128.6503929606057,chattogram,"৳16,620,000","Jubilee Road, 22 No. Enayet Bazaar Ward"
"1300 Sq Ft Flat Is Available For Sale At CDA Residential Area, Double Mooring",2.3571117886666357,1.9245779219414865,4,vacant,1329.4860667847631,chattogram,"৳6,000,000","South Agrabad, Double Mooring"
At Kazirhat A 128 Sq Ft Shop Is Ready For Sale,1.8913402314042802,1.947343583015166,,vacant,1344.7566933386354,chattogram,"৳3,125,000","Mohara, 4 No Chandgaon Ward"
1320 Sq Ft Flat With 3 Bedrooms For Sale In 7 No. West Sholoshohor Ward,,,3,vacant,2477.878806482186,chattogram,"৳7,000,000","CDA Avenue, 7 No. West Sholoshohor Ward"
"1370 Sq Ft Apartment Is Available For Sale In Middle Badda, Adarsha Nagar",,,5,vacant,4589.784820290043,dhaka,"৳9,200,000","Middle Badda, Badda"
"In The Location Of Bproperty Village, Rupganj A Residential Plot Is For Sale",,,,vacant,4826.685078740558,narayanganj-city,"৳4,575,000","Rupganj, Narayanganj"
Picture Yourself In This Residential Apartment Of 1050 Sq Ft For Sale In Shah Ali Bag,,,7,vacant,3459.327906762464,dhaka,"৳6,000,000","Section 1, Mirpur"
A Nice Residential Plot Is Up For Sale In Savar Near Savar Cantonment School,,,,,2565.581882371579,dhaka,"৳37,500,000",Savar
Visit This Residential Plot For Sale In Bashundhara R-a Near Bashundhara Group Head Quter2,,,,vacant,3650.750150132986,dhaka,"৳15,000,000","Block M, Bashundhara R-A"
Visit This Apartment For Sale In Halishahar Near Khalpar Mosque,,,8,vacant,3219.155470585909,chattogram,"৳7,731,500","26 No. North Halishahar Ward, Halishahar"
"Close to Uttara Residential Area Jame Masjid, an apartment for sale is available in Double Mooring",,,7,vacant,2323.163415421217,chattogram,"৳4,700,000","24 No. North Agrabad Ward, Double Mooring"
Grab This Lovely Flat Of 1300 Sq Ft Is Up For Sale In Bayazid Before It&#039;s Sold Out,,,1,vacant,2564.5732238879064,chattogram,"৳5,600,000","Shershah Colony, Bayazid"
"125 Sq Ft Shop For Sale In An Affordable Price, Right In 9 No. North Pahartali Ward",,,,vacant,2290.69783951886,chattogram,"৳3,750,000","Dhaka Trunk Road, 9 No. North Pahartali Ward"
Buy This 950 Sq Ft Residential Apartment In Ali Nagar Nearby Hill View Public School,,,5,vacant,3069.095200189539,chattogram,"৳4,000,000","Ali Nagar, Bayazid"
Ample Office Of 2154 Sq Ft Is Waiting For Sale In Outer Circular Road,,,8,vacant,1880.7083332540524,dhaka,"৳32,310,000","Outer Circular Road, Shiddheswari"
"A 3 Katha Plot Is Up For Sale In The Beautiful Location Of Narayanganj, Rupganj, Bproperty Village",,,,vacant,1885.319338367322,narayanganj-city,"৳4,575,000","Rupganj, Narayanganj"
"Available In Chandgaon Residential Area , A 1313 Sq.ft Apartment For Sale .",,,6,vacant,3092.4340936583885,chattogram,"৳7,200,000","Chandgaon Residential Area, 4 No Chandgaon Ward"
1350 Sq Ft Flat Is Ready To Sale In Mirpur-10,,,1,vacant,3788.9051502835478,dhaka,"৳10,150,000","Section 10, Mirpur"
"At Khalifa Potty, Bakalia 1500 Sq Ft Apartment To Sale",,,4,vacant,3851.90927404167,chattogram,"৳8,250,000","Dewan Bazar, Bakalia"
Commercial Shop Of 120 Sq Ft Is Up For Sale At Kazirhat,,,1,vacant,4190.15170797061,chattogram,"৳2,640,000","Mohara, 4 No Chandgaon Ward"
This Flat Is Up For Sale At Shahjadpur Near Bangladesh Institute Of Management Studies,,,6,vacant,3083.289230226861,dhaka,"৳12,800,000","Shahjadpur, Badda"
105 Sq Ft Commercial Shop For Sale At The Location Of 9 No. North Pahartali Ward,,,1,vacant,1812.073599610801,chattogram,"৳3,675,000","Dhaka Trunk Road, 9 No. North Pahartali Ward"
"1420 Sqft Residential Speace Is For Sale, 1st Colony, Mazar Road , Mirpur-1",,,2,vacant,3096.615959105985,dhaka,"৳10,500,000","1st Colony, Mirpur"
"Grab This Nice Plot Is Available For Sale In Bproperty Village, Rupganj",,,,vacant,2060.892526026273,narayanganj-city,"৳4,575,000","Rupganj, Narayanganj"
"Remarkable Office Of 14528 Sq Ft Is Available For Sale In 28 No. Pathantooly Ward, Double Mooring",,,7,vacant,2178.153709907467,chattogram,"৳363,200,000","28 No. Pathantooly Ward, Double Mooring"
"Near To Rupgonj Police Station 5 Katha Plot for sale in Rupganj, Bproperty Village",,,,vacant,3494.5013747991316,narayanganj-city,"৳7,625,000","Rupganj, Narayanganj"
Comfortable And Nicely Planned 1530 Sq Ft Flat In Shegunbagicha For Sale,,,9,vacant,2842.6422233212334,dhaka,"৳15,500,000","Topkhana Road, Shegunbagicha"
1275 Sq.ft And 3 Bedroom Apartment For Sales At Bakalia Close To Moor Ali Baper Jame Masjid,,,4,vacant,4306.005582454462,chattogram,"৳5,100,000","18 No. East Bakalia Ward, Bakalia"
"Nice Flat Can Be Found In Uttara For Sale, Near Friends Club Playground",,,1,vacant,4270.6991903914595,dhaka,"৳9,600,000","Sector 5, Uttara"
"Buy This 1013 Sq Ft Flat Available In Kandirpar, Manoharpur",,,6,vacant,3616.0067784439557,cumilla,"৳5,000,000","Manoharpur, Kandirpar"
5 Katha fine Plot is now for sale in Bproperty Village,,,,vacant,1634.3641341985067,narayanganj-city,"৳7,625,000","Rupganj, Narayanganj"
1750 Sq Ft Flat Is Now For Sale In B-block Chandgaon R/a,,,3,vacant,4759.925850253121,chattogram,"৳9,500,000","Chandgaon Residential Area, 4 No Chandgaon Ward"
"At Bayazid, A Nice And Spacious 1700 Sq Ft Residential Flat Is Up For Sale",,,9,vacant,2675.919473874836,chattogram,"৳8,384,200","Oxygen Kuwaish Road, Bayazid"
For Selling Purpose This 1046 Sq Ft Flat Is Now Vacant In Dumni.,,,2,vacant,1884.86652860067,dhaka,"৳2,800,000","Bazar Road, Dumni"
A Decent 1560 Sq.Ft And 3 Bedroom Flat Is Available For Sale In PC Culture Housing .,,,4,vacant,3017.83974030065,dhaka,"৳10,000,000","PC Culture Housing, Mohammadpur"
"1270 Sq Ft Residential Flat For Sale In Mirpur, Ahmed Nagar",,,1,vacant,1837.2998097653967,dhaka,"৳6,000,000","Ahmed Nagar, Mirpur"
1800 SQ FT flat is now for sale in Pirerbag,,,9,vacant,3009.937787822981,dhaka,"৳9,000,000","Pirerbag, Mirpur"
"650 Sq. Ft. Flat Is Now Up For Sale Located In Mirpur, Block C",,,1,vacant,3050.654924936217,dhaka,"৳3,500,000","Section 12, Mirpur"
1485 Sq Ft Apartment With 3 Bedrooms For Sale In Mohammadpur,,,4,vacant,1604.8138235795789,dhaka,"৳13,200,000","Jahuri Moholla, Mohammadpur"
1350 Square Feet Residential Flat Is Now Up For Sale In Bashundhara Near Independent University,,,1,vacant,3950.504836097827,dhaka,"৳12,000,000","Block D, Bashundhara R-A"
New with a view – 1000 SQ FT Flat for Sale in West Shewrapara,,,1,vacant,2631.263792997092,dhaka,"৳6,000,000","West Shewrapara, Mirpur"
Get Comfortable In A Flat For Sale In Faydabad Nearby Faidabad Central Eidgah Maidan,,,2,vacant,3735.4623795694833,dhaka,"৳2,880,000","Faydabad, Dakshin Khan"
"An Apartment Is Up For Sale In Dakshin Kattali, Near Anandomoyee Kali Temple",,,4th to 8th Backside,vacant,1712.7693713687922,chattogram,"৳3,800,000","Dakshin Kattali, 11 No. South Kattali Ward"
"1300 Sq Ft Residential Apartment Is Up For Sale At Uttara, Sector 10",,,6,vacant,4463.09614129852,dhaka,"৳8,000,000","Sector 10, Uttara"
1450 Sq Ft Remarkable Flat Is Up For Sale In Ashkona Nearby Hajj Camp Masjid.,,,4,vacant,3610.450840454239,dhaka,"৳9,425,000","Ashkona, Dakshin Khan"
"This Residential Plot In Bproperty Village, Rupganj With A Convenient Price Is Up For Sale",,,,vacant,2852.0877700512274,narayanganj-city,"৳7,625,000","Rupganj, Narayanganj"
"Buy This Nice Flat Of 1300 Sq Ft, Which Is Located At Bayazid Shershah Colony.",,,1,vacant,2087.708666849756,chattogram,"৳5,600,000","Shershah Colony, Bayazid"
Flat For Sale In Arambag R/a Near Al Arabia Jame Masjid And Madrasa,,,8,vacant,3601.484999321517,dhaka,"৳7,205,000","Arambag Residential Area, Mirpur"
A Nicely Constructed Apartment Of 6509 Sq Ft Is Ready For Sale In 15 No. Bagmoniram Ward.,,,10,vacant,1522.026924830846,chattogram,"৳65,000,000","Badshah Miah Chowdhury Road, 15 No. Bagmoniram Ward"
1660 Sq Ft Decent Flat With 3 Bedrooms For Sale In Uttara-12,,,1,vacant,2348.082168387511,dhaka,"৳10,500,000","Sector 12, Uttara"
Grab This 1400 Sq Feet Flat For Sale At Bayazid,,,3,vacant,3457.072599339276,chattogram,"৳8,000,000","Shahid Nagar, Bayazid"
"In Bproperty Village, Rupganj This 3 Katha Residential Plot For Sale",,,,vacant,2303.5140345687387,narayanganj-city,"৳3,375,000","Rupganj, Narayanganj"
"Wonderful Flat Covering An Area Of 3,650 Sq Ft Is Available For Sale In Gulshan 2",,,2,vacant,1833.5431660322565,dhaka,"৳78,000,000","Gulshan 2, Gulshan"
Nice Flat Of 1150 Sq Ft Can Be Found In Dakshin Khan To Sale,,,8,vacant,3510.5467378259077,dhaka,"৳4,870,000","Faydabad, Dakshin Khan"
3 Katha nice Plot is now up for sale in Bproperty Village,,,,vacant,2157.262662999474,narayanganj-city,"৳4,575,000","Rupganj, Narayanganj"
A 1100 Sq Ft Apartment Is Waiting For Sale At Lal Khan Bazaar Nearby Chittagong Police Institution,,,1,vacant,2290.9345840449714,chattogram,"৳5,500,000","14 No. Lalkhan Bazaar Ward, Lal Khan Bazaar"
1750 Sq Ft Nice Flat For Sale In Uttara-12,,,1,vacant,4268.66437040135,dhaka,"৳19,200,000","Sector 12, Uttara"
"A 4 Katha Residential Plot For Sale At Anonna Residential Area, Chandgaon .",,,,vacant,2323.8415785286015,chattogram,"৳15,000,000","Anonna Residential Area, 4 No Chandgaon Ward"
"Let Us Assist You To Buy This 900 Sq.Ft Flat At Sugandha Housing, Hemayetpur Summiting The Vision About Your Future Home.",,,9,vacant,1314.8862313442269,dhaka,"৳2,900,000","Hemayetpur, Savar"
Strongly Constructed 1175 Sq Ft Home Is Available To Sale In Baitul Aman Housing Society,,,2,vacant,3261.2059438631695,dhaka,"৳8,300,000","Baitul Aman Housing Society, Adabor"
"Now you can afford to dwell well, check this 800 SQ FT flat in Ibrahimpur",,,4,vacant,2260.0263871287075,dhaka,"৳4,445,000","Kamal Khan Road, Ibrahimpur"
"Wonderful Plot Is For Sale In Bproperty Village, Narayanganj",,,,vacant,9677.276226753225,narayanganj-city,"৳4,575,000","Rupganj, Narayanganj"
"A Plot Which Is Up For Sale In Bproperty Village, Narayanganj",,,,vacant,2941.9423494408247,narayanganj-city,"৳4,575,000","Rupganj, Narayanganj"
"This 1300 Sq Ft Well Featured Residence Is Waiting For Sale At Uttar Cyabithy, Joydebpur",,,7,vacant,4669.234064298203,gazipur,"৳5,200,000","Joydebpur, Gazipur Sadar Upazila"
An Apartment Of 1425 Sq.Ft Which Is Up For Sale At Dhanmondi Near To West Dhanmondi Jame Masjid.,,,7,vacant,3678.6941549056005,dhaka,"৳9,975,000","West Dhanmondi and Shangkar, Dhanmondi"
An Adequate 3 Bedroom Apartment Is For Sale In The Location Of Bashundhara R-a Near The Aga Khan School.,,,4,vacant,4059.88781949852,dhaka,"৳12,500,000","Block G, Bashundhara R-A"
"Grab This 800 Square Feet Apartment For Sale In Bashundhara, Block J",,,4,vacant,2723.6982797164496,dhaka,"৳8,600,000","Block J, Bashundhara R-A"
Brand New 1800 Sq Feet Ready Flat Sale In Bayazid,,,9,vacant,3859.0002919769463,chattogram,"৳12,500,000","Nasirabad, Bayazid"
Affordable And Wonderful 1420 Sq.Ft Flat Up For Sale In Muradpur,,,4,vacant,1512.1617728748815,chattogram,"৳7,100,000","1 No Railway Gate, Muradpur"
"Acquire This 145 Sq Ft Commercial Shop Which Is Up For Sale In East Nasirabad, Muradpur",,,5,vacant,2122.320622767427,chattogram,"৳8,000,000","East Nasirabad, Muradpur"
test lsitin ma,,,,,5425.453976986508,chattogram,"৳434,434",
Worthy 1585 SQ FT residence is for sale at Aftab Nagar,,,2,vacant,2342.889057621055,dhaka,"৳14,000,000","Block C, Aftab Nagar"
"A Large Plot Of 3600 Square Feet Is For Sale In Rupganj, Bproperty Village",,,,vacant,1639.5592787662736,narayanganj-city,"৳5,250,000","Rupganj, Narayanganj"
A 5 Katha Residential Plot For Sale At Manda Road,,,,vacant,3845.6896927015096,dhaka,"৳39,000,000","Manda Road, Mugdapara"
We Are Offering You A 3660 Sq Ft Flat For Sale In Gulshan 2,,,1,vacant,1848.4662366061234,dhaka,"৳109,800,000","Gulshan 2, Gulshan"
1470 Sq Ft Flat Is For Sale In Mansurabad Housing Society Nearby Baitur Rahman Jame Mosque,,,2,vacant,1581.1591718320403,dhaka,"৳7,000,000","Mansurabad Housing Society, Adabor"
4025 Sq Ft Commercial Space Is Available For Sale In Bashundhara R-a,,,6,vacant,3427.125150795378,dhaka,"৳50,000,000","Block B, Bashundhara R-A"
"Convenient Apartment Is Up For Sale In Shyamoli, Near Shyamoli Club Playground",,,9,vacant,4242.745917801446,dhaka,"৳11,000,000","Ring Road, Shyamoli"
Buy This 2687 Square Feet Flat In The Nice Area Of Banani,,,4,vacant,2368.1831191424635,dhaka,"৳47,500,000","Road No 25, Banani"
Take A Look At This Great 1700 Sq Ft Ready Flat For Sale At West Sholoshohor Ward,,,2,vacant,1923.9295263782808,chattogram,"৳9,500,000","Tayab Bag R/A, 7 No. West Sholoshohor Ward"
Nice Residential Plot Is Available For Sale In Ashulia Nearby Baitun-nur Jame Mashjid,,,,,1972.7517626745857,dhaka,"৳24,100,000","Ashulia, Savar"
For Selling Purpose This Nice 1390 Sq.Ft Flat Is Now Available In Bagichagaon Near Cumilla Diabetic Hospital,,,5,vacant,4529.333283452252,cumilla,"৳5,282,000","North Bagichagaon, Bagichagaon"
Look At This 1426 Sq Ft Flat For Sale At 26 No. North Halishahar Ward,,,7,vacant,2344.7105731579445,chattogram,"৳7,500,000","26 No. North Halishahar Ward, Halishahar"
This 98 Square Feet Shop Is Up For Sale In Andarkilla Near To Shiva Temple,,,3,vacant,1742.6339671650883,chattogram,"৳2,000,000","Hazari Lane, 32 No. Andarkilla Ward"
"Commercial Shop Of 130 Sq Ft Is Ready For Sale At Tongi Bazar, Anarkoli Road",,,4,vacant,5058.596556727346,gazipur,"৳5,000,000","Tongi, Gazipur Sadar Upazila"
Buy This 2500 Sq Ft Flat In 15 No. Bagmoniram Ward,,,2,vacant,3710.2936410070297,chattogram,"৳25,000,000","Nasirabad, 15 No. Bagmoniram Ward"
Ready flat 1500 SQ FT is now for sale in 4 No Chandgaon Ward,,,10,vacant,3806.8771454591847,chattogram,"৳9,000,000","Chandgaon Residential Area, 4 No Chandgaon Ward"
Offering You A 1370 Sq Ft Flat For Sale In Mirpur-2,,,1,vacant,4254.725141856031,dhaka,"৳8,500,000","Section 2, Mirpur"
"An Apartment Is Ready For Sale At Uttara -9, Near Uttara Ideal College",,,5,vacant,3880.4015703071723,dhaka,"৳6,200,000","Sector 9, Uttara"
Close To Mirpur 10 Block C Water Tank A 1518 Square Feet Residential Apartment For Sale,,,6,vacant,4050.0066114629267,dhaka,"৳10,000,000","Section 10, Mirpur"
At Chandgaon R/A Nice Flat Up For Sale Near Chandgaon Post Office,,,4,vacant,1904.70991869248,chattogram,"৳6,500,000","Bahaddarhat, 4 No Chandgaon Ward"
Pursue This 2530 Sq Ft Apartment For Sale In 15 No. Bagmoniram Ward,,,8,vacant,1419.0579176569454,chattogram,"৳29,095,000","Nasirabad, 15 No. Bagmoniram Ward"
In Sholokbahar A Standard 1544 Sq.Ft Flat Is For Sale.,,,9,vacant,2328.8380632119006,chattogram,"৳9,264,000","Al-Madani Road, Sholokbahar"
Evaluate This 8000 Sq Ft Full Building Up For Sale At Bayazid,,,1,vacant,3022.536652154449,chattogram,"৳29,500,000","Oxygen, Bayazid"
A Shop Nearer To Darul Ma&#039;arif Al Islamia Jame Masjid Is Available For Sale In 4 No Chandgaon Ward,,,1,vacant,1769.7040156182406,chattogram,"৳2,232,000","Chand Mia Road, 4 No Chandgaon Ward"
"1040 Sq Ft Apartment With 2 Bedrooms For Sale In Section 15, Mirpur",,,5,vacant,3161.371226410503,dhaka,"৳6,200,000","Section 15, Mirpur"
"1020 Sq Ft Flat Is Available For Sale In Shah Shuja Mosque Road, Moghultoli",,,8,vacant,2895.6545725421993,cumilla,"৳4,080,000","Shah Shuja Mosque Road, Moghultoli"
This 1872 Sq.Ft Flat In Bijoy Rakeen City With A Convenient Price Is Up For Sale,,,5,vacant,1884.513333368409,dhaka,"৳13,500,000","Section 15, Mirpur"
A Residential Building Of 5600 Sq Ft With 2.5 Katha Land Is Available For Sale In East Shewrapara,,,,vacant,3352.64085693388,dhaka,"৳32,500,000","East Shewrapara, Mirpur"
Superb 1330 Sq Ft Flat Is Available To Sale In Banani,,,1,vacant,1935.1834884853322,dhaka,"৳19,000,000","Road No 18, Banani"
Acquire This Flat For Your Next Residence In A Nice Location Of Bagmoniram Is Up For Sale.,,,5,vacant,2120.8494662245957,chattogram,"৳10,500,000","Chatteshwari Road, 15 No. Bagmoniram Ward"
1275 Square Feet Residential Apartment For Sales At Kalamia Bazar,,,5,vacant,1211.8953317601936,chattogram,"৳5,100,000","18 No. East Bakalia Ward, Bakalia"
"In Double Mooring, With A Convenient Price, A 1550 Sq Ft Flat Is Up For Sale",,,3,vacant,3275.0517925301097,chattogram,"৳7,750,000","25 No. Rampur Ward, Double Mooring"
"Offering You An Excellent 1675 Sq Ft Flat For Sale In Shah Ali Bag, Mirpur",,,9,vacant,2298.7949331732016,dhaka,"৳9,712,500","Section 1, Mirpur"
Impressive Flat Of 1375 Sq Ft Is Up For Sale In Shahjadpur Near Eidgah Mosque,,,4,vacant,2294.4991138475534,dhaka,"৳14,550,000","Shahjadpur, Badda"
"Buy This Beautiful 1350 Sq Ft Ready Flat In Dakshin Khan, Sobur Khan Road",,,9,vacant,2857.681774353991,dhaka,"৳6,500,000","Sobur khan Road, Dakshin Khan"
"Comfortable and well designed flat of 1563 SQ FT in 4 No Chandgaon Ward for sale, near Chattagram International Dental College &amp; Hospital",,,,,4708.219454732524,chattogram,"৳6,000,000","Chand Mia Road, 4 No Chandgaon Ward"
This 1080 Sq Ft Well Defined Flat Is Now Vacant To Sale In Chandgaon Residential Area,,,1,vacant,3071.259469475389,chattogram,"৳5,700,000","Chandgaon Residential Area, 4 No Chandgaon Ward"
"Buy This 1220 Sq Ft Flat In Taltola, Khilgaon",,,5,vacant,4151.070921208271,dhaka,"৳9,500,000","Taltola, Khilgaon"
At 15 No. Bagmoniram Ward 1537 Sq Ft Flat Is For Sale,,,7,vacant,3510.388570153232,chattogram,"৳9,000,000","Mehidibag, 15 No. Bagmoniram Ward"
"In The Location Of Mirpur, Close To Delta Medical College And Hospital A Flat Is Up For Sale.",,,5,vacant,3224.605749314087,dhaka,"৳7,000,000","Section 1, Mirpur"
"An Apartment Is Up For Sale In Lal Khan Bazaar, Near Janata Bank Limited",,,5,vacant,3610.771616019063,chattogram,"৳8,000,000","CDA Avenue, Lal Khan Bazaar"
"1500 Sq Ft Apartment To Sale In Khalifa Potty, Bakalia",,,1,vacant,3952.8066374915525,chattogram,"৳8,250,000","Dewan Bazar, Bakalia"
"In A Great Location Of Bashundhara R-a, Block H, 1610 Sq Ft Apartment Is Up For Sale",,,4,vacant,4095.211107019347,dhaka,"৳13,100,000","Block H, Bashundhara R-A"
Grab This 1200 Sq Ft Apartment Available For Sale In Joar Sahara,,,3,vacant,3975.404290350109,dhaka,"৳6,500,000","Lichu Bagan Road, Joar Sahara"
A Flat With All Facilities Is Up For Sale At West Shewrapara Near Baitul Arafa Masjid,,,2,vacant,2086.992724447269,dhaka,"৳5,000,000","West Shewrapara, Mirpur"
"156 Sq Ft Cozy Shop For Sale In 9 No. North Pahartali Ward, Dhaka Trunk Road",,,4,vacant,2634.078356897201,chattogram,"৳3,120,000","Dhaka Trunk Road, 9 No. North Pahartali Ward"
Affordable And Nice Flat Is Up For Sale In Matuail Which Is 981 Sq Ft,,,7,vacant,2919.665841363379,narayanganj-city,"৳5,500,000","Matuail, Demra"
3 Bedrooms Beautiful Flat Is Up For Sale In Bakalia With Satisfactory Price,,,5,vacant,2690.2897604648006,chattogram,"৳9,267,500","Dewan Bazar, Bakalia"
Check This Flat In Mirpur For Sale Which Is Ready To Move In,,,4,vacant,2140.7123841726525,dhaka,"৳6,000,000","Section 11, Mirpur"
"1650 Sq Ft Ready Comfortable Flat Is For Sale At Uttara Housing Society, Bayazid",,,3,vacant,1657.6126721707058,chattogram,"৳6,600,000","Oxygen, Bayazid"
Ready Flat For Sale In Badhundhara R/a Nearby Rupayan Shopping Complex,,,7,vacant,1643.3223183585856,dhaka,"৳14,500,000","Block F, Bashundhara R-A"
Visit This 825 Sq Ft Flat For Sale In Dakshin Kattali Nearby Master Mind School,,,3,vacant,3189.571699683114,chattogram,"৳3,700,000","Dakshin Kattali, 11 No. South Kattali Ward"
Offering You 1000 Sq Ft Flat For Sale In Firingee Bazaar Near To One Bank Atm,,,2,vacant,3754.885800354664,chattogram,"৳5,000,000","Abhoy Mitra Lane, 33 No. Firingee Bazaar Ward"
"Get Ready To Buy This Great Home Of 860 sft In Mirpur, Rupnagar R/a",,,2,vacant,3913.1777036906133,dhaka,"৳4,900,000","Rupnagar R/A, Mirpur"
"An Apartment Up For Sale Is Located At Chasma Hill R/a, Near To Universal School And College.",,,6,vacant,2747.755320927172,chattogram,"৳6,200,000","Chasma Hill R/A, 7 No. West Sholoshohor Ward"
"Buy This 1800 Square Feet Flat In Bayazid, Nasirabad",,,6,vacant,1856.3468816280767,chattogram,"৳12,500,000","Nasirabad, Bayazid"
"This Apartment Of 1300 Sq Ft Is Available For Sale In Joydebpur Road, Gazipur Sadar Upazila",,,5,vacant,2306.5775936485056,gazipur,"৳5,200,000","Joydebpur, Gazipur Sadar Upazila"
A Perfect Flat Of 1650 Sq Ft For Living With Family Is Available For Sale At Pahartali,,,4,vacant,1617.949877480466,chattogram,"৳6,600,000","12 No. Sarai Para Ward, Double Mooring"
Grab This 1550 Square Feet Flat Up For Sale In Jhautola,,,11,vacant,2421.42386496346,cumilla,"৳6,500,000","Shahid Khawaja Nizamuddin Road, Jhautola"
1040 Sq Ft Properly Developed Flat For Sale In Rajanigandha Residential Area,,,1,vacant,1974.7768546490972,dhaka,"৳6,500,000","Section 15, Mirpur"
"A 1330 Sq Ft Residential Apartment For Sale At Sadar Hospital Road, Monohorpur",,,1,vacant,1724.1449336699152,cumilla,"৳5,320,000","Sadar Hospital Road, Monohorpur"
"Now you can afford to dwell well, check this 1185 SQ FT home which is for sale in Pirerbag",,,2,vacant,3632.055857704437,dhaka,"৳7,700,000","Pirerbag, Mirpur"
"5 Katha Plot For Sale In Bashundhara R-a, Block I",,,,vacant,2396.3458362511246,dhaka,"৳34,000,000","Block I, Bashundhara R-A"
"A 1255 Sq Ft Residence For Sale With Spacious Bedrooms, Located At Kapasgola, 16 No. Chawk Bazaar Ward .",,,4,vacant,6688.767953158492,chattogram,"৳10,000,000","Kapasgola, 16 No. Chawk Bazaar Ward"
Ready Apartment For Sale At Ashkona Nearby Chad Jame Masjid,,,2,vacant,3453.8279351056162,dhaka,"৳7,500,000","Ashkona, Dakshin Khan"
1235 Square Feet Apartment Is For Sale Near Abdul Hamid Sawdagar High School,,,10,vacant,3881.772571415486,chattogram,"৳4,100,000","6 No East Sholoshohor Ward, Bakalia"
"900 Sq Ft Apartment Is Up For Sale In Bayazid, Near Dr. Mahmoodur Rahman Chowdhury Mosque.",,,5,vacant,3140.846613777367,chattogram,"৳3,800,000","Dreamland Residential Area, Bayazid"
Grab 1646 Sq Ft Apartment For Sale At Khulshi,,,8,vacant,1161.2144448552956,chattogram,"৳11,028,200","Yakub Future Park Housing, Khulshi"
Three Katha Residential Plot Is Available For Sale In Bproperty Village,,,,vacant,2674.2262531725473,narayanganj-city,"৳4,575,000","Rupganj, Narayanganj"
Get Hold Of This 650 Sq Ft Residential Flat For Sale In Mirpur-6,,,4,vacant,1908.127617902578,dhaka,"৳2,800,000","Section 6, Mirpur"
A well-constructed 1429 SQ FT flat is for sale in Bayazid-Chattogram DOHS .,,,3,vacant,1365.6632807042852,chattogram,"৳8,000,000","Chattogram DOHS, Bayazid"
60 katha Residential Plot For Sale At Sreepur,,,,vacant,1950.5002726330067,gazipur,"৳15,000,000",Sreepur
A Finely Constructed 1500 Sq Ft Flat Is For Sale In Bashundhara R/a Nearby Playpen School,,,5,vacant,3163.115070523545,dhaka,"৳12,500,000","Block D, Bashundhara R-A"
Reside Conveniently In This Well Constructed 922 Sq Ft Flat For Sale In North Azampur,,,9,vacant,1329.4052333892687,dhaka,"৳5,000,000","North Azampur, Dakshin Khan"
Buy This 1185 Square Feet Residential Apartment At Gazipur Sadar Upazila,,,7,vacant,1989.7327831278526,gazipur,"৳4,740,000","Shimultoly, Gazipur Sadar Upazila"
3000 Sq Ft Apartment Is Ready For Sale At 18 No. East Bakalia Ward,,,5,vacant,3444.6968482005723,chattogram,"৳15,000,000","18 No. East Bakalia Ward, Bakalia"
This 200 Sq Ft Shop In 9 No. North Pahartali Ward Is Up For Sale,,,,vacant,2405.895188942133,chattogram,"৳2,200,000","Dhaka Trunk Road, 9 No. North Pahartali Ward"
A Convenient 1253 Sq Ft Residential Flat Is Prepared To Be Sold At Dewan Bazar,,,7,vacant,3378.4495899126937,chattogram,"৳5,638,500","Dewan Bazar, Bakalia"
1150 Sq.ft Apartment Is Available For Sale In West Manikdi Which Is Tailored To Your Highest Standards,,,7,vacant,2065.4794374000026,dhaka,"৳6,700,000","Manikdi, Cantonment"
5 Katha Plot Is Now For Sale Close To Rupgonj Police Station At Bproperty Village,,,,vacant,2418.6875595061606,narayanganj-city,"৳5,750,000","Rupganj, Narayanganj"
Look At This 5 Katha Plot Now For Sale In Bproperty Village Near To Rupganj Upazila Health Complex,,,,vacant,3181.689350229096,narayanganj-city,"৳7,625,000","Rupganj, Narayanganj"
"Buy This 120 Sq Ft Commercial Shop In Tongi, Gazipur",,,4,vacant,1840.1648455818477,gazipur,"৳5,000,000","Tongi, Gazipur Sadar Upazila"
"Buy This Decent 1630 Sq Ft Ready Flat In Bayazid, Polytechnic",,,6,vacant,1703.5457188133705,chattogram,"৳8,500,000","Polytechnic, Bayazid"
3 Katha Residential Plot For Sale In Jalalabad Housing Society,,,,vacant,2769.2785021136624,chattogram,"৳16,500,000","Road No 2, Jalalabad Housing Society"
"Look At This Nice 980 Sq Ft Flat Is Up For Sale At Section 10, Mirpur",,,3,vacant,2222.114554772213,dhaka,"৳5,500,000","Section 10, Mirpur"
This Nice 920 Sq Ft Apartment For Sale At Chandana Chowrasta Close To Agrani Model School Campus 2,,,7,vacant,1313.0843331254332,gazipur,"৳3,220,000","Chandana, Gazipur Sadar Upazila"
1300 Square Feet Residential Flat With Nicely Built Rooms Is Up For Sale In Shyampur,,,3,vacant,3320.5745890448834,dhaka,"৳8,000,000","West Dolairpar, Shyampur"
"In The Suitable Location of Shantinagar, an Eye-catching Flat of 1150 Sq Ft Is Up For Sale",,,1,vacant,1612.5253203309794,dhaka,"৳9,000,000","Shantinagar Bazar Rd, Shantinagar"
"Make this 1310 SQ FT flat your next residing location, which is up for sale in Mirpur",,,7,vacant,2807.1510298149765,dhaka,"৳9,200,000","Kallyanpur, Mirpur"
Get A Look At This Lovely Flat For Sale Featuring 2700 Sq Ft In Bashundhara R/A,,,7,vacant,3293.6951453870192,dhaka,"৳27,000,000","Block H, Bashundhara R-A"
A Plot Is Available For Sale In Bproperty Village,,,,vacant,3839.1474240030784,narayanganj-city,"৳4,575,000","Rupganj, Narayanganj"
Very Well Designed 1100 Sq Ft Residential Flat Is Unoccupied For Sale At North Pirerbag,,,1,vacant,1193.5470912609776,dhaka,"৳6,500,000","Pirerbag, Mirpur"
We Are Offering You A Very Spacious 1960 Sq Ft Flat For Sale In Gulshan 1,,,3,vacant,2239.2319134542,dhaka,"৳39,000,000","Gulshan 1, Gulshan"
"1331 Sq Ft Apartment Is Now Available For Sale In Sector 4, Uttara",,,1,vacant,2875.105308140417,dhaka,"৳16,000,000","Sector 4, Uttara"
See This Apartment Is Up For Sale At Nasirabad Near Royal Hospital (pvt.) Limited,,,1,vacant,6943.550101599794,chattogram,"৳17,500,000","Nasirabad, 15 No. Bagmoniram Ward"
Available In Purbachal Marine City A 5 Katha Residential Plot Is Up For Sale,,,,vacant,4932.232289327285,narayanganj-city,"৳6,500,000","Rupganj, Narayanganj"
"A Plot Is Up For Sale In The Beautiful Location Of Bproperty Village, Rupganj, Narayanganj",,,,vacant,2721.6277853066376,narayanganj-city,"৳4,575,000","Rupganj, Narayanganj"
"A Rightly Planned 1350 Sq Ft Flat Is Found For Sale In East Hazipara, East Rampura",,,2,vacant,3522.632421291692,dhaka,"৳11,000,000","East Rampura, Rampura"
5 Katha nice Plot for sale in Bproperty Village,,,,vacant,4087.3375282357265,narayanganj-city,"৳7,625,000","Rupganj, Narayanganj"
"1259 Sq Ft Convenient Flat For Sale In Gazipur, Chandana",,,3,vacant,1608.6143933237136,gazipur,"৳4,900,000","Chandana, Gazipur Sadar Upazila"
Check This 286 Sq Ft Shop Space Located In 4 No Chandgaon Ward Is Now Up For Sale,,,1,vacant,2862.03377398657,chattogram,"৳7,150,000","Chand Mia Road, 4 No Chandgaon Ward"
5000 Sq Ft Office Is Available To Sale In Kathalbagan With Satisfactory Price.,,,1,vacant,1236.5756045098192,dhaka,"৳72,500,000","Free School Street, Kathalbagan"
1060 Sq Ft Beautiful Apartment Is Ready For Sale In South Khulshi,,,4,vacant,2013.038442690102,chattogram,"৳5,500,000","South Khulshi, Khulshi"
Buy This 1440 Sq Ft Apartment In Bakalia,,,2,vacant,1347.967196981548,chattogram,"৳9,936,000","Dewan Bazar, Bakalia"
"600 Sq Ft Apartment For Sale In Mirpur, Section 12",,,7,vacant,2315.006730428386,dhaka,"৳3,250,000","Section 12, Mirpur"
"With An Awesome Environment A 900 Sq Ft Flat Is Vacant For Sale In Rammala Road, South Thakur Para",,,6,vacant,2193.7216408517147,cumilla,"৳3,150,000","South Thakur Para, Thakur Para"
Offering you 750 SQ FT flat for sale in Uttara 10,,,2,vacant,1974.634360264512,dhaka,"৳6,200,000","Sector 10, Uttara"
Visit This 1057 Sq Ft Flat Available For Sale In Kandirpar,,,7,vacant,2817.95583254028,cumilla,"৳5,250,000","Manoharpur, Kandirpar"
"Grab A 1028 Sq Ft Residence For Sale At Arichpur, Tongi",,,6,vacant,1818.3272958006628,gazipur,"৳3,906,400","Tongi, Gazipur Sadar Upazila"
Check This Apartment Up For Sale At Pirerbag Near Shimultola Jame Mosjid,,,4,vacant,1996.9256264991661,dhaka,"৳5,800,000","Pirerbag, Mirpur"
Find Your Desired Apartment At This Ready Flat For Sale At Shahjadpur Nearby Shahjadpur Model Government Primary School,,,5,vacant,9494.377945885037,dhaka,"৳15,550,000","Shahjadpur, Badda"
At Purbachal Marine City Nice 3 Katha Plot Up For Sale Near Zinda Park,,,,vacant,7746.370800345506,narayanganj-city,"৳4,575,000","Rupganj, Narayanganj"
Property For Sale In South Khulsi– 1338 Sq Ft Apartment,,,3,vacant,3149.0862016070073,chattogram,"৳12,000,000","South Khulshi, Khulshi"
"A Plot For Sale Is In Bproperty Village, Rupganj",,,,vacant,2912.4508123443607,narayanganj-city,"৳4,575,000","Rupganj, Narayanganj"
We Have A 1133 Sq.Ft Flat For Sale In The Location Of Shapla Housing.,,,4,vacant,2395.6625159387713,dhaka,"৳6,231,500","West Agargaon, Agargaon"
"Picture Yourself, Residing In This Well Constructed And Planned 850 Sq Ft Flat In Mirpur For Sale",,,5,vacant,4456.284659133469,dhaka,"৳4,000,000","West Kazipara, Mirpur"
Charming Apartment Of 1186 Sq Ft Is Up For Sale In Dewan Bazar,,,3,vacant,3469.934106523211,chattogram,"৳5,337,000","Dewan Bazar, Bakalia"
Brand New Apartment Of 982 Sq Ft Is Available For Sale In 9 No. North Pahartali Ward,,,7,vacant,1969.328667321643,chattogram,"৳3,928,000","Akbarshah, 9 No. North Pahartali Ward"
A 2829 Square Feet Duplex Apartment Is For Sale At Indira Road .,,,7,vacant,1634.267703681343,dhaka,"৳42,435,000","Indira Road, Tejgaon"
"Grab This 5 Katha Plot Ready For Sale In Narayanganj City, Rupganj",,,,vacant,3798.8128395293984,narayanganj-city,"৳12,000,000","Rupganj, Narayanganj"
2.75 Katha Residential Plot For Sale In Mirpur-11,,,,vacant,3420.9889812830374,dhaka,"৳18,000,000","Section 11, Mirpur"
2200 Sq Ft Apartment Is Ready For Sale At 26 No. North Halishahar Ward,,,7,vacant,3434.897700869111,chattogram,"৳12,100,000","26 No. North Halishahar Ward, Halishahar"
At Bproperty Village ! A Nice Residential Plot For Sale,,,,vacant,3543.432908138939,narayanganj-city,"৳4,575,000","Rupganj, Narayanganj"
Best Location | Spacious and Bright 3 Bed Apartment | For Sale in Khulshi,,,1,vacant,3932.351601147616,chattogram,"৳17,500,000","North Khulshi, Khulshi"
"At Halishahar, 162 Sq Ft Well Fitted Shop Is Ready For Sale Near To Halishahar Thana",,,1,vacant,3260.3567424489083,chattogram,"৳4,550,000","39 No. South Halishahar Ward, Halishahar"
4 Katha Plot Is Now Available For Sale In Board Bazar Which Is An Eco Friendly Location,,,,vacant,3134.780779252796,gazipur,"৳4,000,000","Board Bazar, Gazipur Sadar Upazila"
A Perfect Residential Plot Is Available For Sale At Bproperty Village,,,,vacant,2420.1104519086675,narayanganj-city,"৳3,000,000","Rupganj, Narayanganj"
Ready 1550 Sq Ft Flat Is Now For Sale In Double Mooring,,,2,vacant,337.02436681293307,chattogram,"৳9,335,000","South Agrabad, Double Mooring"
"Well Set Commercial Shop For Sale Is Available In Firinghee Bazar, Near Islamia University College, Chattagram",,,1,vacant,1796.2886129577062,chattogram,"৳2,500,000","Sadarghat Road, 33 No. Firingee Bazaar Ward"
At Chandgoan R/A 1460 Sq Ft Apartment Is Ready For Sale.,,,5,vacant,1466.3450142573902,chattogram,"৳8,100,000","Chandgaon Residential Area, 4 No Chandgaon Ward"
188 Sq Ft Commercial Space Is Up For Sale At South Agrabad,,,1,vacant,4324.9536861817105,chattogram,"৳5,675,125","South Agrabad, Double Mooring"
A Newly Constructed Apartment In North Pirerbag Is Available For Sale Which Is 1050 Sq Ft,,,1,vacant,3334.341452691408,dhaka,"৳4,500,000","Pirerbag, Mirpur"
"4 Katha Plot Is Ready For Sale In Narayanganj, Purbachal American City",,,,vacant,1822.1729177588206,narayanganj-city,"৳14,000,000","Rupganj, Narayanganj"
"1000 Sq Ft Apartment For Sale In Pallabi, Mirpur",,,5,vacant,7170.705332204337,dhaka,"৳5,500,000","Pallabi, Mirpur"
"950 Sq Ft Flat For Sale In East Rampura, Tv Road",,,,vacant,3241.2927596003024,dhaka,"৳7,000,000","East Rampura, Rampura"
"4.5 Katha Plot Is Up For Sale In Tongi, Bonomala",,,,vacant,3357.4076279688065,gazipur,"৳4,200,000","Tongi, Gazipur Sadar Upazila"
"At Bagmoniram, A 1800 Sq Ft Well Fitted Residential Property Is On Sale",,,5,vacant,3658.5082641915246,chattogram,"৳16,000,000","Mehidibag, 15 No. Bagmoniram Ward"
"With An Awesome Environment A 1080 Sq Ft Flat Is Vacant For Sale In Gazipur Close To Joydebpur Bus Terminal, Gazipur",,,5,vacant,1905.7239328512937,gazipur,"৳4,320,000","Joydebpur, Gazipur Sadar Upazila"
"Reside Conveniently In This Well Constructed Flat For Sale In Bashundhara, Near Viquarunnisa Noon School And College",,,2,vacant,3341.3998356745124,dhaka,"৳14,000,000","Block F, Bashundhara R-A"
"Grab This Lucrative Offer Of Buying This 5 Katha Plot In Rupganj, S M Aabashon Ltd",,,,vacant,2991.3878873433327,narayanganj-city,"৳8,000,000","Rupganj, Narayanganj"
"Convenient Flat Is Up for Sale In Mohammadpur, Near To BRAC Bank Limited | ATM Booth",,,5,vacant,1464.8543033017686,dhaka,"৳4,700,000","PC Culture Housing, Mohammadpur"
"2250 Square Ft Residential Apartment For Sale At Bashundhara R-A, Block B",,,6,vacant,3636.533257438693,dhaka,"৳21,500,000","Block B, Bashundhara R-A"
"3 Katha Great Plot Is Ready For Sale In Purbachal, Sector 24",,,,vacant,3784.7244136816694,dhaka,"৳24,500,000","Sector 24, Purbachal"
"A Plot Up For Sale Is Located At Bproperty Village, Narayanganj",,,,vacant,1299.5467709663606,narayanganj-city,"৳3,150,000","Rupganj, Narayanganj"
Buy This 1250 Square Feet Commercial Space In A Booming Location Of Mirpur-11,,,,vacant,2617.8587703155094,dhaka,"৳23,000,000","Section 11, Mirpur"
Attractive Apartment Of 1080 Sq Ft Is Up For Sale At Paschim Joydebpur,,,4,vacant,2620.3327384878867,gazipur,"৳4,320,000","Joydebpur, Gazipur Sadar Upazila"
"Beautiful And Well-constructed 1100 Sq Ft Flat Is Ready To Sale At Dakkin Paikpara, Mirpur",,,7,vacant,2747.2425969421397,dhaka,"৳6,500,000","Paikpara, Mirpur"
"A Finely Built 1240 Sq Ft Flat Is Up For Sale In Sahapara Road, Joydebpur",,,8,vacant,2340.6808324843855,gazipur,"৳4,960,000","Joydebpur, Gazipur Sadar Upazila"
1200 Square Feet Nice And Affordable Flat For Sale At Green View Residential Area .,,,1,vacant,2543.836992068867,chattogram,"৳4,600,000","Green View Residential Area, 11 No. South Kattali Ward"
At Adabor Nice Flat Up For Sale Near One Bank Limited,,,,,3476.4610140439145,dhaka,"৳2,800,000","Shyamoli Housing (2nd Project), Adabor"
Buy This 1600 Sq Ft Beautiful Apartment In Uttara-12,,,2,vacant,3418.3355892874256,dhaka,"৳14,000,000","Sector 12, Uttara"
"1620 Sq Ft Apartment Is Up For Sale In Muradpur, Nasirabad Housing Society",,,8,vacant,1529.9790338618009,chattogram,"৳13,000,000","Nasirabad Housing Society, Muradpur"
1150 Sq Feet Flat For Sale Close To Darussalam Government Primary School,,,2,vacant,1235.7408959345494,dhaka,"৳5,750,000","Darussalam, Mirpur"
1550 Sq Feet Flat For Sale In Jhautola,,,11,vacant,10057.779837368533,cumilla,"৳6,510,000","Shahid Khawaja Nizamuddin Road, Jhautola"
"A Nicely Constructed Apartment Of 2150 Sq Ft Is Available Right Now For Sale In Zakir Hossain Road, Khulshi",,,4,vacant,4665.680515400843,chattogram,"৳13,000,000","Zakir Hossain Road, Khulshi"
"Commercial Shop Of 130 Sq Ft Is Available For Sale In Tongi, Gazipur",,,4,vacant,3042.9358733345416,gazipur,"৳5,000,000","Tongi, Gazipur Sadar Upazila"
1200 Sq Ft Apartment Is Ready For Sale In Mohammadpur,,,1,vacant,1721.7948881612253,dhaka,"৳6,700,000","Shekhertek, Mohammadpur"
"In Halishahar Near Navy Hospital, A 110 Sq. Ft Shop Is Vacant For Sale.",,,,vacant,1964.797929110198,chattogram,"৳2,750,000","39 No. South Halishahar Ward, Halishahar"
Grab This 1994 Sq Ft Apartment Ready To Sale In Sugandha Residential Area,,,2,vacant,4337.605208356958,chattogram,"৳15,500,000","Sugandha Residential Area, Panchlaish"
1550 Sq Ft Apartment To Sale In Chandgaon Ward,,,2,vacant,1384.4104746873604,chattogram,"৳6,500,000","North Forida Para, 4 No Chandgaon Ward"
Flat For Sale Covering A Beautiful Area In Chand Mia Road Nearby Chattagram International Medical College &amp; Hospital,,,6,vacant,2415.1270885890117,chattogram,"৳7,512,500","Chand Mia Road, 4 No Chandgaon Ward"
Offering You 2400 Sq Ft Flat For Sale In Aftab Nagar,,,1,vacant,3465.9105515159526,dhaka,"৳20,000,000","Block H, Aftab Nagar"
A Plot Which Is Up For Sale In Bproperty Village,,,,vacant,3788.202466840109,narayanganj-city,"৳4,575,000","Rupganj, Narayanganj"
2500 Square Feet Ready Flat For Sale In Panchlaish Residential Area,,,1,vacant,3873.7804694571214,chattogram,"৳17,500,000","Panchlaish Residential Area, 16 No. Chawk Bazaar Ward"
"The Vacant 1100 Sq Ft Flat For sale Comes With Superb Apartment Facilities And That Is Within Your Affordability At Madina Masjid Road, Thakur Para",,,7,vacant,3476.425233018611,cumilla,"৳6,000,000","Madina Masjid Road, Thakur Para"
"A Residential Plot For Sale Which Is Located At Bproperty Village, Narayanganj City",,,,vacant,2440.6317804092305,narayanganj-city,"৳4,575,000","Rupganj, Narayanganj"
Celebrate Life Each Day In Your New Apartment Of 1690 Sq Ft At Boro Maghbazar With Your Beloved Family,,,1,vacant,2687.702775873101,dhaka,"৳14,800,000","Boro Maghbazar, Maghbazar"
Property In Aftab Nagar– 1500 Sq Ft Flat For Sale,,,5,vacant,1653.351923078583,dhaka,"৳11,000,000","Block H, Aftab Nagar"
A Spacious Apartment Of 1265 Sq Ft Is For Sale At Shiddheswari,,,1,vacant,2223.356804514163,dhaka,"৳7,500,000","New Circular Road, Shiddheswari"
"Commercial space for sale in Rupnagar R/A, near Jaman Plaza",,,2,vacant,2231.8059646441025,dhaka,"৳23,000,000","Rupnagar R/A, Mirpur"
"An Apartment Is Ready For Sale At Mohammadpur, Near Dhaka Uddyan Government College.",,,,,3417.735499268256,dhaka,"৳5,700,000","Dhaka Uddan, Mohammadpur"
Cozy Flat Is Available For Sale In Mirpur Near To Mirpur Adhunik Hospital,,,3,vacant,1940.5938097077217,dhaka,"৳7,500,000","Section 12, Mirpur"
"930 Sq Ft Flat For Sale In Mirpur, Middle Monipur, Baitur Rowshan Jame Masjid Road",,,1,vacant,3417.6314981887726,dhaka,"৳5,200,000","Middle Monipur, Mirpur"
Well Designed 14740 Sq Ft Residential Building Is There For Sale At West Khulshi R/a,,,,vacant,1827.9775127853607,chattogram,"৳90,900,000","West Khulshi R/A, 9 No. North Pahartali Ward"
Jhautola Is Giving You A 1500 Square Feet Flat For Sale,,,8,vacant,1559.982889050037,cumilla,"৳6,000,000","Shahid Khawaja Nizamuddin Road, Jhautola"
"A Flat Can Be Found In Nasirabad For Sale , Near Asian University For Women",,,1,vacant,1062.2400338285854,chattogram,"৳18,500,000","Nasirabad, 15 No. Bagmoniram Ward"
Apartment for sale in Bakalia close to Bakalia High School,,,3,vacant,2247.2089659564863,chattogram,"৳6,100,000","17 No West Bakalia Ward, Bakalia"
"An apartment ready for sale at Mirpur, near Mainuddin Medical Hall",,,3,vacant,1979.1776408608414,dhaka,"৳3,000,000","Section 10, Mirpur"
"This Comfy Flat Is Vacant Right Now For Sale In East Kazipara, Which Is 1360 Sq Ft",,,1,vacant,1331.403604271287,dhaka,"৳8,000,000","East Kazipara, Mirpur"
This 120 Sq Ft Shop Space For Sale Is Assuring You A Great Business Environment Right In 9 No. North Pahartali Ward,,,3,vacant,2197.6758930678275,chattogram,"৳4,200,000","Dhaka Trunk Road, 9 No. North Pahartali Ward"
Brand New 1800 Sq Feet Ready Flat Sale In Bayazid,,,9,vacant,3422.2948099852797,chattogram,"৳12,500,000","Nasirabad, Bayazid"
This 1616 Sq Ft Apartment Is Up For For Sale In Muradpur,,,6,vacant,1882.2366680881216,chattogram,"৳11,500,000","CDA Avenue, Muradpur"
Covering 1020 Sq Ft Space A Flat Is Up For Sale In Moghultoli Nearby Shah Suja Masjid,,,7,vacant,860.4876684098688,cumilla,"৳4,080,000","Shah Shuja Mosque Road, Moghultoli"
"A Plot Is Up For Sale In The Beautiful Location Of Rupganj, Narayanganj, Bproperty Village",,,,vacant,4011.3620961689594,narayanganj-city,"৳4,575,000","Rupganj, Narayanganj"
"At 9 No. North Pahartali Ward, A 125 Sq Ft Suitable Commercial Shop Is Up For Sale",,,2,vacant,2857.0963740965567,chattogram,"৳4,375,000","Dhaka Trunk Road, 9 No. North Pahartali Ward"
Shop for sale in Chandgaon nearby EBL,,,,vacant,2198.1198346252017,chattogram,"৳2,750,000","Mohara, 4 No Chandgaon Ward"
"A Residential Plot Is Available For Sale At Bproperty Village, Rupganj With An Affordable Deal.",,,,vacant,1673.0245725462134,narayanganj-city,"৳15,250,000","Rupganj, Narayanganj"
A Reasonable Apartment Of 1150 Sq Ft Is For Sale In Pahartali.,,,2,vacant,3365.7953077549346,chattogram,"৳4,600,000","12 No. Sarai Para Ward, Double Mooring"
This 368 Sq. Ft Shop Is Up For Sale In Malibagh Near Standard Bank Limited,,,1,vacant,2854.247230955305,dhaka,"৳11,040,000","Malibag Bazar Rd, Malibagh"
Worthy 1650 Sq Ft Residential Apartment Is For Sale At Khulshi,,,4,vacant,2480.29581592838,chattogram,"৳9,675,000","Yakub Future Park Housing, Khulshi"
"1250 Sq Ft Residential Flat For Sale In Mirpur, Pirerbag",,,2,vacant,4280.840246028972,dhaka,"৳7,000,000","Pirerbag, Mirpur"
"1350 Sq Ft Apartment With 3 Bedrooms For Sale In Bakalia, Nabab Siraj Ud Daula Road",,,1,vacant,3799.054681368702,chattogram,"৳8,000,000","Nabab Siraj Ud Daula Road, Bakalia"
Find 900 SQ FT flat available for Sale in Pahartali near to Mirza Ahmed Ispahani High School,,,,,3838.6734170866976,chattogram,"৳3,200,000","West Khulshi R/A, 9 No. North Pahartali Ward"
840 SQ FT flat is now Vacant for sale in Kafrul,,,8,vacant,2526.877656752188,dhaka,"৳5,000,000","North Kafrul Rd, Kafrul"
"Buy This Nice Flat Of 920 Sq Ft, Which Is Located At Great Wall City, Chandana",,,8,vacant,1968.693669941226,gazipur,"৳3,220,000","Chandana, Gazipur Sadar Upazila"
"1310 Square Feet Flat Is Available For Sale In Bashundhara R-a, Block J",,,2,vacant,3464.4941243035537,dhaka,"৳12,000,000","Block J, Bashundhara R-A"
Envision Your Living Opportunity In This Apartment Of 2200 Sq Ft With Numerous Notions Of Contemporary Interior,,,5,vacant,2897.248501772897,chattogram,"৳12,100,000","26 No. North Halishahar Ward, Halishahar"
"5 Katha Plot Is Now Available For Sale In Rupganj, Kanchan, Purbachal American City",,,,vacant,1855.000781794535,narayanganj-city,"৳18,000,000","Rupganj, Narayanganj"
Buy This 1160 Sq Ft Commercial Area At Jamal Khan,,,1,vacant,3759.5757865914334,chattogram,"৳23,200,000","Nabab Siraj Ud Daula Road, Jamal Khan"
1570 Sq Ft Flat For Sale In Imandipur Road near Imandipur Government Primary School,,,8,vacant,3736.0170368431354,dhaka,"৳5,600,000","Imandipur, Savar"
There Is 3 Bedroom Apartment Up For Sale In The Location Of North Shahjahanpur,,,,,4297.4902467255415,dhaka,"৳6,600,000","North Shahjahanpur, Shahjahanpur"
"A 3 Katha Plot Is Up For Sale In The Beautiful Location Of Bproperty Village, Narayanganj",,,,vacant,3519.4202344782407,narayanganj-city,"৳4,575,000","Rupganj, Narayanganj"
"1635 Sq Ft Apartment Is Ready For Sale In Aftab Nagar, Block G",,,1,vacant,4098.7351745028,dhaka,"৳10,627,500","Block G, Aftab Nagar"
"Come To Visit This Shop In Chandgaon Ward, That Is Available For Sale",,,1,vacant,2572.832065641798,chattogram,"৳2,862,000","Chand Mia Road, 4 No Chandgaon Ward"
"1340 Square Feet Decent Flat Is Up For Sale In Bayazid, Raufabad Residential Area",,,4,vacant,2627.5658914276964,chattogram,"৳8,000,000","Raufabad Residential Area, Bayazid"
Next To Jongi Shah Mosque At Chawk Bazaar This 1592 Square Feet Residential Apartment For Sale.,,,8,vacant,2224.30285719758,chattogram,"৳8,560,000","Munshi Pukur Par, 16 No. Chawk Bazaar Ward"
Deal With This 1250 Sq Ft Flat For Sale In 9 No. North Pahartali Ward,,,7,vacant,2633.5498117584025,chattogram,"৳8,600,000","Khulshi Garden View Housing Society, 9 No. North Pahartali Ward"
"1400 Sq Ft Apartment Is Ready For Sale At Mirpur, Near Mirpur Adhunik Hospital",,,1,vacant,2565.879071064429,dhaka,"৳8,140,000","Section 12, Mirpur"
"This Very New Nice Flat Of 1350 Sq Ft Is Up For Sale In Uttar Cyabithy, Joydebpur",,,8,vacant,2700.3316122266915,gazipur,"৳4,500,000","Joydebpur, Gazipur Sadar Upazila"
"In Halishahar Near Navy Hospital, A 161 Sq. Ft Shop Is Vacant For Sale.",,,1,vacant,3191.8947817843723,chattogram,"৳4,525,000","39 No. South Halishahar Ward, Halishahar"
Commercial Office Of 240 Sq Ft Is Up For Sale At Bakalia,,,5,vacant,3260.4669356470094,chattogram,"৳5,520,000","Dewan Bazar, Bakalia"
"A Residential Plot In Bproperty Village, Rupganj Is For Sale",,,,vacant,3527.0697402494093,narayanganj-city,"৳4,575,000","Rupganj, Narayanganj"
"Decor Your 86 Sq. Ft. Shop In Korbanganj, Is Up For Sale",,,1,vacant,3029.8175598466423,chattogram,"৳1,050,000","Korbanigonj, Kotwali"
"1800 Sq Ft Flat With Updated Features For Sale At Bayazid, Chadra Nagar",,,9,vacant,4620.518224092567,chattogram,"৳9,000,000","Chadra Nagar, Bayazid"
"View This 1485 Sq Ft Apartment For Sale In Mohammadpur, Jahuri Moholla",,,4,vacant,2638.263418296044,dhaka,"৳13,200,000","Jahuri Moholla, Mohammadpur"
Lucrative Shop Space Up For Sale In Bahaddarhat Near To Jamuna Bank Limited,,,2,vacant,2359.4368001022217,chattogram,"৳5,024,000","CDA Avenue, Sholokbahar"
We Have A 905 Sq.Ft Apartment Ready For Sale In The Location Of Ehsan City R/A,,,1,vacant,2964.5576507541355,chattogram,"৳3,200,000","17 No West Bakalia Ward, Bakalia"
"Buy This Nicely Built 1336 Sq Ft Flat In 9 No. North Pahartali Ward, West Khulshi R/a",,,5,vacant,2005.8569167910264,chattogram,"৳6,680,000","West Khulshi R/A, 9 No. North Pahartali Ward"
Buy This 1358 Sq.Ft Flat At South Thakur Para For The Ideal Urban Lifestyle You Dream About.,,,7,vacant,1924.4607797534204,cumilla,"৳4,753,000","South Thakur Para, Thakur Para"
5040 Sq. Ft Apartment Which Is Up For Sale At Bashundhara R-a Near To Ebenzer International School.,,,9,vacant,2082.265179536065,dhaka,"৳54,000,000","Block C, Bashundhara R-A"
1095 Sq Ft Flat With 3 Bedrooms For Sale In Mid Badda,,,7,vacant,3010.332232718237,dhaka,"৳7,000,000","Middle Badda, Badda"
"1646 Sq Ft Lovely Apartment For Sale At Khushi, Yakub Future Park Housing",,,7,vacant,3494.5582241695192,chattogram,"৳11,028,200","Yakub Future Park Housing, Khulshi"
2450 Sq Ft Flat Is Now Vacant For Sale In Banani Close To Banani Super Market,,,1,vacant,1486.7703766201817,dhaka,"৳43,000,000","Road No 18, Banani"
"A 1524 Sq Ft Apartment Is Ready For Sale In Jalalabad Housing Society, West Khulshi.",,,4,vacant,2777.5592092055513,chattogram,"৳9,500,000","West Khulshi, 9 No. North Pahartali Ward"
"800 Sq Ft Apartment Is Available For Sale In Tongi, Gazipur",,,3,vacant,3927.5674088241026,gazipur,"৳2,560,000","Tongi, Gazipur Sadar Upazila"
"Buy This Marvelous 2500 Sq Ft Ready Apartment In 15 No. Bagmoniram Ward, Nasirabad",,,8,vacant,3021.300184702415,chattogram,"৳21,550,000","Nasirabad, 15 No. Bagmoniram Ward"
1545 Sq Ft Apartment For Sale In West West Khulshi R/a,,,2,vacant,1178.3698301734928,chattogram,"৳7,500,000","West Khulshi R/A, 9 No. North Pahartali Ward"
This Flat Is Up For Sale At Shahjadpur Near Bangladesh Institute Of Management Studies,,,6,vacant,3305.7575650014287,dhaka,"৳12,800,000","Shahjadpur, Badda"
Worthy 1355 Sq Ft Residence Is For Sale At Bahaddarhat,,,10,vacant,2652.595838654194,chattogram,"৳4,742,500","Bahaddarhat, 4 No Chandgaon Ward"
"A Plot Is Waiting For Sale At Rupganj, Bproperty Village",,,,vacant,2878.0287393051462,narayanganj-city,"৳4,575,000","Rupganj, Narayanganj"
Well Designed 1300 Sq Ft Flat For Sale At South Khulshi,,,6,vacant,3225.959864432899,chattogram,"৳9,700,000","South Khulshi, Khulshi"
"A Residential Plot Is For Sale At Bproperty Village, Rupganj .",,,,vacant,2947.8915082439653,narayanganj-city,"৳7,625,000","Rupganj, Narayanganj"
"2119 Sq Ft Apartment For Sale In Bashundhara R-a, Near North South University",,,8,vacant,2295.906271149973,dhaka,"৳19,000,000","Block B, Bashundhara R-A"
Buy This 1239 Sq Ft Flat With 3 Bedrooms For Sale In Uttara-12,,,6,vacant,2013.0947800037839,dhaka,"৳11,000,000","Sector 12, Uttara"
"Have A Look At This Plot Which Is Up For Sale Located At Rupganj, Bproperty Village",,,,vacant,1682.448158239809,narayanganj-city,"৳3,375,000","Rupganj, Narayanganj"
Full Commercial Building With 30.55 Katha Land Is Up For Sale In Hemayetpur,,,4,vacant,2771.009812908177,dhaka,"৳220,000,000","Hemayetpur, Savar"
In The Beautiful Neighborhood In Kalamia Bazar A 1335 Sq.Ft Flat Is Up For Sale,,,6,vacant,4282.399120716349,chattogram,"৳5,340,000","18 No. East Bakalia Ward, Bakalia"
Attention Home Finders! A 969 Sq.ft Flat Is Up For Sale At 6 No East Sholoshohor Ward.,,,2,vacant,4081.1739202372114,chattogram,"৳3,600,000","6 No East Sholoshohor Ward, Bakalia"
"Buy This 1150 Sq Ft Ready Apartment In Jamal Khan, Ashkar Dighir Par",,,7,vacant,2974.8407943498128,chattogram,"৳6,000,000","Ashkar Dighir Par, Jamal Khan"
In The Location Of Patenga A Residential Plot Is For Sale Near Muslimabad Alhaj Solaiman Contractor Jame Masjid,,,,vacant,3839.079823761715,chattogram,"৳5,500,000","40 No. North Patenga Ward, Patenga"
Visit This 2343 Sq Ft Flat For Sale In Uttara Sector 6.,,,4,vacant,568.1538941846311,dhaka,"৳22,000,000","Sector 6, Uttara"
"1415 Sq Ft Apartment Is Ready To Sale In Double Mooring, Saraipara",,,1,vacant,2850.1484988449783,chattogram,"৳5,820,000","12 No. Sarai Para Ward, Double Mooring"
This 1320 Sq Ft Convenient Apartment Is Ready For Sale At 26 No. North Halishahar Ward,,,5,vacant,2440.0813327738833,chattogram,"৳5,544,000","26 No. North Halishahar Ward, Halishahar"
Vacant Now | 1185 Sq Ft | Three Bedrooms Apt. | Ready To Move,,,5,vacant,1937.2483784760725,dhaka,"৳11,000,000","Lake Circus Road, Kalabagan"
A Very Well-fitted Home Is Here Sited At Uttara Near Uttara 15 Number Sector Central Jame Mosjid Featuring 1600 Sq Ft Space For Sale.,,,2,vacant,1823.3020775026687,dhaka,"৳12,000,000","Sector 15, Uttara"
Visit This Flat For Sale In Uttara Nearby Shaheed Monsur Ali Medical College And Hospital,,,1,vacant,2935.3144864484934,dhaka,"৳9,000,000","Sector 10, Uttara"
"2 Bedrooms Apartment For Sale In Nobodoy Housing Society, Mohammadpur",,,4,vacant,2730.915317048217,dhaka,"৳4,500,000","Nobodoy Housing Society, Mohammadpur"
"1415 Sq Ft Residential Apartment Is Available For Sale In Chotora, Cumilla",,,1,vacant,2434.852502793031,cumilla,"৳5,660,000","Mogbari Choumohoni, Chotora"
"Large 5000 Sq Ft Commercial Space For Sale In Free School Street Road, Kathalbagan",,,9,vacant,3901.9637992734442,dhaka,"৳110,000,000","Free School Street, Kathalbagan"
"Visit This Nice Plot Is Up For Sale At Bproperty Village, Rupganj",,,,vacant,1778.2595912969382,narayanganj-city,"৳3,000,000","Rupganj, Narayanganj"
There Is 3 Bedroom Apartment Up For Sale In The Location Of Dhanmondi Near Sunnydale.,,,1,vacant,3706.211998553985,dhaka,"৳29,000,000","Road No 12A, Dhanmondi"
Grab A 1302 Sq Ft Apartment For Sale At Dewan Bazar,,,6,vacant,2794.0070751735793,chattogram,"৳5,859,000","Dewan Bazar, Bakalia"
"1850 Sq Ft Apartment Is Ready For Sale In Aftab Nagar, Block E, Sector 1",,,2,vacant,3521.7796550369694,dhaka,"৳14,800,000","Block E, Aftab Nagar"
Close To Chattogram International Medical College &amp; Hospital 135 Square Feet Ready Shop Is For Sale .,,,1,vacant,2076.942163076094,chattogram,"৳2,430,000","Chand Mia Road, 4 No Chandgaon Ward"
1530 Sq.ft Ready Apartment Is For Sale In The Location Of Muradpur .,,,4,vacant,,chattogram,"৳7,650,000","1 No Railway Gate, Muradpur"
An Apartment Of 1300 Sq Ft Is Up For Sale In Joydebpur Nearby Gazipur Central Mosque,,,9,vacant,1965.809629952339,gazipur,"৳5,200,000","Joydebpur, Gazipur Sadar Upazila"
Commodious 2000 Sq Feet Residential Apartment For Sale In Bayazid,,,11,vacant,5030.990141868375,chattogram,"৳13,000,000","Nasirabad, Bayazid"
A Shop Space Of 130 Sq.Ft Is Vacant For Sale In Tongi Bazar .,,,4,vacant,2515.066355688372,gazipur,"৳5,000,000","Tongi, Gazipur Sadar Upazila"
"Grab This 1360 Sq Ft Apartment For Sale In Pallabi, Mirpur",,,3,vacant,1410.7524009555586,dhaka,"৳13,900,000","Pallabi, Mirpur"
Well Designed 14740 Sq Ft Residential Building Is There For Sale At West Khulshi R/a,,,,vacant,2290.60512276387,chattogram,"৳90,900,000","West Khulshi R/A, 9 No. North Pahartali Ward"
"Plot Of 5 Katha Is Up For Sale In Bproperty Village, Rupganj",,,,vacant,6466.063487946547,narayanganj-city,"৳7,625,000","Rupganj, Narayanganj"
This 120 Sq Ft Shop Space For Sale Is Assuring You A Great Business Environment Right In 9 No. North Pahartali Ward,,,3,vacant,2281.807351184019,chattogram,"৳4,200,000","Dhaka Trunk Road, 9 No. North Pahartali Ward"
"1050 Sq Ft Apartment Is Up For Sale In Tongi, Gazipur",,,8,vacant,2607.034984771719,gazipur,"৳3,990,000","Tongi, Gazipur Sadar Upazila"
"1500 Sq Ft Office For Sale In 9 No. North Pahartali Ward, Noapara",,,2,vacant,3396.5963757072377,chattogram,"৳10,000,000","Noapara, 9 No. North Pahartali Ward"
"Get This Well Defined 1913 Sq Ft Flat For Sale In Uttara, Sector 4",,,3,vacant,3292.35447881049,dhaka,"৳19,700,000","Sector 4, Uttara"
A 1908 Sq. Ft Apartment Which Is Up For Sale At Dhanmondi Near To Eastern University.,,,,,2209.5154305520537,dhaka,"৳27,500,000","Road No 4, Dhanmondi"
102 Sq Ft Shop For Sale In A Booming Location Of 9 No. North Pahartali Ward,,,,vacant,1763.3857810568666,chattogram,"৳3,570,000","Dhaka Trunk Road, 9 No. North Pahartali Ward"
1236 Sq Ft Ready Flat Is Up For Sale In Kafrul.,,,3,vacant,2596.366622598592,dhaka,"৳7,000,000","South Kafrul Road, Kafrul"
Valuable 1705 Square Feet Apartment Is Ready To Sale In Kalabagan,,,1,vacant,1192.233720180901,dhaka,"৳16,900,000","Lake Circus Road, Kalabagan"
"An Apartment Is Ready For Sale At Nasirabad Properties Residential Area, Near Ncc Bank Limited.",,,2,vacant,2696.210239474296,chattogram,"৳11,500,000","Nasirabad Properties Residential Area, Khulshi"
Start A Balanced Lifestyle In This 1255 Sq Ft Apartment For Sale In Khilkhet,,,7,vacant,2183.685783016992,dhaka,"৳6,902,500","Kha Para, Khilkhet"
"17.54 Katha Plot With 7000 Sq.Ft Ready Shed For Sale In Sreepur, Gazipur",,,,,2030.6323528776227,gazipur,"৳10,000,000",Sreepur
Beautifully Constructed 1336 Sq Ft Flat Is Available For Sale In West Khulshi R/a,,,3,vacant,1170.1146283791784,chattogram,"৳6,680,000","West Khulshi R/A, 9 No. North Pahartali Ward"
View This 9 Katha Plot For Sale At Ashulia,,,,,1569.684973801315,dhaka,"৳5,985,000","Ashulia, Savar"
"This 1050 SQ Ft apartment up for sale in Bagichagaon, near XTREME ZONE",,,,,4322.178155339239,cumilla,"৳4,205,000",Bagichagaon
"Plot For Sale In Narayanganj, Bproperty Village",,,,vacant,3474.320732104409,narayanganj-city,"৳7,625,000","Rupganj, Narayanganj"
"A 5 Katha Plot Is Up For Sale In Bproperty Village, Narayanganj",,,,vacant,3767.732902382184,narayanganj-city,"৳7,625,000","Rupganj, Narayanganj"
"5 Katha Plot for sale, in Bproperty Village",,,,vacant,3070.088828008046,narayanganj-city,"৳7,625,000","Rupganj, Narayanganj"
Find 1350 Sq Ft Flat Available For Sale In Dakshin Khan,,,5,vacant,3582.49480848799,dhaka,"৳8,000,000","West Mollartek, Dakshin Khan"
"This 3 Katha Plot At Bproperty Village, Rupganj Is Up For Sale.",,,,vacant,2773.2891026563266,narayanganj-city,"৳4,575,000","Rupganj, Narayanganj"
2000 Sq Ft Apartment For Sale In Khushi Nearby Port City University.,,,3,vacant,3660.1782784817356,chattogram,"৳13,000,000","Zakir Hossain Road, Khulshi"
In Mirpur DOHS A Standard 1195 Sq.Ft Flat Is For Sale.,,,2,vacant,3823.3082472123547,dhaka,"৳8,500,000","Mirpur DOHS, Mirpur"
Buy This Flat For The vibrant Urban Lifestyle You Dream About,,,11,vacant,2353.167870263272,chattogram,"৳4,950,000","12 No. Sarai Para Ward, Double Mooring"
Let Us Help You To Buy This 1125 Sq Ft Apartment Which Is Now Available In Mirpur DOHS,,,3,vacant,3055.5971934275494,dhaka,"৳9,500,000","Mirpur DOHS, Mirpur"
"3 Katha Plot, is now up for sale in Bproperty Village",,,,vacant,1953.9169522864083,narayanganj-city,"৳4,575,000","Rupganj, Narayanganj"
"Envision Your Living Opportunity In This 1240 Sq Ft Apartment Up For Sale In Gazipur, Joydebpur",,,6,vacant,3923.655279369893,gazipur,"৳4,960,000","Joydebpur, Gazipur Sadar Upazila"
Nice Residential Plot Is Available For Sale In Ashulia Nearby Baitun-nur Jame Mashjid,,,,,3472.6104994238503,dhaka,"৳24,100,000","Ashulia, Savar"
"5 Katha Plot Is Now Available For Sale In Narayanganj, Kanchan, Purbachal American City",,,,vacant,3426.900749977752,narayanganj-city,"৳18,000,000","Rupganj, Narayanganj"
"We Are Offering You This 1440 Sq Ft Flat Up For Sale In Bayazid, Hill View R/a, Block A",,,2,vacant,4746.8243748551795,chattogram,"৳6,192,000","Hill View R/A, Bayazid"
"A 780 Sq Ft Flat Can Be Found In Bank Colony For Sale, Near Happy Isle International School",,,3,vacant,8427.036479740662,dhaka,"৳2,730,000","Bank Colony, Savar"
2230 Sq Ft Ready Flat For Sale In Bashundhara R-a,,,5,vacant,4250.943692781209,dhaka,"৳16,000,000","Block I, Bashundhara R-A"
"An Apartment Is Up For Sale In Ibrahimpur, Near Ibrahimpur Central Jame Masjid.",,,5,vacant,2904.3139142054606,dhaka,"৳4,800,000","North Ibrahimpur, Ibrahimpur"
5 Katha Plot is available for sale in Bproperty Village,,,,vacant,3994.5004926556207,narayanganj-city,"৳7,625,000","Rupganj, Narayanganj"
Grab This 1800 Sq.Ft Apartment Up For Sale At Bashundhara R-A Beside Viquarunnisa Noon School and College,,,5,vacant,4026.65638810583,dhaka,"৳16,000,000","Block F, Bashundhara R-A"
"This 2600 Sq Ft Apartment Comes With Peaceful Living In Dhanmondi Next To Scholars&#039; School &amp; College, Is Up For Sale.",,,8,vacant,1852.508978222754,dhaka,"৳49,500,000","Road No 10A, Dhanmondi"
"Lead Your Life In This 1450 Sq Ft Flat Up For Sale In Badda, Khilbari Tek",,,2,vacant,1426.4797003336353,dhaka,"৳10,150,000","Khilbari Tek, Badda"
For Selling Purpose This 1050 Sq.Ft Flat Is Now Vacant In Noapara .,,,5,vacant,972.8293768143276,dhaka,"৳5,500,000","Meradia, Khilgaon"
1830 Sq Ft Flat Is For Sale In Uttara,,,4,vacant,1789.398912730832,dhaka,"৳23,000,000","Sector 7, Uttara"
"A Perfect Residential Plot Of 5 Katha Is Available For Sale At Narayanganj City, Bproperty Village",,,,vacant,3917.0426274870097,narayanganj-city,"৳7,625,000","Rupganj, Narayanganj"
Worthy 1585 SQ FT residence is for sale at Aftab Nagar,,,2,vacant,2950.737447807458,dhaka,"৳14,000,000","Block C, Aftab Nagar"
"2636 Sq Ft Flat For Sale In Muradpur, Nasirabad Housing Society",,,9,vacant,3658.4107631814304,chattogram,"৳20,560,800","Nasirabad Housing Society, Muradpur"
Property For Sale In Bashundhara R-A – 2025 Sq Ft Apartment,,,1,vacant,2710.462572447301,dhaka,"৳19,000,000","Block I, Bashundhara R-A"
"Establish Your Peace In This Nice 2500 Sq Ft Apartment For Sale At Zakir Hossain By Lane, East Nasirabad",,,2,vacant,3459.0841900959285,chattogram,"৳12,000,000","Zakir Hossain By Lane, East Nasirabad"
This Suitable Flat Of 1162 Sq Ft With Great Balcony Views Is Ready For Sale In Khulshi Green Housing Society,,,8,vacant,1468.9150020713978,chattogram,"৳6,972,000","Khulshi Green Housing Society, Khulshi"
"700 Sq Ft Lovely Residential Flat For Sale In Mirpur, Section 13",,,6,vacant,2113.0173563601934,dhaka,"৳3,800,000","Section 13, Mirpur"
Looking For A Tasteful Home To Buy In Paikpara? Check This One,,,2,vacant,1858.103531217764,dhaka,"৳7,400,000","Ahmed Nagar, Mirpur"
An Easy Accessible 1618 Sq Ft Ready Apartment Suitable For Family Close To Polwel Carnation At Uttara Is Up For Sale.,,,3,vacant,2882.8136954612046,dhaka,"৳12,500,000","Sector 9, Uttara"
"In The Location Of Bproperty Village, Narayanganj This Residential Plot For Sale .",,,,vacant,3203.0338730406606,narayanganj-city,"৳4,575,000","Rupganj, Narayanganj"
This Very New Nice Flat Of 1250 Sq Ft Is Up For Sale In Double Mooring,,,5,vacant,1597.1777829563816,chattogram,"৳6,950,000","28 No. Pathantooly Ward, Double Mooring"
3 Katha Plot now up for sale in Bproperty Village,,,,vacant,2808.370625206173,narayanganj-city,"৳4,575,000","Rupganj, Narayanganj"
Evaluate This 650 Square Feet Apartment For Sale In Mirpur,,,5,vacant,2812.3459073260537,dhaka,"৳2,400,000","Section 11, Mirpur"
"This 5 katha Plot In Bproperty Village, Is Up For Sale With An Area Of 3600 Sq.ft",,,,vacant,3382.997455858606,narayanganj-city,"৳7,625,000","Rupganj, Narayanganj"
Great News! This 1200 Sq Ft Flat For Sale In 37 No. North-Middle Halishahar Ward Which Can Be Your Next Destination,,,4,vacant,2273.176358515647,chattogram,"৳4,500,000","37 No. North-Middle Halishahar Ward, Halishahar"
2200 Sq Ft Apartment Is Ready For Sale In Mirpur Dohs,,,5,vacant,1784.4781790402303,dhaka,"৳20,000,000","Mirpur DOHS, Mirpur"
"A Full Building Is For Sale In Sugandha Residential Area, Panchlaish.",,,"A1,A2,A3,A4,A5,A6,A7",vacant,2711.1066669160746,chattogram,"৳105,000,000","Sugandha Residential Area, Panchlaish"
Modern Home For Residents | 1100 Sq Ft -2 Bedroom Flat In Darussalam Is Up For Sale.,,,3,vacant,3141.287366977335,dhaka,"৳5,500,000","Darussalam, Mirpur"
A 950 Sq Ft Residential Apartment For Sale At Gazipur Close To Joydebpur Bus Terminal Jame Mosque,,,7,vacant,3170.378994499434,gazipur,"৳3,800,000","Joydebpur, Gazipur Sadar Upazila"
"Grab This Nice 150 Katha Residential Land Which Is Up To Sale At Sreepur, Gazipur",3.3167066208269493,2.9869739217507947,,vacant,1008.8677993827945,gazipur,"৳112,500,000",Sreepur
In Purbachal Marine City There Is A 3 katha Residential Plot For Sale,,,,vacant,14703.299423795099,narayanganj-city,"৳3,900,000","Rupganj, Narayanganj"
1735 Sq Ft Flat For Sale In Shantinagar Near Farida Clinic,,,,,4224.566654739545,dhaka,"৳17,500,000","Shantinagar Road, Shantinagar"
"Plan to move in this 1463 SQ FT flat which is up for sale in Mirpur, 2nd Colony",,,3,vacant,2431.2383538968816,dhaka,"৳5,852,000","2nd Colony, Mirpur"
1000 Sq Ft Flat With 2 Bedrooms Is Up For Sale In Dakshin Khan,,,4,vacant,1331.8781102095463,dhaka,"৳6,000,000","East Azampur, Dakshin Khan"
Buy This 1580 Sq Ft Ready Flat At 7 No. West Sholoshohor Ward,,,8,vacant,1592.170039746999,chattogram,"৳8,000,000","Chasma Hill R/A, 7 No. West Sholoshohor Ward"
1235 Square Feet Apartment Is For Sale Near Abdul Hamid Sawdagar High School,,,10,vacant,6176.958637596779,chattogram,"৳4,100,000","6 No East Sholoshohor Ward, Bakalia"
"A nice residential flat of 1253 SQ FT for sale can be found in Manikdi, nearby Baitul Mamur Jame Mosque.",,,,,3115.227878726275,dhaka,"৳6,265,000","Manikdi, Cantonment"
1275 Square Feet Residential Apartment For Sales At Kalamia Bazar,,,5,vacant,2747.8374830474404,chattogram,"৳5,100,000","18 No. East Bakalia Ward, Bakalia"
In Bahaddarhat Near Jamuna Bank Limited This Office Space Is Up For Sale.,,,5,vacant,1900.756814106507,chattogram,"৳3,650,000","CDA Avenue, Sholokbahar"
Commodious 2280 Sq Ft Ready Flat For Sale In Bagmoniram,,,4,vacant,2245.2148807049143,chattogram,"৳22,000,000","Mehidibag Road, 15 No. Bagmoniram Ward"
156 Sq Ft Finely Built Shop For Sale In 9 No. North Pahartali Ward,,,4,vacant,2764.8811861844124,chattogram,"৳3,120,000","Dhaka Trunk Road, 9 No. North Pahartali Ward"
Your Desired Large 1445 Sq Ft Home In Mogbari Choumohoni Is Now Vacant For Sale.,,,8,vacant,3233.5235346515624,cumilla,"৳5,780,000","Mogbari Choumohoni, Chotora"
"Visit This 3 Katha Plot For Sale In Bproperty Village, Narayanganj, Rupganj",,,,vacant,1632.6347388283807,narayanganj-city,"৳4,575,000","Rupganj, Narayanganj"
Your Desired Large 2 Bedroom Home In Pahartali Is Now Vacant For Sale,,,1,vacant,2295.922028326892,chattogram,"৳4,600,000","12 No. Sarai Para Ward, Double Mooring"
Buy This Amazing 1150 Square Feet Apartment In Mirpur,,,6,vacant,7256.150814235741,dhaka,"৳6,000,000","West Shewrapara, Mirpur"
1160 Sq Ft Commercial Office Is Available For Sale At Jamal Khan,,,2,vacant,3878.742950830579,chattogram,"৳29,000,000","Nabab Siraj Ud Daula Road, Jamal Khan"
Buy This 1250 Square Feet Apartment In Baitul Aman Housing Society,,,6,vacant,3304.464021130441,dhaka,"৳15,000,000","Baitul Aman Housing Society, Adabor"
A Residential Plot Which Is Up For Sale At Uttara Near To E-Passport Office Data Center.,,,,vacant,3039.543643847867,dhaka,"৳40,000,000","Sector 16, Uttara"
Get Ready For Your Countless Peaceful Days With This 1350 Sq Ft Flat At South Thakur Para Is Up To Sale,,,4,vacant,3710.092847573343,cumilla,"৳4,725,000","South Thakur Para, Thakur Para"
"An Apartment Is Up For Sale At Muradpur, Near Ekushey Hospital Private Ltd",,,1,vacant,1539.6807233817515,chattogram,"৳11,000,000","Nasirabad Housing Society, Muradpur"
136 Sq Ft Commercial Area Is Up For Sale At South Agrabad,,,2,vacant,2809.741153508444,chattogram,"৳4,187,500","South Agrabad, Double Mooring"
"Feel Refreshing In This 1240 Sq Ft Apartment Mingled With Your Interest To Live In Gazipur, Joydebpur",,,6,vacant,2091.0011560943676,gazipur,"৳4,960,000","Joydebpur, Gazipur Sadar Upazila"
"Visit This Large Residential Plot For Sale In The Location Of Narayanganj ,Bproperty Village.",,,,vacant,1963.5061423631046,narayanganj-city,"৳4,575,000","Rupganj, Narayanganj"
"Make This 1100 Sq Ft Apartment Your Next Residing Location, Which Is Up To Sale In 19 No. South Bakalia Ward",,,2,vacant,3878.457204751983,chattogram,"৳5,500,000","19 No. South Bakalia Ward, Bakalia"
Well-developed 2000 SQ FT Office up for sale in 11 No. South Kattali Ward,,,5,vacant,2113.9909852287196,chattogram,"৳13,000,000","Port Connecting Road, 11 No. South Kattali Ward"
"Buy This 2200 Sq Ft Apartment In Khulshi, Zakir Hossain Road",,,1,vacant,1161.036784119431,chattogram,"৳13,000,000","Zakir Hossain Road, Khulshi"
"2119 Sq Ft Apartment For Sale In Bashundhara R-a, Near North South University",,,8,vacant,2960.4967716267865,dhaka,"৳19,000,000","Block B, Bashundhara R-A"
Be The Owner Of This 1450 Sq Ft Flat Which Is Vacant Now For Sale At West Shewrapara Nearby North South International School,,,9,vacant,2797.26123711887,dhaka,"৳8,675,000","West Shewrapara, Mirpur"
1654 SFT Three Bedroom Apartment | Vacant Now | Ready To Move in Uttara,,,5,vacant,2210.539664736644,dhaka,"৳11,000,000","Sector 18, Uttara"
"4 Katha Exclusive Plot Is Ready For Sale In Purbachal American City, Narayanganj",,,,vacant,1146.8685261660198,narayanganj-city,"৳13,000,000","Rupganj, Narayanganj"
Visit This Apartment For Sale In Mohammadpur Near Afjal Jame Masjid.,3.1244070120142227,2.0292403160917676,8,vacant,1262.144771447499,chattogram,"৳5,632,000","Mohammadpur, 7 No. West Sholoshohor Ward"
Well Planned 1500 Sq Ft Flat For Sale In Middle Badda,3.0303017136255646,1.9779390439817717,2,vacant,1043.050926859487,dhaka,"৳12,000,000","Middle Badda, Badda"
"A 3 Katha Plot Is Up For Sale In The Beautiful Location Of Bproperty Village, Rupganj, Narayanganj",1.9006833411998327,2.0741298798181957,,vacant,454.1206053614254,narayanganj-city,"৳4,575,000","Rupganj, Narayanganj"
"Start a new home, in this 1050 SQ FT apartment for sale in Dakkhin Paikpara",2.767338912855615,3.0460908353707605,3,vacant,360.2231202075245,dhaka,"৳4,500,000","Paikpara, Mirpur"
A 1300 Sq Ft Flat Is Up For Sale In A Well Secured Location Of South Khulshi,,,2,vacant,732.4497005611549,chattogram,"৳9,700,000","South Khulshi, Khulshi"
5 Katha Plot is now for sale in Purbachal Marine City,2.731327399672859,3.0670225572584684,,vacant,-134.19742555089852,narayanganj-city,"৳6,500,000","Rupganj, Narayanganj"
An Adequate Apartment Of 1160 Sq.Ft Is Up For Sale In Dewan Bazar .,,,4,vacant,195335.39346330994,chattogram,"৳5,220,000","Dewan Bazar, Bakalia"
Express Your Individuality At This 1400 Sq.ft Apartment Which Is Vacant For Sale In The Location Of South Monipur .,,,4,vacant,,dhaka,"৳6,300,000","South Monipur, Mirpur"
"1331 Sq Ft Apartment Is Now Available For Sale In Sector 4, Uttara",,,1,vacant,,dhaka,"৳16,000,000","Sector 4, Uttara"
"Make this flat your next residing location, which is up for Sale in Dakshin Khan Near Ashkona Jame Masjid",3.159146864766779,3.015920958276147,5,vacant,1683.6952396298025,dhaka,"৳4,500,000","Aainusbag, Dakshin Khan"
1545 Sq Ft Apartment For Sale In West West Khulshi R/a,2.9810340737611623,2.978435848001542,2,vacant,664.2767735979044,chattogram,"৳7,500,000","West Khulshi R/A, 9 No. North Pahartali Ward"
1350 Sq Ft Residential Flat For Sale In Mirpur,2.5704777479335346,3.1497393618377285,5,vacant,2161.4235172644217,dhaka,"৳9,500,000","Pallabi, Mirpur"
An Apartment Which Is Up For Sale At Mirpur Near To M.D.C. Model Institute,2.7070531728837914,2.9532404767447016,3,vacant,423.54873039292363,dhaka,"৳2,300,000","Section 12, Mirpur"
Look At This 1550 Square Feet Residential Apartment For Sale Very Near To Al-Haj Yakub Ali Girls High School &amp; College.,2.28419720433318,2.0382874627438357,1,vacant,1159.862968290602,chattogram,"৳7,750,000","25 No. Rampur Ward, Double Mooring"
"1000 Sq Ft Suitable Flat For Sale In Gazipur, Chandana",2.8250329591337997,3.040498216362083,4,vacant,1733.886441194904,gazipur,"৳4,300,000","Chandana, Gazipur Sadar Upazila"
"5 Katha Plot In Bproperty Village, Rupganj, Narayanganj Is Up For Sale",2.845083724564786,2.9403587722653417,,vacant,849.1347395143501,narayanganj-city,"৳7,625,000","Rupganj, Narayanganj"
1100 SQ FT flat is now for sale in Mirpur near to Life Aid Specialized Hospital,2.9633008541777452,2.920959891382582,3,vacant,1800.294368031161,dhaka,"৳4,950,000","Middle Monipur, Mirpur"
3 Bedroom Adequate Living Flat Is Up For Sale In Bakalia With Satisfactory Price,2.7647082487240353,2.9653779064896035,4,vacant,875.3852089752597,chattogram,"৳8,250,000","Dewan Bazar, Bakalia"
This Small 550 Square Feet Commercial Floor For Sale Very Close To Kuril Kazibari Jame Mosjid,,,1,vacant,548.8178859787602,dhaka,"৳8,000,000","Pragati Soroni, Kuril"
Get This 1459 Sq Ft Flat Up For Sale At Double Mooring,,,6,vacant,-978.3419235565236,chattogram,"৳8,462,200","24 No. North Agrabad Ward, Double Mooring"
"1120 Sq Ft Flat For Family, Is Ready For Sale At Mirpur",1.802485508558063,0.9362554900404484,1,vacant,1001.8204793858049,dhaka,"৳5,600,000","Section 2, Mirpur"
2700 Square Feet Apartment Is Ready For Sale In Banani Dohs,1.8358305413611977,1.0260481685139924,5,vacant,551.7089467959195,dhaka,"৳67,500,000","Road No 2, Banani DOHS"
200 Sq Ft Shop Is Available For Sale At Bakalia,2.8269305097662856,3.123864255576485,1,vacant,1742.6875541227453,chattogram,"৳5,000,000","Dewan Bazar, Bakalia"
Visit This Shop For Sale In Halishahar Near Navy Hospital.,,,,vacant,43173.501953646766,chattogram,"৳5,350,000","39 No. South Halishahar Ward, Halishahar"
A 600 Sq Ft Apartment Is Up For Sale At North Pahartali Ward Nearby Dutch Bangla Atm.,14.948573558093305,9.74565264241015,5,vacant,7052.651042007318,chattogram,"৳3,000,000","West Firojshah colony, 9 No. North Pahartali Ward"
Modern 1150 Sq Ft Flat Is Up For Sale In Sarai Para,2.9604381535130377,3.062747351636743,2,vacant,1564.8327282742096,chattogram,"৳4,600,000","12 No. Sarai Para Ward, Double Mooring"
"1000 Sq Ft Flat Of Great Quality Is For Sale In Middle Paikpara, Mirpur",,,8,vacant,7123.177148813034,dhaka,"৳5,500,000","Middle Paikpara, Mirpur"
This 1200 Sq.ft Convenient Flat Is For Sale In Akbarshah Railway Colony.,2.9685317396551283,3.044330906108649,7,vacant,1474.5646101344942,chattogram,"৳5,800,000","Akbarshah Railway Colony, 9 No. North Pahartali Ward"
"Meet With A Fascinating 5 Katha Ready Plot For Sale In Narayanganj, Bproperty Village",2.938354082099465,2.9986169578317483,,vacant,1478.4140260927966,narayanganj-city,"৳7,625,000","Rupganj, Narayanganj"
"Buy This 2775 Sq Ft Flat In Muradpur, Nasirabad Housing Society",,,9,vacant,174524.3220937599,chattogram,"৳21,645,000","Nasirabad Housing Society, Muradpur"
A 600 Square Feet Apartment At Bochila City Developers Ltd For Sale,2.1480363397544,1.9899969062635068,8,vacant,-381.09368345512894,dhaka,"৳3,000,000","Bochila, Mohammadpur"
Appealing Property In Bayazid– 1295 Sq Ft Flat For Sale,2.9674165028336454,2.9978059288854313,5,vacant,667.0149746325711,chattogram,"৳6,500,000","Bayazid Abasic Elaka Road, Bayazid"
Wonderful Shop Space Of 115 Sq Ft Is Now Up For Sale In Kazirhat,3.017858303754877,2.131541186468651,1,vacant,1913.9129675543686,chattogram,"৳2,320,000","Mohara, 4 No Chandgaon Ward"
A Well-structured Flat Of 1162 Sq Ft Is Up For Sale In Khulshi Green Housing Society,2.82679775880556,1.9980763799680485,7,vacant,275.30242658999543,chattogram,"৳6,972,000","Khulshi Green Housing Society, Khulshi"
"An Apartment Is Ready For Sale At North Ibrahimpur , Near Ibrahimpur Primary School",,,9,vacant,7731.67595401792,dhaka,"৳10,800,000","North Ibrahimpur, Ibrahimpur"
"150 Sq Ft Vacant Shop For Sale In 9 No. North Pahartali Ward, Dhaka Trunk Road",3.170401299585436,3.091963608681063,4,vacant,1425.6322108160969,chattogram,"৳3,000,000","Dhaka Trunk Road, 9 No. North Pahartali Ward"
"You can buy this lovely apartment of 2180 sq ft to live a relaxed life at Bashundhara R-A, Block J",3.098574987897575,3.0652660207149953,7,vacant,562.7398677028339,dhaka,"৳17,500,000","Block J, Bashundhara R-A"
Buy This 240 Sq Ft Shop At Bakalia,,,2,vacant,173037.88852035595,chattogram,"৳5,760,000","Dewan Bazar, Bakalia"
This 1392 Sq Ft Apartment Is Up For Sale At 10 No. North Kattali Ward,2.062222065201631,2.1092551630575787,6,vacant,657.2346009292069,chattogram,"৳8,500,000","CDA R/A, 10 No. North Kattali Ward"
"Apartment Of 1350 Sq Ft For Sale In Bangla Bazar, Bayazid",3.0102361357526872,1.9551973692700069,1,vacant,2331.987841849788,chattogram,"৳6,000,000","Bangla Bazar, Bayazid"
A Beautiful &amp; Furnished Apartment For Sale Is All Set For You In Double Mooring Nearby Mercantile Bank Limited,3.154287039793405,3.0700292082334233,5,vacant,719.8821705825937,chattogram,"৳20,000,000","24 No. North Agrabad Ward, Double Mooring"
A 1550 Square Feet Apartment For Sale Is All Set For You In South Agrabad .,3.207169298118433,2.904844057095933,1,vacant,761.4661502162828,chattogram,"৳9,335,000","South Agrabad, Double Mooring"
"Grab This Five Katha Plot Is Ready For Sale At Narayanganj, Bproperty Village",3.2018786200385163,2.8840482972426496,,vacant,638.9643853744483,narayanganj-city,"৳7,625,000","Rupganj, Narayanganj"
"Buy This 1800 Square Feet Flat In Bayazid, Nasirabad",2.977673088968247,3.1933766422790377,6,vacant,1971.8981639559563,chattogram,"৳12,500,000","Nasirabad, Bayazid"
"Offering You A 1700 Sq Ft Flat For Sale In Block E, Bashundhara R-A",3.3072822353159217,2.9063654994918866,3,vacant,1093.6451800574005,dhaka,"৳16,150,000","Block E, Bashundhara R-A"
"1300 Sq Ft Apartment For Sale In Chandra Nagar, Near Abu Darda Jamgee Masjid",3.050614475080285,3.1121389984790575,1,vacant,862.8963831694164,chattogram,"৳5,800,000","Chadra Nagar, Bayazid"
"A 2156 Square Feet Residential Flat Is Up For Sale At Block J, Bashundhara R-a",3.140100208041438,3.0115866497871844,5,vacant,2151.6070611333303,dhaka,"৳17,000,000","Block J, Bashundhara R-A"
Buy This 2540 Sq Ft Apartment In Nasirabad,3.0624953511162185,2.9588940147624907,6,vacant,1649.1406641843612,chattogram,"৳29,210,000","Nasirabad, 15 No. Bagmoniram Ward"
An apartment located on Mirpur near to BSMR Maritime University is waiting for you to make it home!,,,1,vacant,3046.1348057710884,dhaka,"৳4,500,000","Pallabi, Mirpur"
"A 1150 Sq Ft Flat Is Up For Sale In A Well Secured Location Of Kulgaon, Bayazid",2.836997331473312,2.872696458779481,7,vacant,562.8002454428307,chattogram,"৳5,800,000","Kulgaon, Bayazid"
Obtain This Well Fitted Flat Of 1860 Sq Ft Which Is Up For Sale In Bashundhara R-a,3.1553812422372673,2.9986542243962955,7,vacant,1997.788362633915,dhaka,"৳12,000,000","Block J, Bashundhara R-A"
"Let Us Assist You To Buy This 1150 Sq Ft Apartment Mirpur, Kallyanpur",3.6303626565198703,2.8940609797761487,1,vacant,1360.114737598273,dhaka,"৳6,000,000","Kallyanpur, Mirpur"
A 1250 Sq. Ft Apartment Is Vacant For Sale In Ashoktala Near To Ranir Bazar Jame Masjid.,2.9169657735881107,2.961308424942187,8,vacant,416.70102074134843,cumilla,"৳4,375,000","Nazrul Avenue, Ashoktala"
An Amazing 1542 Sq.ft -3 Bedroom Apartment Is Up For Sale In Shah Ali Bag .,3.0157285718814326,3.090534478085308,7,vacant,165.68671846602024,dhaka,"৳8,500,000","Section 1, Mirpur"
Pursue This 1940 Sq Ft Flat For Sale In 15 No. Bagmoniram Ward,,,3,vacant,,chattogram,"৳16,132,000","O. R. Nizam Road, 15 No. Bagmoniram Ward"
Buy This 864 Sq Ft Apartment In 17 No West Bakalia Ward,,,6,vacant,693.2202116534602,chattogram,"৳4,800,000","17 No West Bakalia Ward, Bakalia"
"5 Katha Plot is now available for sale in Purbachal, Sector 15",3.342166096285167,3.0833125143118716,,vacant,67.25459764773268,dhaka,"৳55,000,000","Sector 15, Purbachal"
1050 SQ FT flat is now Vacant for sale in West Monipur,2.8509061841703254,2.9993053349812286,5,vacant,577.5556238004194,dhaka,"৳4,725,000","West Monipur, Mirpur"
Grab This 247 Sq Ft Nice Shop Available To Sale In 29 No. West Madarbari Ward,,,,vacant,5314.261136374239,chattogram,"৳2,964,000","1 No. Goli, 29 No. West Madarbari Ward"
A 1220 Sq Ft Home Is Available To Sale In West Shewrapara,2.6482978368198076,2.0730573666143917,6,vacant,641.2381356507733,dhaka,"৳5,000,000","West Shewrapara, Mirpur"
1265 Sq. Ft Flat For Sale At Shamoly R/a Near Jamia Ahmadia Sunnia Alia Madrasah,2.832154401967058,2.9836399104598454,3,vacant,2259.9650865567014,chattogram,"৳5,500,000","24 No. North Agrabad Ward, Double Mooring"
"1500 Sq Ft Amazing Flat For Sale In West Rampura, Mohanagar Housing",1.6215113990145502,0.8859477026230884,7,vacant,539.2290116618353,dhaka,"৳12,000,000","West Rampura, Rampura"
Offering you 1035 SQ FT flat for sale in Double Mooring,2.139973596162761,1.180796030108747,5,vacant,699.0374684251999,chattogram,"৳4,347,000","12 No. Sarai Para Ward, Double Mooring"
"750 Sq Ft Apartment For Sale In Ahmed Nagar, Mirpur",2.6202608002065655,0.9983085373856109,6,vacant,1106.8223812077786,dhaka,"৳5,200,000","Ahmed Nagar, Mirpur"
"1700 Sq Ft Flat For Sale In Block E, Bashundhara R-A",2.9187639005409323,1.992036992884711,3,vacant,807.0177147961735,dhaka,"৳16,150,000","Block E, Bashundhara R-A"
A 2 Bedrooms Residential Apartment For Sale At Bayazid Bostami Road .,,,4,vacant,361.0890369640621,chattogram,"৳8,000,000","Bayazid Bostami Road, 15 No. Bagmoniram Ward"
"Convenient Apartment Is Up For Sale In Shyamoli, Near Shyamoli Club Playground",,,9,vacant,299.0682727549063,dhaka,"৳11,000,000","Ring Road, Shyamoli"
112 Sq Ft Shop Is Up For Sale In 9 No. North Pahartali Ward,2.83895292205196,2.9486440892839356,,vacant,1073.8586537909412,chattogram,"৳3,920,000","Dhaka Trunk Road, 9 No. North Pahartali Ward"
Select Your Next Residing Place At This Nice Flat Of 975 Sq Ft In Borobag Mirpur,3.2878646878687072,2.848833879733222,5,vacant,2666.7742195585433,dhaka,"৳5,000,000","Section 2, Mirpur"
Spacious 2500 SFT Commercial Space For Sale In Banasree Block G,,,1,vacant,678.9462083702373,dhaka,"৳35,000,000","Block G, Banasree"
"Start A New Home, In This, 1370 Sq Ft Flat For Sale In Green Road",,,4,vacant,-521.7290513675541,dhaka,"৳9,500,000","Green Road, Kalabagan"
2380 Sq Ft Apartment For sale At Bashundhara R-A Nearby Playpen School Junior Section,,,4,vacant,353.05597705467846,dhaka,"৳21,500,000","Block D, Bashundhara R-A"
Move In To This 1780 Sq Ft Apartment Ready For Sale In South Khulshi,3.167882161131612,1.9750483952266253,5,vacant,442.9847546483859,chattogram,"৳10,500,000","South Khulshi, Khulshi"
At Chaw Bazar 1592 Square Feet Residential Apartment For Sale,2.9496159437114366,2.1343639858566648,1,vacant,1188.8626017077981,chattogram,"৳8,560,000","Munshi Pukur Par, 16 No. Chawk Bazaar Ward"
Reasonable 1600 Sq Ft Flat Is Available For Sale In Badda Near To Badda Post Office,2.889952792311234,2.073181229043114,4,vacant,91.46031653636487,dhaka,"৳12,000,000","Middle Badda, Badda"
A Nice Residential Flat For Sale Can Be Found In Banasree Nearby Banasree Jame Mosjid,1.9559497190595863,1.9739159837099554,2,occupied,332.5715303641715,dhaka,"৳7,000,000","Block E, Banasree"
A Large 5 Katha Residential Plot For Sale In Purbachal Marine City,1.71822598946336,1.9837668116081817,,vacant,1207.201621700038,narayanganj-city,"৳6,500,000","Rupganj, Narayanganj"
An Apartment Which Is Up For Sale At Ahmed Nagar Near To Ahmed Nagar Darul Islam Jame Masjid.,2.087960632823198,2.0322215746628167,6,vacant,1551.0878526798458,dhaka,"৳4,000,000","Ahmed Nagar, Mirpur"
"A 3 Katha Plot Is Up For Sale In The Beautiful Location Of Bproperty Village, Rupganj",2.6041584574915886,1.9186053319957375,,vacant,1382.8392962512237,narayanganj-city,"৳3,375,000","Rupganj, Narayanganj"
650 Sq Ft Apartment For Sale,2.9016068142922684,2.000440791037315,4,vacant,1594.5990264255724,dhaka,"৳3,500,000","Section 6, Mirpur"
Well-constructed 1739 Sq Ft Flat Is Now Offering To You In West Khulshi R/a For Sale,3.1682385058000238,2.030186004117176,4,vacant,1305.2227634559897,chattogram,"৳8,695,000","West Khulshi R/A, 9 No. North Pahartali Ward"
We Have A 1200 Sq.Ft -3 Bedroom Flat For Sale In Uttar Badda Nearby AMZ Hospital Ltd.,3.0671390352524326,1.8349414460926068,9,vacant,1183.9275530832667,dhaka,"৳6,050,000","Uttar Badda, Badda"
"1775 Sq Ft Apartment With 3 Bedrooms Is Available To Sale In Kotwali, Patharghata",2.130782967573418,1.9814762513006108,8,vacant,646.5287343201524,chattogram,"৳12,137,500","Patharghata, Kotwali"
"Wonderful Flat Covering An Area Of 3,650 Sq Ft Is Available For Sale In Gulshan 2",2.9855894127779767,1.970347944988863,2,vacant,1569.8272430866375,dhaka,"৳78,000,000","Gulshan 2, Gulshan"
Ready Flat Is Now For Sale In Mirpur Dohs Nearby Mirpur Dohs Central Mosque,,,3,vacant,25053.48173710041,dhaka,"৳25,000,000","Mirpur DOHS, Mirpur"
A Nice Residential Plot Is Up For Sale In Savar Near Savar Cantonment School,3.2048631042189637,2.8195280975296204,,,961.9732886838628,dhaka,"৳37,500,000",Savar
Worthy 1335 SQ FT Residential Apartment is for sale at 18 No. East Bakalia Ward,3.0988406082419235,2.9626721445408415,4,vacant,1229.5529726067018,chattogram,"৳5,340,000","18 No. East Bakalia Ward, Bakalia"
"Buy This 1720 Sq Ft Ready Apartment In Sholokbahar, Abdul Hamid Road",3.205493751816192,2.952863475502774,1,vacant,2308.809578318532,chattogram,"৳7,880,000","Abdul Hamid Road, Sholokbahar"
1156 Sq Ft Apartment Is Available For Sale In Uttar Badda,3.1662530900547736,3.0939366309334595,5,vacant,1287.6960370825113,dhaka,"৳6,800,000","Uttar Badda, Badda"
In Darussalam This 1485 Sq Feet Flat For Sale,2.902638760961713,2.9957392545253745,8,vacant,1345.6001460568575,dhaka,"৳8,167,000","Darussalam, Mirpur"
A Very Well-fitted Home Is Here Sited At Uttara Near Uttara 15 Number Sector Central Jame Mosjid Featuring 1600 Sq Ft Space For Sale.,2.7022650135662287,3.1757360509696517,2,vacant,1591.742329331456,dhaka,"৳12,000,000","Sector 15, Uttara"
"Create Your New Home In A Nice Flat For Sale In West Bakalia, Near Mutual Trust Bank Limited",3.093129409322545,3.0647932250770764,3,vacant,1291.072494308143,chattogram,"৳4,410,000","17 No West Bakalia Ward, Bakalia"
3 Katha nice Plot is available for sale in Bproperty Village,3.120983705187022,2.9598623774140655,,vacant,855.7513595003261,narayanganj-city,"৳4,575,000","Rupganj, Narayanganj"
"Situated In West Shewrapara, Near North South International School, A 1400 Sq Ft Apartment Is Up For Sale",3.241589349216334,3.023449027597601,7,vacant,1467.7213086801783,dhaka,"৳8,400,000","West Shewrapara, Mirpur"
Vacant Shop Is Up For Sale In Korbanganj,2.7925620746485946,1.9653566951603962,1,vacant,1126.6504090009455,chattogram,"৳1,100,000","Korbanigonj, Kotwali"
Residential Plot Is Available For Sale In Bproperty Village,1.7991841225636618,1.0840862565495197,,vacant,1809.941096828815,narayanganj-city,"৳4,575,000","Rupganj, Narayanganj"
Residential plot for sale of 3640 SQ FT available in Gulshan 1 near Gulshan 1 roundabout,2.10188891319043,0.8696532135367909,,,1275.0340965599275,dhaka,"৳500,000,000","Gulshan 1, Gulshan"
A 1750 Sq Ft Wonderful Flat Is For Sale At Hill View R/A,1.984233261686298,0.9194067648536081,1,vacant,441.22657102610634,chattogram,"৳10,000,000","Hill View R/A, Bayazid"
"Offering You A 1183 Sq Ft Nice Flat For Sale In Munsef Bari Road, Manoharpur",,,9,vacant,,cumilla,"৳5,800,000","Manoharpur, Kandirpar"
Buy This 120 Sq Ft Shop In 9 No. North Pahartali Ward,,,3,vacant,118265.48676208343,chattogram,"৳4,200,000","Dhaka Trunk Road, 9 No. North Pahartali Ward"
An Apartment For Sale Is All Set For You To Settle In Mohammadpur Close To Dhaka Udyan Government College,2.5896037219274723,2.7845518517738586,8th,vacant,2028.919124939519,dhaka,"৳4,700,000","Dhaka Uddan, Mohammadpur"
"Live Permanently In A 1550 Sq Ft Property, Which Is Up For Sale Located At Uttar Badda",,,2,vacant,4004.0204309007786,dhaka,"৳14,500,000","Uttar Badda, Badda"
1630 Sq.ft Apartment Is For Sale In Muradpur,3.2994591570171004,2.986288699133047,6,vacant,1353.6759064940095,chattogram,"৳8,150,000","1 No Railway Gate, Muradpur"
This 5 Katha Plot Which Is Available In Bproperty Village For Sale Will Ensure Your Higher Quality Of Living,3.4042940468835408,1.8156752222758328,,vacant,860.2968499922756,narayanganj-city,"৳5,000,000","Rupganj, Narayanganj"
Commercial Area Of 11003 Sq Ft Is Up For Sale At Bashundhara,,,11,vacant,2195.2333958754107,dhaka,"৳154,000,000","Block I, Bashundhara R-A"
Delightful Apartment Of 1500 Sq Ft Is Available For Sale In Bakalia,2.927024730751852,1.8503596298425922,5,vacant,386.6745434943639,chattogram,"৳9,500,000","Dewan Bazar, Bakalia"
We Are Offering You This 1750 Sq Ft Ready Flat For Sale In Uttara-11,,,2,vacant,2506.982284086904,dhaka,"৳12,000,000","Sector 11, Uttara"
Acquire This Shop Which Is Up For Sale In Bandartila Near Islami Bank Bangladesh Limited,3.394623115254649,2.9935523103088055,4,vacant,1510.8202133783668,chattogram,"৳2,000,000","39 No. South Halishahar Ward, Halishahar"
"Establish Your Peace In This Nice 1350 Sq Ft Apartment For Sale At Sector 5, Uttara",,,1,vacant,108774.33719615,dhaka,"৳8,500,000","Sector 5, Uttara"
See This 1740 Sq Ft Apartment For Sale Is All Set For You In South Khulshi,2.8943484090260903,1.9462362927940529,1,vacant,1193.9595024443665,chattogram,"৳12,500,000","South Khulshi, Khulshi"
Shop for Sale in Chandgaon nearby Jame Masjid,3.3431134433751835,2.8915855183811994,1,vacant,1051.869911288707,chattogram,"৳2,700,000","Chand Mia Road, 4 No Chandgaon Ward"
3 katha Residential Plot Is For Sale In Purbachal Marine City,2.9169670855974883,2.9595822131909553,,vacant,1775.5437011171343,narayanganj-city,"৳3,900,000","Rupganj, Narayanganj"
Attention Home Finders! A 969 Sq.ft Flat Is Up For Sale At 6 No East Sholoshohor Ward.,3.160000662364523,3.0032885455719693,2,vacant,821.49806001008,chattogram,"৳3,600,000","6 No East Sholoshohor Ward, Bakalia"
A Nice And Comfortable 1262 Sq Ft Flat Is Up For Sale In Dewan Bazar,2.672745370315843,3.022579600554368,5,vacant,1953.6947125008687,chattogram,"৳5,679,000","Dewan Bazar, Bakalia"
Convenient 800 Square Feet Apartment For Sale In Dhanmondi,2.9620641267763332,2.922785423279065,6,vacant,1952.4038502801718,dhaka,"৳6,950,000","North Circular Road, Dhanmondi"
Check This Apartment Up For Sale At South Agrabad Near CDA Central Mosque.,2.632323504509146,3.0882006322217053,4,vacant,2057.5007230373712,chattogram,"৳8,500,000","South Agrabad, Double Mooring"
Take a Look at This 146 Sq Ft shop for sale in Chandgaon,2.7661732145767486,2.9392004118422124,1,vacant,1526.9124081775315,chattogram,"৳2,920,000","Mohara, 4 No Chandgaon Ward"
There&#039;s A Thoughtfully Designed 1650 Sq Ft Flat For Sale In Keraniganj,3.1859214275105012,2.91490387486835,6,vacant,1056.889727298878,dhaka,"৳8,250,000","South Keraniganj, Keraniganj"
See This 1428 Sq Ft Apartment For Sale Is All Set For You In Sabujbag,2.988943676634521,2.9469305572598015,5,vacant,1415.7847527294796,chattogram,"৳4,998,000","Sabujbag, Halishahar"
See This 1250 Sq Ft Apartment For Sale Is All Set For You In Mirpur Close To Mirpur Shaheen School,2.929303504521105,3.1051660436484934,6,vacant,1578.9885422930004,dhaka,"৳8,625,000","Section 11, Mirpur"
Deal With This 1760 Sq Ft Ready Apartment Up For Sale In Muradpur,2.8341177619842792,2.987006740274485,3,vacant,902.5190314970548,chattogram,"৳13,120,000","Nasirabad Housing Society, Muradpur"
"200 Sq Ft Shop Area Is Up For Sale In Muradpur, Nasirabad Housing Society",2.951114602146421,2.9320464204545025,,vacant,2043.1921571598796,chattogram,"৳13,000,000","Nasirabad Housing Society, Muradpur"
1300 Sq Ft Flat With 3 Bedrooms For Sale At South Khulshi,2.066710318716551,2.0906135538180957,6,vacant,1349.496182556815,chattogram,"৳9,700,000","South Khulshi, Khulshi"
"Well Presented, Beautiful Apartment Of 1695 SQ FT Located In Block F, Bashundhara, Dhaka, Is Available For Sale.",2.2177608307072147,2.209653855125662,4,vacant,412.44263452035227,dhaka,"৳13,500,000","Block F, Bashundhara R-A"
3 Katha beautiful Plot is now up for sale in Bproperty Village,2.4184101158378355,3.0205160670121503,,vacant,2319.416691494598,narayanganj-city,"৳4,575,000","Rupganj, Narayanganj"
Verify This 1180 Sq Ft Flat Available For Sale In Thakur Para,,,8,vacant,6558.6762780246545,cumilla,"৳6,400,000","Madina Masjid Road, Thakur Para"
1332 Sq Ft Residential Apartment Is Up For Sale In Dakkhin Paikpara,3.0352470837633114,3.101373414798311,1,vacant,440.8114577533563,dhaka,"৳5,594,400","Dakkhin Paikpara, Mirpur"
"Establish Your Peace In This Nice 2500 Sq Ft Apartment For Sale At Zakir Hossain By Lane, East Nasirabad",1.9780973046158756,1.940742132646346,2,vacant,499.778372389481,chattogram,"৳12,000,000","Zakir Hossain By Lane, East Nasirabad"
"Lovely Apartment Of 1300 Sq Ft Is Up For Sale In Dakkhin Paikpara, Mirpur",2.0893662604021697,2.00260597942822,3,vacant,1896.378002970567,dhaka,"৳8,500,000","Dakkhin Paikpara, Mirpur"
"In The Location Of Bproperty Village, A Large Residential Plot For Sale",2.0592723922665637,1.8745114412750514,,vacant,2099.5391653508323,narayanganj-city,"৳4,575,000","Rupganj, Narayanganj"
"Ideal Flat of 1635 SFT In Khulshi, Chattogram Available For Sale",1.9324578446616951,1.979947746821503,9,vacant,1608.2068642186393,chattogram,"৳12,000,000","Yakub Future Park Housing, Khulshi"
1210 Square Feet Apartment Is For Sale At Maghbazar,,,1,vacant,3674.873161644963,dhaka,"৳6,000,000","Boro Maghbazar, Maghbazar"
"Take The Deal Of Buying This 130 Sq Ft Shop At Tongi, Gazipur",2.94561020767263,1.9605802582416485,4,vacant,1653.001316467546,gazipur,"৳5,000,000","Tongi, Gazipur Sadar Upazila"
Offering You A Full Building Up For Sale In Patenga Near Patenga Model Thana,3.254498894942872,1.9266277020670715,4,vacant,1255.537634497274,chattogram,"৳30,000,000","40 No. North Patenga Ward, Patenga"
"Buy This 1644 Sq Ft Apartment At Sholokbahar, Al-Madani Road",,,9,vacant,328.24510850487883,chattogram,"৳9,864,000","Al-Madani Road, Sholokbahar"
Offering You 2400 Sq Ft Flat For Sale In Aftab Nagar,3.986085442364351,4.052075468688452,1,vacant,2325.2633602522988,dhaka,"৳20,000,000","Block H, Aftab Nagar"
"Plan To Move In This 1300 Sq Ft Flat Which Is For Sale In Ali Nagar, Bayazid",2.0406186738620526,0.9883085022749918,4,vacant,1143.4435588195038,chattogram,"৳7,200,000","Ali Nagar, Bayazid"
We Are Offering A Reasonably Priced Flat For Sale Which Is Featuring 800 Sq Ft Space In Baitul Aman Housing Society,3.345688994087672,2.8175833416683953,6,vacant,581.1929903222282,dhaka,"৳5,600,000","Baitul Aman Housing Society, Adabor"
"Buy This 1300 Square Feet Flat In Bayazid, Ali Nagar",2.933468005358074,2.9269970087935535,4,vacant,1640.9994204047848,chattogram,"৳7,200,000","Ali Nagar, Bayazid"
"A Perfect 3 Katha Residential Plot Is Available For Sale At Bproperty Village, Narayanganj",2.212419464169936,1.8513367640671021,,vacant,1651.8052638639351,narayanganj-city,"৳3,375,000","Rupganj, Narayanganj"
3.5 Katha Plot Is Up For Sale In Kaibalyadham Housing Society,,,,vacant,-4.3377770303544025,chattogram,"৳14,500,000","Kaibalyadham Housing Society, 9 No. North Pahartali Ward"
"920 Sq Ft Soothing Flat With Necessary Features Is Up For Sale In Gazipur Sadar Upazila, Chandana Chowrasta",2.9858755185699226,3.0492462945410153,6,vacant,811.2706546995894,gazipur,"৳3,220,000","Chandana, Gazipur Sadar Upazila"
Acquire This Shop Which Is Up For Sale In South Khulshi Near Khulshi Police Station.,2.9533161223430118,3.025101556591725,2,vacant,1291.1154311771033,chattogram,"৳2,500,000","South Khulshi, Khulshi"
Offering You A 1070 Sq Ft Flat For Sale In Mohammadi Housing LTD,1.9270995833608056,1.9229576576437437,6,vacant,318.58639740408603,dhaka,"৳7,490,000","Mohammadi Housing LTD., Mohammadpur"
Buy This 1650 Sq Ft Office In Ibrahimpur Bazar Road,2.9433234920122815,3.024153033792997,3,vacant,706.6270631723811,dhaka,"৳10,000,000","Ibrahimpur Bazar Road, Ibrahimpur"
"5 Katha Plot now for sale in Rupganj, Bproperty Village",,,,vacant,,narayanganj-city,"৳5,625,000","Rupganj, Narayanganj"
1545 Sq Ft Flat With Great Floor Plan Is For Sale In West Khulshi R/a,3.0511792604680923,2.888632124071829,6,vacant,902.3053861683741,chattogram,"৳7,725,000","West Khulshi R/A, 9 No. North Pahartali Ward"
Grab This 1475 Sq Ft Flat For Sale In Malibagh Chowdhury Para,3.052127416547672,3.0725929641299725,5,vacant,1270.115124660854,dhaka,"৳15,000,000","Malibagh Chowdhury Para, Malibagh"
Ready Flat 2410 Sq Ft Is Now For Sale In Bagmoniram Nearby Shahid Zia Shishu Park,2.75071160212767,2.080038636811801,4,vacant,552.4044257087174,chattogram,"৳15,500,000","Chatteshwari Road, 15 No. Bagmoniram Ward"
"Wonderful Flat Covering An Area Of 3,650 Sq Ft Is Available For Sale In Gulshan 2",,,2,vacant,2929.2348090510513,dhaka,"৳78,000,000","Gulshan 2, Gulshan"
"5 Katha Plot For Sale In Narayanganj, Rupganj, Bproperty Village",3.4748713655056975,1.9404770896448005,,vacant,1594.031975081476,narayanganj-city,"৳7,625,000","Rupganj, Narayanganj"
A Fascinating Apartment In Dakshin Khan Near To Ark Hospital Is Ready For Sale,,,3,vacant,3094.956305778237,dhaka,"৳5,000,000","East Azampur, Dakshin Khan"
"Buy This 600 Square Feet Apartment In Mirpur, West Shewrapara",,,4,vacant,-590.8789514492344,dhaka,"৳2,000,000","West Shewrapara, Mirpur"
Visit This Apartment For Sale In Firingee Bazaar Near Bridge Ghat Baitur Riduan Jame Masjid.,,,1,vacant,-89.02249913379126,chattogram,"৳5,515,000","Kobi Kazi Nazrul Islam Road, 33 No. Firingee Bazaar Ward"
Lovely Apartment Of 950 Sq Ft Is Up For Sale In East Rampura,3.0624334640718045,2.9500105555202203,4,vacant,1347.5125508460644,dhaka,"৳6,700,000","East Rampura, Rampura"
"Buy This Nice Flat Of 1100 Sq Ft, Which Is Located At Gedu Matabor Road, Ibrahimpur",3.1280877191221457,2.9780848180581136,6,vacant,1141.6515391311814,dhaka,"৳5,800,000","North Ibrahimpur, Ibrahimpur"
9 No. North Pahartali Ward Is Highlighting A 110 Square Feet Standard Shop Space For Sale,2.9694162680476897,1.763103666957264,2,vacant,985.7307201129184,chattogram,"৳3,850,000","Dhaka Trunk Road, 9 No. North Pahartali Ward"
1250 Sq Ft Flat Is Now For Sale In 9 No. North Pahartali Ward,2.929399356250476,2.970459777180667,2,vacant,1386.5468499628896,chattogram,"৳7,000,000","Akbarshah Railway Colony, 9 No. North Pahartali Ward"
"This Plot At Rupganj, Bproperty Village Is Up For Sale.",2.9624288732764223,3.0089125542935644,,vacant,1716.1688059660212,narayanganj-city,"৳4,575,000","Rupganj, Narayanganj"
Cantonment Is Giving You A 1410 Sq Ft Apartment Available For Sale,2.6936603439486406,1.95987934119643,4,vacant,1054.7801563229684,dhaka,"৳7,000,000","Bagan Bari, Cantonment"
"This Constructed Flat For Sale In Lal Khan Bazaar , Near By Sun Shine School.",2.980520063062003,3.17183145475789,7,vacant,1556.1295908903298,chattogram,"৳7,200,000","14 No. Lalkhan Bazaar Ward, Lal Khan Bazaar"
"A Strongly Structured Apartment Of 1410 Sq Ft Is Available For Sale In Block C, Bashundhara R-a",2.0655848467548092,0.8862603372735884,1,vacant,125.38888167784421,dhaka,"৳13,395,000","Block C, Bashundhara R-A"
"A 2160 Sq.Ft Residential Plot For Sale In Bproperty Village, Rupganj .",3.4099621191978495,2.9448572817423764,,vacant,2538.675156596421,narayanganj-city,"৳4,575,000","Rupganj, Narayanganj"
"An Apartment Is Ready For Sale At Nasirabad, Near Rahman Nagar Jame Mosque.",3.0190527205803153,2.9114641650458473,2,vacant,828.9769760480757,chattogram,"৳7,400,000","Nasirabad, Bayazid"
1050 Square Feet Residential Apartment For Sale At West Kazipara Nearby Baish Bari Masjid,,,1,vacant,14522.663197909642,dhaka,"৳6,200,000","West Kazipara, Mirpur"
4800 Square Feet Warehouse For Sale In Gazipur,,,,,5741.2910565938355,gazipur,"৳60,000,000",Gazipur Sadar Upazila
test listing ma 21.6:8,3.6069252819616837,3.144615692369745,,,1102.5019230979397,chattogram,৳566,
Sophisticated Style! This 3 Bedroom Flat For Sale In Ashoktala Is All About It .,3.191939689046488,2.93143205103934,8,vacant,1354.7143774513663,cumilla,"৳4,400,000","Nazrul Avenue, Ashoktala"
"12 Katha Residential Plot Is Available For Sale In Purbachal Marine City, Narayanganj",2.8203510646643064,2.9292584660351806,,vacant,1297.3943867414978,narayanganj-city,"৳14,000,000","Rupganj, Narayanganj"
Ideal Flat of 1462 SFT In 10 No. North Kattali Available For sale,3.1309570894982,2.8867825703617727,7,vacant,749.2991846253736,chattogram,"৳9,500,000","CDA R/A, 10 No. North Kattali Ward"
Buy This Amazing 1150 Square Feet Apartment In Mirpur,2.835610137733362,3.127811435673473,6,vacant,1614.246705057293,dhaka,"৳6,000,000","West Shewrapara, Mirpur"
An Exemplary Flat For You Is Offered By Us Near To NCC Bank Limited,2.700069804388085,3.1096829101227534,2,vacant,246.35671703166724,dhaka,"৳22,500,000","Block B, Bashundhara R-A"
Move In And Inhabit This 1020 Sq Ft Properly Constructed Apartment For Sale In Sultanganj,2.922820275592082,2.9896303777477606,4,vacant,2295.993154109532,dhaka,"৳5,000,000","Rayer Bazaar, Hazaribag"
1040 Sq Ft Properly Developed Flat For Sale In Rajanigandha Residential Area,3.0202772864149567,2.8634008736038727,1,vacant,1717.7587679048327,dhaka,"৳6,500,000","Section 15, Mirpur"
"1330 Sq Ft Apartment To Sale In Jamal Khan, Ashkar Dighir Par",2.5852320525973145,2.872151659847663,1,vacant,1625.0662312037207,chattogram,"৳10,000,000","Ashkar Dighir Par, Jamal Khan"
3 Katha Plot with the building is now available for sale in Savar,2.745408733646369,2.016694969756908,,,-126.31331571569535,dhaka,"৳7,500,000","Radio Colony, Savar"
Buy This Flat Of 1200 Sq Ft With Modern Residential Features And Characteristics,3.0022897992826043,2.0537491031830406,1,vacant,442.5076611834968,chattogram,"৳6,000,000","Yakub Nagar Road, 33 No. Firingee Bazaar Ward"
"Buy This 1350 Sq Ft Delightful Flat In Gazipur, Joydebpur",2.909570999754174,2.79784131663396,5,vacant,2022.069589419415,gazipur,"৳4,500,000","Joydebpur, Gazipur Sadar Upazila"
Plan To Move In This 1599 Sq Ft Flat Which Is For Sale In Shahidbag,,,3,vacant,,dhaka,"৳15,990,000","Shahidbag, Malibagh"
A 1180 Square Ft Residential Apartment For Sale At Borobag -Mirpur 2.,2.7308954901246247,3.158339611790301,4,vacant,2069.7928838791945,dhaka,"৳6,490,000","Section 2, Mirpur"
"Here Is A Cozy And Nice Flat Of 1610 Sq Ft Is Waiting For Sale At Block A, Mirpur-11",2.1582088097460415,1.9787181543493413,11,vacant,1624.7503098200496,dhaka,"৳13,000,000","Section 11, Mirpur"
1500 Sq Ft Ready Flat For Sale In Uttara-13,2.7377432962866926,3.1457512921622413,5,vacant,1556.2928742490453,dhaka,"৳13,500,000","Sector 13, Uttara"
"Have a look at this plot which is up for sale located at Bproperty Village, Narayanganj",3.3639406735482402,3.0635048959562945,,vacant,789.3895555366769,narayanganj-city,"৳4,575,000","Rupganj, Narayanganj"
"1220 Square Feet Flat For Sale In Kandirpar With A Nice Neighborhood, To Relax By",2.619881179247254,2.8939103706706133,9,vacant,1949.5846163425867,cumilla,"৳4,636,000","AK Fazlul Haq Road, Kandirpar"
